customer_id,signup_date,signup_quarter,region,segment,plan,billing_cycle,acquisition_channel,engagement_score,monthly_price_usd,churn_month,churn_reason,risk_at_month_3,risk_at_month_12,status_month_3,status_month_12,months_billed,observed_revenue_12m_usd
RC-00001,2024-12-22,Q4 2024,Europe,Individual,Premium,Monthly,Paid Search,0.489,49,,,False,False,Active,Active,12,588
RC-00002,2024-04-25,Q2 2024,North America,Freelancer,Basic,Monthly,Organic,0.786,15,,,False,False,Active,Active,12,180
RC-00003,2024-05-09,Q2 2024,Asia-Pacific,Small Business,Premium,Monthly,Social,0.648,49,,,False,False,Active,Active,12,588
RC-00004,2024-11-05,Q4 2024,North America,Individual,Basic,Monthly,Referral,0.212,15,,,True,True,At risk,At risk,12,180
RC-00005,2024-08-15,Q3 2024,Europe,Individual,Enterprise,Annual,Social,0.766,75.65,,,False,False,Active,Renewed,12,907.8
RC-00006,2024-12-10,Q4 2024,Asia-Pacific,Small Business,Premium,Annual,Organic,0.79,41.65,,,False,False,Active,Renewed,12,499.8
RC-00007,2024-07-27,Q3 2024,North America,Small Business,Basic,Monthly,Referral,0.5,15,,,True,False,At risk,Active,12,180
RC-00008,2024-11-27,Q4 2024,Asia-Pacific,Individual,Basic,Annual,Paid Search,0.74,12.75,,,False,False,Active,Renewed,12,153.0
RC-00009,2024-11-13,Q4 2024,North America,Individual,Standard,Monthly,Organic,0.518,29,,,False,False,Active,Active,12,348
RC-00010,2024-07-03,Q3 2024,Asia-Pacific,Individual,Premium,Annual,Referral,0.181,41.65,,,True,True,At risk,At risk,12,499.8
RC-00011,2024-11-12,Q4 2024,Europe,Small Business,Standard,Monthly,Paid Search,0.389,29,,,False,False,Active,Active,12,348
RC-00012,2024-12-24,Q4 2024,Other,Individual,Standard,Annual,Referral,0.722,24.65,12,Price,False,False,Active,Churned,12,295.8
RC-00013,2024-05-06,Q2 2024,North America,Individual,Basic,Monthly,Paid Search,0.759,15,,,False,False,Active,Active,12,180
RC-00014,2024-12-06,Q4 2024,North America,Individual,Basic,Monthly,Organic,0.204,15,,,True,True,At risk,At risk,12,180
RC-00015,2024-05-23,Q2 2024,Other,Individual,Standard,Monthly,Paid Search,0.595,29,8,Price,False,False,Active,Churned,8,232
RC-00016,2024-02-19,Q1 2024,Asia-Pacific,Freelancer,Standard,Annual,Social,0.648,24.65,,,False,False,Active,Renewed,12,295.8
RC-00017,2024-01-08,Q1 2024,Other,Small Business,Premium,Monthly,Social,0.87,49,3,Low usage,False,False,Churned,Churned,3,147
RC-00018,2024-08-02,Q3 2024,North America,Freelancer,Standard,Monthly,Social,0.1,29,10,Price,True,False,At risk,Churned,10,290
RC-00019,2024-08-20,Q3 2024,North America,Individual,Standard,Monthly,Referral,0.637,29,,,False,False,Active,Active,12,348
RC-00020,2024-03-03,Q1 2024,North America,Team,Premium,Monthly,Referral,0.618,49,,,False,False,Active,Active,12,588
RC-00021,2024-05-16,Q2 2024,Other,Freelancer,Standard,Monthly,Social,0.41,29,,,False,False,Active,Active,12,348
RC-00022,2024-07-23,Q3 2024,North America,Individual,Premium,Monthly,Organic,0.299,49,,,True,True,At risk,At risk,12,588
RC-00023,2024-03-19,Q1 2024,Europe,Individual,Basic,Monthly,Referral,0.831,15,,,False,False,Active,Active,12,180
RC-00024,2024-12-04,Q4 2024,Europe,Team,Standard,Monthly,Paid Search,0.758,29,,,False,False,Active,Active,12,348
RC-00025,2024-10-08,Q4 2024,Asia-Pacific,Freelancer,Basic,Monthly,Social,0.579,15,,,False,False,Active,Active,12,180
RC-00026,2024-11-16,Q4 2024,North America,Individual,Enterprise,Annual,Referral,0.375,75.65,,,False,False,Active,Renewed,12,907.8
RC-00027,2024-12-05,Q4 2024,Europe,Individual,Premium,Monthly,Organic,0.358,49,1,Changed needs,False,False,Churned,Churned,1,49
RC-00028,2024-12-17,Q4 2024,North America,Individual,Basic,Monthly,Organic,0.556,15,,,False,False,Active,Active,12,180
RC-00029,2024-09-11,Q3 2024,North America,Individual,Premium,Monthly,Organic,0.37,49,,,False,True,Active,At risk,12,588
RC-00030,2024-08-05,Q3 2024,Asia-Pacific,Freelancer,Standard,Monthly,Referral,0.861,29,,,False,False,Active,Active,12,348
RC-00031,2024-11-01,Q4 2024,North America,Freelancer,Standard,Monthly,Paid Search,0.839,29,9,Alternative,False,False,Active,Churned,9,261
RC-00032,2024-01-18,Q1 2024,Europe,Individual,Standard,Monthly,Social,0.88,29,12,Product experience,False,False,Active,Churned,12,348
RC-00033,2024-04-27,Q2 2024,Asia-Pacific,Freelancer,Standard,Annual,Paid Search,0.64,24.65,,,False,False,Active,Renewed,12,295.8
RC-00034,2024-02-26,Q1 2024,North America,Small Business,Standard,Monthly,Organic,0.62,29,,,False,True,Active,At risk,12,348
RC-00035,2024-11-04,Q4 2024,Asia-Pacific,Freelancer,Standard,Annual,Organic,0.938,24.65,,,False,False,Active,Renewed,12,295.8
RC-00036,2024-08-14,Q3 2024,North America,Individual,Enterprise,Monthly,Organic,0.717,89,,,False,False,Active,Active,12,1068
RC-00037,2024-02-21,Q1 2024,Europe,Freelancer,Basic,Monthly,Paid Search,0.481,15,1,Alternative,False,False,Churned,Churned,1,15
RC-00038,2024-08-17,Q3 2024,Europe,Small Business,Standard,Monthly,Referral,0.253,29,,,True,True,At risk,At risk,12,348
RC-00039,2024-05-06,Q2 2024,Asia-Pacific,Freelancer,Standard,Monthly,Paid Search,0.477,29,,,False,False,Active,Active,12,348
RC-00040,2024-10-07,Q4 2024,Europe,Small Business,Standard,Monthly,Paid Search,0.247,29,2,Product experience,False,False,Churned,Churned,2,58
RC-00041,2024-11-01,Q4 2024,Europe,Individual,Basic,Annual,Paid Search,0.402,12.75,,,False,False,Active,Renewed,12,153.0
RC-00042,2024-03-21,Q1 2024,Asia-Pacific,Team,Standard,Annual,Paid Search,0.374,24.65,,,False,False,Active,Renewed,12,295.8
RC-00043,2024-10-05,Q4 2024,Europe,Team,Standard,Annual,Social,0.514,24.65,1,Price,False,False,Churned,Churned,1,24.65
RC-00044,2024-09-19,Q3 2024,Europe,Individual,Standard,Monthly,Paid Search,0.486,29,,,False,False,Active,Active,12,348
RC-00045,2024-10-19,Q4 2024,North America,Team,Premium,Monthly,Partner,0.613,49,,,False,False,Active,Active,12,588
RC-00046,2024-06-20,Q2 2024,North America,Team,Basic,Monthly,Organic,0.626,15,2,Price,False,False,Churned,Churned,2,30
RC-00047,2024-03-16,Q1 2024,Europe,Individual,Standard,Monthly,Social,0.718,29,,,False,False,Active,Active,12,348
RC-00048,2024-04-10,Q2 2024,Europe,Small Business,Basic,Monthly,Social,0.598,15,1,Product experience,False,False,Churned,Churned,1,15
RC-00049,2024-05-27,Q2 2024,Europe,Small Business,Standard,Annual,Organic,0.407,24.65,,,False,False,Active,Renewed,12,295.8
RC-00050,2024-05-27,Q2 2024,Other,Freelancer,Standard,Annual,Referral,0.894,24.65,,,False,False,Active,Renewed,12,295.8
RC-00051,2024-06-15,Q2 2024,Asia-Pacific,Individual,Basic,Monthly,Organic,0.799,15,,,False,False,Active,Active,12,180
RC-00052,2024-10-10,Q4 2024,North America,Individual,Standard,Monthly,Organic,0.51,29,,,False,False,Active,Active,12,348
RC-00053,2024-06-10,Q2 2024,Europe,Small Business,Standard,Monthly,Organic,0.674,29,,,False,False,Active,Active,12,348
RC-00054,2024-09-13,Q3 2024,North America,Freelancer,Enterprise,Annual,Paid Search,0.374,75.65,12,Product experience,False,False,Active,Churned,12,907.8
RC-00055,2024-06-21,Q2 2024,North America,Small Business,Basic,Monthly,Partner,0.925,15,9,Payment issue,False,False,Active,Churned,9,135
RC-00056,2024-11-19,Q4 2024,North America,Small Business,Standard,Annual,Organic,0.411,24.65,5,Price,False,False,Active,Churned,5,123.25
RC-00057,2024-10-10,Q4 2024,Other,Individual,Basic,Monthly,Organic,0.795,15,,,False,False,Active,Active,12,180
RC-00058,2024-08-20,Q3 2024,North America,Individual,Basic,Monthly,Organic,0.371,15,2,Alternative,False,False,Churned,Churned,2,30
RC-00059,2024-10-28,Q4 2024,North America,Individual,Premium,Annual,Organic,0.801,41.65,7,Alternative,False,False,Active,Churned,7,291.55
RC-00060,2024-05-18,Q2 2024,Europe,Small Business,Standard,Annual,Social,0.191,24.65,,,True,True,At risk,At risk,12,295.8
RC-00061,2024-12-26,Q4 2024,North America,Small Business,Premium,Monthly,Organic,0.581,49,,,False,False,Active,Active,12,588
RC-00062,2024-10-01,Q4 2024,North America,Individual,Standard,Monthly,Referral,0.464,29,9,Low usage,False,False,Active,Churned,9,261
RC-00063,2024-09-24,Q3 2024,Europe,Individual,Standard,Monthly,Social,0.412,29,,,False,True,Active,At risk,12,348
RC-00064,2024-11-14,Q4 2024,Asia-Pacific,Individual,Premium,Monthly,Social,0.654,49,,,False,False,Active,Active,12,588
RC-00065,2024-01-18,Q1 2024,North America,Individual,Basic,Monthly,Paid Search,0.483,15,,,False,False,Active,Active,12,180
RC-00066,2024-07-17,Q3 2024,Europe,Individual,Standard,Monthly,Referral,0.41,29,,,False,False,Active,Active,12,348
RC-00067,2024-10-21,Q4 2024,North America,Individual,Basic,Monthly,Paid Search,0.837,15,,,False,False,Active,Active,12,180
RC-00068,2024-11-05,Q4 2024,Other,Team,Basic,Annual,Referral,0.314,12.75,,,True,True,At risk,At risk,12,153.0
RC-00069,2024-02-27,Q1 2024,Europe,Individual,Premium,Annual,Referral,0.38,41.65,11,Low usage,False,False,Active,Churned,11,458.15
RC-00070,2024-01-10,Q1 2024,Europe,Freelancer,Standard,Monthly,Partner,0.57,29,,,True,False,At risk,Active,12,348
RC-00071,2024-11-22,Q4 2024,Asia-Pacific,Individual,Standard,Monthly,Social,0.86,29,,,False,False,Active,Active,12,348
RC-00072,2024-10-14,Q4 2024,Europe,Individual,Standard,Monthly,Paid Search,0.389,29,,,False,False,Active,Active,12,348
RC-00073,2024-07-02,Q3 2024,North America,Individual,Standard,Monthly,Referral,0.905,29,8,Price,False,False,Active,Churned,8,232
RC-00074,2024-02-10,Q1 2024,North America,Individual,Premium,Annual,Referral,0.58,41.65,,,False,False,Active,Renewed,12,499.8
RC-00075,2024-04-02,Q2 2024,Asia-Pacific,Small Business,Basic,Monthly,Referral,0.355,15,,,False,False,Active,Active,12,180
RC-00076,2024-10-03,Q4 2024,Other,Freelancer,Basic,Annual,Referral,0.604,12.75,,,False,False,Active,Renewed,12,153.0
RC-00077,2024-08-13,Q3 2024,North America,Individual,Standard,Monthly,Referral,0.545,29,,,False,False,Active,Active,12,348
RC-00078,2024-02-15,Q1 2024,Asia-Pacific,Individual,Premium,Monthly,Social,0.658,49,,,False,False,Active,Active,12,588
RC-00079,2024-02-20,Q1 2024,Europe,Individual,Basic,Monthly,Social,0.242,15,,,True,True,At risk,At risk,12,180
RC-00080,2024-03-13,Q1 2024,North America,Freelancer,Premium,Monthly,Referral,0.596,49,,,False,False,Active,Active,12,588
RC-00081,2024-01-28,Q1 2024,North America,Individual,Standard,Annual,Social,0.081,24.65,4,Changed needs,True,False,At risk,Churned,4,98.6
RC-00082,2024-02-13,Q1 2024,Asia-Pacific,Team,Basic,Annual,Paid Search,0.742,12.75,,,False,True,Active,At risk,12,153.0
RC-00083,2024-06-01,Q2 2024,Europe,Individual,Basic,Monthly,Referral,0.475,15,,,False,True,Active,At risk,12,180
RC-00084,2024-12-26,Q4 2024,North America,Freelancer,Premium,Annual,Organic,0.659,41.65,,,False,False,Active,Renewed,12,499.8
RC-00085,2024-10-18,Q4 2024,Europe,Individual,Basic,Monthly,Paid Search,0.55,15,2,Low usage,False,False,Churned,Churned,2,30
RC-00086,2024-12-17,Q4 2024,North America,Individual,Standard,Monthly,Paid Search,0.689,29,,,False,False,Active,Active,12,348
RC-00087,2024-09-20,Q3 2024,North America,Freelancer,Standard,Annual,Referral,0.741,24.65,,,False,False,Active,Renewed,12,295.8
RC-00088,2024-10-14,Q4 2024,North America,Individual,Standard,Annual,Social,0.357,24.65,,,True,False,At risk,Renewed,12,295.8
RC-00089,2024-10-11,Q4 2024,North America,Small Business,Basic,Monthly,Paid Search,0.895,15,,,False,False,Active,Active,12,180
RC-00090,2024-10-07,Q4 2024,North America,Individual,Standard,Annual,Social,0.269,24.65,,,True,True,At risk,At risk,12,295.8
RC-00091,2024-01-07,Q1 2024,Other,Individual,Standard,Monthly,Referral,0.676,29,,,True,False,At risk,Active,12,348
RC-00092,2024-02-08,Q1 2024,North America,Small Business,Premium,Monthly,Organic,0.854,49,,,False,False,Active,Active,12,588
RC-00093,2024-06-08,Q2 2024,Europe,Freelancer,Premium,Annual,Paid Search,0.701,41.65,,,False,True,Active,At risk,12,499.8
RC-00094,2024-11-06,Q4 2024,North America,Freelancer,Basic,Monthly,Social,0.437,15,4,Alternative,False,False,Active,Churned,4,60
RC-00095,2024-12-28,Q4 2024,Europe,Freelancer,Premium,Annual,Social,0.316,41.65,,,True,True,At risk,At risk,12,499.8
RC-00096,2024-01-23,Q1 2024,North America,Individual,Premium,Annual,Organic,0.498,41.65,7,Alternative,False,False,Active,Churned,7,291.55
RC-00097,2024-08-12,Q3 2024,Asia-Pacific,Individual,Premium,Annual,Paid Search,0.883,41.65,,,False,False,Active,Renewed,12,499.8
RC-00098,2024-11-20,Q4 2024,Other,Individual,Standard,Monthly,Paid Search,0.495,29,,,False,False,Active,Active,12,348
RC-00099,2024-04-13,Q2 2024,North America,Freelancer,Premium,Monthly,Paid Search,0.515,49,5,Price,False,False,Active,Churned,5,245
RC-00100,2024-06-27,Q2 2024,Europe,Small Business,Basic,Annual,Social,0.965,12.75,,,False,False,Active,Renewed,12,153.0
RC-00101,2024-09-03,Q3 2024,North America,Individual,Enterprise,Annual,Partner,0.39,75.65,,,False,False,Active,Renewed,12,907.8
RC-00102,2024-05-16,Q2 2024,Asia-Pacific,Individual,Basic,Monthly,Paid Search,0.453,15,,,False,False,Active,Active,12,180
RC-00103,2024-09-17,Q3 2024,North America,Individual,Premium,Monthly,Referral,0.736,49,6,Low usage,False,False,Active,Churned,6,294
RC-00104,2024-10-24,Q4 2024,Europe,Individual,Standard,Annual,Organic,0.662,24.65,,,False,False,Active,Renewed,12,295.8
RC-00105,2024-12-22,Q4 2024,Europe,Small Business,Premium,Annual,Paid Search,0.509,41.65,,,False,False,Active,Renewed,12,499.8
RC-00106,2024-07-19,Q3 2024,Other,Individual,Basic,Monthly,Paid Search,0.382,15,,,False,False,Active,Active,12,180
RC-00107,2024-11-15,Q4 2024,North America,Individual,Enterprise,Annual,Paid Search,0.826,75.65,,,False,True,Active,At risk,12,907.8
RC-00108,2024-02-04,Q1 2024,North America,Small Business,Basic,Monthly,Paid Search,0.83,15,10,Payment issue,False,False,Active,Churned,10,150
RC-00109,2024-04-04,Q2 2024,North America,Individual,Basic,Monthly,Organic,0.495,15,,,False,False,Active,Active,12,180
RC-00110,2024-12-03,Q4 2024,Asia-Pacific,Individual,Standard,Monthly,Paid Search,0.577,29,,,False,False,Active,Active,12,348
RC-00111,2024-07-16,Q3 2024,Asia-Pacific,Small Business,Premium,Annual,Referral,0.45,41.65,,,False,False,Active,Renewed,12,499.8
RC-00112,2024-08-06,Q3 2024,North America,Individual,Premium,Annual,Paid Search,0.547,41.65,,,False,False,Active,Renewed,12,499.8
RC-00113,2024-04-10,Q2 2024,Asia-Pacific,Small Business,Basic,Monthly,Referral,0.816,15,,,False,False,Active,Active,12,180
RC-00114,2024-07-16,Q3 2024,Asia-Pacific,Individual,Standard,Monthly,Referral,0.743,29,,,False,False,Active,Active,12,348
RC-00115,2024-07-28,Q3 2024,North America,Small Business,Standard,Monthly,Paid Search,0.728,29,,,False,False,Active,Active,12,348
RC-00116,2024-10-13,Q4 2024,Other,Individual,Basic,Annual,Organic,0.106,12.75,,,True,True,At risk,At risk,12,153.0
RC-00117,2024-12-15,Q4 2024,North America,Freelancer,Standard,Annual,Paid Search,0.383,24.65,,,False,False,Active,Renewed,12,295.8
RC-00118,2024-02-25,Q1 2024,Other,Team,Standard,Annual,Referral,0.852,24.65,,,False,False,Active,Renewed,12,295.8
RC-00119,2024-12-10,Q4 2024,North America,Freelancer,Premium,Annual,Paid Search,0.897,41.65,,,False,False,Active,Renewed,12,499.8
RC-00120,2024-11-21,Q4 2024,Europe,Individual,Standard,Monthly,Social,0.391,29,6,Low usage,False,False,Active,Churned,6,174
RC-00121,2024-09-13,Q3 2024,North America,Individual,Premium,Monthly,Paid Search,0.651,49,,,False,False,Active,Active,12,588
RC-00122,2024-01-01,Q1 2024,Other,Freelancer,Enterprise,Annual,Partner,0.281,75.65,,,True,True,At risk,At risk,12,907.8
RC-00123,2024-04-27,Q2 2024,North America,Team,Premium,Annual,Paid Search,0.418,41.65,,,True,False,At risk,Renewed,12,499.8
RC-00124,2024-06-11,Q2 2024,North America,Small Business,Standard,Monthly,Paid Search,0.504,29,,,False,False,Active,Active,12,348
RC-00125,2024-12-28,Q4 2024,North America,Individual,Basic,Monthly,Paid Search,0.396,15,4,Price,False,False,Active,Churned,4,60
RC-00126,2024-09-12,Q3 2024,Asia-Pacific,Individual,Standard,Annual,Referral,0.572,24.65,,,False,False,Active,Renewed,12,295.8
RC-00127,2024-12-15,Q4 2024,Asia-Pacific,Individual,Standard,Annual,Organic,0.546,24.65,,,False,False,Active,Renewed,12,295.8
RC-00128,2024-10-19,Q4 2024,North America,Freelancer,Standard,Monthly,Paid Search,0.731,29,4,Alternative,False,False,Active,Churned,4,116
RC-00129,2024-11-11,Q4 2024,North America,Individual,Standard,Monthly,Paid Search,0.252,29,,,True,True,At risk,At risk,12,348
RC-00130,2024-07-27,Q3 2024,North America,Small Business,Basic,Monthly,Referral,0.437,15,,,False,False,Active,Active,12,180
RC-00131,2024-11-14,Q4 2024,North America,Freelancer,Standard,Monthly,Organic,0.455,29,,,False,False,Active,Active,12,348
RC-00132,2024-10-28,Q4 2024,North America,Freelancer,Premium,Annual,Referral,0.682,41.65,,,True,False,At risk,Renewed,12,499.8
RC-00133,2024-02-25,Q1 2024,Other,Team,Standard,Monthly,Organic,0.777,29,,,False,False,Active,Active,12,348
RC-00134,2024-09-23,Q3 2024,Asia-Pacific,Individual,Premium,Monthly,Organic,0.165,49,1,Product experience,False,False,Churned,Churned,1,49
RC-00135,2024-03-06,Q1 2024,Europe,Individual,Premium,Annual,Organic,0.313,41.65,11,Price,True,False,At risk,Churned,11,458.15
RC-00136,2024-05-19,Q2 2024,Other,Individual,Basic,Monthly,Paid Search,0.201,15,,,True,True,At risk,At risk,12,180
RC-00137,2024-09-12,Q3 2024,North America,Individual,Basic,Monthly,Organic,0.784,15,9,Price,False,False,Active,Churned,9,135
RC-00138,2024-03-27,Q1 2024,North America,Individual,Premium,Monthly,Organic,0.831,49,,,False,False,Active,Active,12,588
RC-00139,2024-07-18,Q3 2024,North America,Individual,Premium,Monthly,Organic,0.497,49,,,False,False,Active,Active,12,588
RC-00140,2024-09-08,Q3 2024,Asia-Pacific,Individual,Premium,Annual,Paid Search,0.553,41.65,,,False,False,Active,Renewed,12,499.8
RC-00141,2024-04-10,Q2 2024,Other,Individual,Standard,Monthly,Partner,0.343,29,10,Price,False,False,Active,Churned,10,290
RC-00142,2024-11-22,Q4 2024,Asia-Pacific,Small Business,Basic,Monthly,Paid Search,0.888,15,,,False,False,Active,Active,12,180
RC-00143,2024-06-21,Q2 2024,North America,Small Business,Standard,Annual,Paid Search,0.485,24.65,,,False,False,Active,Renewed,12,295.8
RC-00144,2024-07-03,Q3 2024,Europe,Small Business,Premium,Monthly,Organic,0.531,49,,,False,False,Active,Active,12,588
RC-00145,2024-11-11,Q4 2024,Other,Freelancer,Standard,Monthly,Organic,0.302,29,2,Changed needs,False,False,Churned,Churned,2,58
RC-00146,2024-01-10,Q1 2024,Europe,Freelancer,Basic,Monthly,Organic,0.867,15,,,False,False,Active,Active,12,180
RC-00147,2024-07-23,Q3 2024,North America,Individual,Premium,Annual,Social,0.349,41.65,11,Alternative,False,False,Active,Churned,11,458.15
RC-00148,2024-03-03,Q1 2024,Other,Individual,Basic,Monthly,Paid Search,0.735,15,,,False,False,Active,Active,12,180
RC-00149,2024-10-22,Q4 2024,North America,Team,Standard,Annual,Paid Search,0.282,24.65,,,True,True,At risk,At risk,12,295.8
RC-00150,2024-12-09,Q4 2024,Asia-Pacific,Individual,Premium,Monthly,Paid Search,0.347,49,1,Price,False,False,Churned,Churned,1,49
RC-00151,2024-07-14,Q3 2024,Europe,Team,Premium,Annual,Social,0.953,41.65,,,False,False,Active,Renewed,12,499.8
RC-00152,2024-06-13,Q2 2024,North America,Individual,Basic,Monthly,Paid Search,0.58,15,,,False,False,Active,Active,12,180
RC-00153,2024-12-27,Q4 2024,Asia-Pacific,Individual,Basic,Annual,Social,0.202,12.75,,,True,True,At risk,At risk,12,153.0
RC-00154,2024-12-22,Q4 2024,Other,Small Business,Basic,Monthly,Organic,0.878,15,10,Alternative,False,False,Active,Churned,10,150
RC-00155,2024-01-03,Q1 2024,North America,Freelancer,Standard,Annual,Referral,0.674,24.65,,,False,True,Active,At risk,12,295.8
RC-00156,2024-05-28,Q2 2024,North America,Individual,Enterprise,Monthly,Organic,0.509,89,,,False,False,Active,Active,12,1068
RC-00157,2024-09-07,Q3 2024,North America,Small Business,Enterprise,Annual,Partner,0.716,75.65,,,False,False,Active,Renewed,12,907.8
RC-00158,2024-02-04,Q1 2024,North America,Freelancer,Basic,Monthly,Organic,0.877,15,,,False,False,Active,Active,12,180
RC-00159,2024-07-08,Q3 2024,Europe,Small Business,Standard,Monthly,Social,0.31,29,8,Alternative,True,False,At risk,Churned,8,232
RC-00160,2024-06-25,Q2 2024,Europe,Individual,Basic,Monthly,Paid Search,0.497,15,,,False,False,Active,Active,12,180
RC-00161,2024-09-02,Q3 2024,Other,Small Business,Basic,Monthly,Organic,0.591,15,10,Alternative,False,False,Active,Churned,10,150
RC-00162,2024-03-08,Q1 2024,North America,Freelancer,Standard,Monthly,Paid Search,0.285,29,,,True,True,At risk,At risk,12,348
RC-00163,2024-07-17,Q3 2024,North America,Individual,Basic,Monthly,Organic,0.619,15,,,False,False,Active,Active,12,180
RC-00164,2024-08-28,Q3 2024,North America,Freelancer,Basic,Annual,Organic,0.669,12.75,,,False,False,Active,Renewed,12,153.0
RC-00165,2024-07-22,Q3 2024,Asia-Pacific,Freelancer,Standard,Monthly,Social,0.716,29,,,False,False,Active,Active,12,348
RC-00166,2024-10-05,Q4 2024,Other,Small Business,Basic,Monthly,Organic,0.312,15,1,Alternative,False,False,Churned,Churned,1,15
RC-00167,2024-12-13,Q4 2024,Europe,Small Business,Basic,Monthly,Paid Search,0.43,15,6,Low usage,False,False,Active,Churned,6,90
RC-00168,2024-12-09,Q4 2024,North America,Individual,Basic,Monthly,Referral,0.289,15,,,True,True,At risk,At risk,12,180
RC-00169,2024-12-20,Q4 2024,Europe,Freelancer,Premium,Monthly,Social,0.751,49,,,False,False,Active,Active,12,588
RC-00170,2024-01-11,Q1 2024,Other,Individual,Basic,Monthly,Social,0.631,15,9,Price,False,False,Active,Churned,9,135
RC-00171,2024-06-01,Q2 2024,Europe,Individual,Enterprise,Annual,Social,0.223,75.65,,,True,True,At risk,At risk,12,907.8
RC-00172,2024-09-09,Q3 2024,Asia-Pacific,Small Business,Basic,Monthly,Organic,0.777,15,,,True,False,At risk,Active,12,180
RC-00173,2024-10-05,Q4 2024,North America,Small Business,Standard,Monthly,Referral,0.533,29,,,False,False,Active,Active,12,348
RC-00174,2024-12-14,Q4 2024,North America,Individual,Basic,Annual,Organic,0.629,12.75,6,Price,False,False,Active,Churned,6,76.5
RC-00175,2024-10-17,Q4 2024,Asia-Pacific,Small Business,Premium,Annual,Referral,0.562,41.65,,,False,False,Active,Renewed,12,499.8
RC-00176,2024-11-22,Q4 2024,Asia-Pacific,Freelancer,Standard,Monthly,Organic,0.32,29,,,True,True,At risk,At risk,12,348
RC-00177,2024-10-03,Q4 2024,North America,Freelancer,Premium,Annual,Paid Search,0.84,41.65,12,Low usage,False,False,Active,Churned,12,499.8
RC-00178,2024-04-15,Q2 2024,Europe,Individual,Standard,Monthly,Referral,0.767,29,,,False,False,Active,Active,12,348
RC-00179,2024-07-12,Q3 2024,North America,Individual,Standard,Monthly,Organic,0.771,29,,,False,False,Active,Active,12,348
RC-00180,2024-11-13,Q4 2024,North America,Freelancer,Standard,Monthly,Paid Search,0.547,29,,,False,True,Active,At risk,12,348
RC-00181,2024-11-09,Q4 2024,Europe,Individual,Basic,Monthly,Referral,0.396,15,,,False,True,Active,At risk,12,180
RC-00182,2024-05-17,Q2 2024,North America,Team,Basic,Monthly,Social,0.328,15,1,Alternative,False,False,Churned,Churned,1,15
RC-00183,2024-06-28,Q2 2024,Europe,Freelancer,Standard,Monthly,Referral,0.713,29,,,False,False,Active,Active,12,348
RC-00184,2024-06-07,Q2 2024,Asia-Pacific,Freelancer,Standard,Monthly,Organic,0.613,29,,,False,False,Active,Active,12,348
RC-00185,2024-01-10,Q1 2024,North America,Team,Basic,Monthly,Social,0.806,15,1,Alternative,False,False,Churned,Churned,1,15
RC-00186,2024-08-26,Q3 2024,Europe,Freelancer,Premium,Monthly,Partner,0.492,49,,,False,True,Active,At risk,12,588
RC-00187,2024-03-06,Q1 2024,North America,Individual,Basic,Monthly,Partner,0.741,15,,,False,False,Active,Active,12,180
RC-00188,2024-01-22,Q1 2024,Asia-Pacific,Individual,Standard,Annual,Social,0.824,24.65,,,False,False,Active,Renewed,12,295.8
RC-00189,2024-09-14,Q3 2024,Asia-Pacific,Individual,Standard,Monthly,Organic,0.431,29,,,False,False,Active,Active,12,348
RC-00190,2024-01-08,Q1 2024,Europe,Individual,Premium,Monthly,Paid Search,0.386,49,12,Low usage,True,False,At risk,Churned,12,588
RC-00191,2024-03-14,Q1 2024,North America,Small Business,Standard,Annual,Referral,0.403,24.65,,,False,False,Active,Renewed,12,295.8
RC-00192,2024-11-26,Q4 2024,Europe,Individual,Basic,Monthly,Organic,0.725,15,,,False,False,Active,Active,12,180
RC-00193,2024-10-21,Q4 2024,North America,Small Business,Standard,Monthly,Organic,0.484,29,,,False,False,Active,Active,12,348
RC-00194,2024-09-10,Q3 2024,Europe,Freelancer,Standard,Monthly,Social,0.707,29,,,False,False,Active,Active,12,348
RC-00195,2024-01-19,Q1 2024,North America,Individual,Basic,Monthly,Organic,0.661,15,,,False,False,Active,Active,12,180
RC-00196,2024-06-01,Q2 2024,Europe,Small Business,Standard,Annual,Paid Search,0.738,24.65,,,False,True,Active,At risk,12,295.8
RC-00197,2024-08-16,Q3 2024,North America,Individual,Basic,Monthly,Social,0.555,15,,,False,False,Active,Active,12,180
RC-00198,2024-06-28,Q2 2024,North America,Individual,Basic,Monthly,Paid Search,0.242,15,3,Price,False,False,Churned,Churned,3,45
RC-00199,2024-09-01,Q3 2024,Europe,Freelancer,Standard,Monthly,Organic,0.244,29,,,True,True,At risk,At risk,12,348
RC-00200,2024-09-20,Q3 2024,North America,Individual,Premium,Monthly,Social,0.19,49,,,True,True,At risk,At risk,12,588
RC-00201,2024-11-28,Q4 2024,North America,Small Business,Basic,Monthly,Referral,0.3,15,3,Price,False,False,Churned,Churned,3,45
RC-00202,2024-11-01,Q4 2024,North America,Small Business,Basic,Monthly,Social,0.86,15,,,False,True,Active,At risk,12,180
RC-00203,2024-07-10,Q3 2024,Europe,Individual,Premium,Annual,Social,0.266,41.65,5,Low usage,True,False,At risk,Churned,5,208.25
RC-00204,2024-08-23,Q3 2024,Europe,Individual,Basic,Monthly,Referral,0.836,15,,,False,False,Active,Active,12,180
RC-00205,2024-06-10,Q2 2024,North America,Freelancer,Premium,Annual,Partner,0.713,41.65,,,False,False,Active,Renewed,12,499.8
RC-00206,2024-12-03,Q4 2024,Europe,Individual,Premium,Monthly,Organic,0.396,49,9,Low usage,False,False,Active,Churned,9,441
RC-00207,2024-07-22,Q3 2024,North America,Small Business,Standard,Monthly,Social,0.989,29,,,False,False,Active,Active,12,348
RC-00208,2024-10-19,Q4 2024,North America,Individual,Basic,Monthly,Paid Search,0.745,15,,,False,False,Active,Active,12,180
RC-00209,2024-11-24,Q4 2024,North America,Individual,Premium,Monthly,Referral,0.813,49,,,False,False,Active,Active,12,588
RC-00210,2024-03-09,Q1 2024,Asia-Pacific,Individual,Basic,Monthly,Paid Search,0.668,15,,,True,False,At risk,Active,12,180
RC-00211,2024-11-25,Q4 2024,Europe,Freelancer,Standard,Monthly,Referral,0.677,29,,,False,False,Active,Active,12,348
RC-00212,2024-10-24,Q4 2024,Asia-Pacific,Individual,Premium,Monthly,Paid Search,0.397,49,3,Changed needs,False,False,Churned,Churned,3,147
RC-00213,2024-10-10,Q4 2024,Europe,Small Business,Standard,Annual,Paid Search,0.593,24.65,,,False,False,Active,Renewed,12,295.8
RC-00214,2024-07-15,Q3 2024,North America,Individual,Standard,Monthly,Organic,0.726,29,,,False,False,Active,Active,12,348
RC-00215,2024-09-15,Q3 2024,North America,Small Business,Standard,Monthly,Referral,0.782,29,,,False,False,Active,Active,12,348
RC-00216,2024-12-01,Q4 2024,Asia-Pacific,Individual,Basic,Monthly,Organic,0.882,15,,,False,False,Active,Active,12,180
RC-00217,2024-06-11,Q2 2024,Europe,Freelancer,Premium,Annual,Paid Search,0.729,41.65,,,False,False,Active,Renewed,12,499.8
RC-00218,2024-09-28,Q3 2024,North America,Individual,Premium,Monthly,Paid Search,0.66,49,,,False,False,Active,Active,12,588
RC-00219,2024-10-27,Q4 2024,Asia-Pacific,Small Business,Standard,Monthly,Referral,0.843,29,,,False,True,Active,At risk,12,348
RC-00220,2024-11-22,Q4 2024,Europe,Freelancer,Standard,Monthly,Referral,0.373,29,,,False,False,Active,Active,12,348
RC-00221,2024-06-08,Q2 2024,Europe,Freelancer,Basic,Annual,Referral,0.634,12.75,,,False,False,Active,Renewed,12,153.0
RC-00222,2024-01-27,Q1 2024,Other,Individual,Premium,Annual,Paid Search,0.871,41.65,,,True,False,At risk,Renewed,12,499.8
RC-00223,2024-07-02,Q3 2024,Other,Individual,Basic,Monthly,Referral,0.81,15,,,False,False,Active,Active,12,180
RC-00224,2024-12-26,Q4 2024,Other,Freelancer,Premium,Monthly,Social,0.633,49,,,False,False,Active,Active,12,588
RC-00225,2024-12-11,Q4 2024,North America,Individual,Basic,Monthly,Paid Search,0.766,15,,,False,False,Active,Active,12,180
RC-00226,2024-04-01,Q2 2024,North America,Individual,Standard,Monthly,Partner,0.677,29,6,Product experience,False,False,Active,Churned,6,174
RC-00227,2024-09-27,Q3 2024,North America,Small Business,Standard,Annual,Social,0.467,24.65,,,False,True,Active,At risk,12,295.8
RC-00228,2024-06-14,Q2 2024,Asia-Pacific,Individual,Standard,Monthly,Referral,0.719,29,,,False,False,Active,Active,12,348
RC-00229,2024-09-15,Q3 2024,North America,Freelancer,Basic,Monthly,Organic,0.473,15,,,False,False,Active,Active,12,180
RC-00230,2024-01-11,Q1 2024,Other,Freelancer,Basic,Monthly,Organic,0.6,15,,,False,False,Active,Active,12,180
RC-00231,2024-06-11,Q2 2024,Europe,Small Business,Basic,Monthly,Organic,0.595,15,,,False,False,Active,Active,12,180
RC-00232,2024-06-22,Q2 2024,North America,Freelancer,Basic,Monthly,Organic,0.898,15,,,False,False,Active,Active,12,180
RC-00233,2024-07-09,Q3 2024,North America,Freelancer,Premium,Monthly,Organic,0.896,49,,,False,False,Active,Active,12,588
RC-00234,2024-09-15,Q3 2024,Europe,Individual,Premium,Monthly,Organic,0.323,49,,,True,True,At risk,At risk,12,588
RC-00235,2024-02-06,Q1 2024,North America,Freelancer,Enterprise,Annual,Referral,0.591,75.65,,,False,False,Active,Renewed,12,907.8
RC-00236,2024-12-25,Q4 2024,Europe,Small Business,Standard,Monthly,Organic,0.18,29,,,True,True,At risk,At risk,12,348
RC-00237,2024-03-10,Q1 2024,Europe,Individual,Standard,Monthly,Social,0.228,29,6,Alternative,True,False,At risk,Churned,6,174
RC-00238,2024-04-11,Q2 2024,North America,Individual,Standard,Monthly,Organic,0.266,29,,,True,True,At risk,At risk,12,348
RC-00239,2024-05-18,Q2 2024,Europe,Individual,Standard,Monthly,Organic,0.833,29,8,Price,False,False,Active,Churned,8,232
RC-00240,2024-05-08,Q2 2024,Asia-Pacific,Individual,Basic,Monthly,Paid Search,0.594,15,,,True,False,At risk,Active,12,180
RC-00241,2024-11-07,Q4 2024,Asia-Pacific,Freelancer,Standard,Monthly,Social,0.159,29,8,Changed needs,True,False,At risk,Churned,8,232
RC-00242,2024-06-12,Q2 2024,North America,Small Business,Standard,Monthly,Referral,0.619,29,3,Price,False,False,Churned,Churned,3,87
RC-00243,2024-10-11,Q4 2024,North America,Individual,Standard,Monthly,Referral,0.683,29,6,Alternative,False,False,Active,Churned,6,174
RC-00244,2024-10-18,Q4 2024,North America,Individual,Premium,Monthly,Paid Search,0.21,49,,,True,True,At risk,At risk,12,588
RC-00245,2024-04-13,Q2 2024,Other,Freelancer,Standard,Monthly,Referral,0.629,29,,,False,False,Active,Active,12,348
RC-00246,2024-03-11,Q1 2024,Asia-Pacific,Individual,Premium,Annual,Partner,0.457,41.65,,,False,False,Active,Renewed,12,499.8
RC-00247,2024-03-22,Q1 2024,Europe,Freelancer,Basic,Monthly,Organic,0.5,15,,,False,False,Active,Active,12,180
RC-00248,2024-09-07,Q3 2024,North America,Individual,Basic,Monthly,Partner,0.145,15,,,True,True,At risk,At risk,12,180
RC-00249,2024-03-07,Q1 2024,North America,Individual,Premium,Monthly,Paid Search,0.52,49,,,False,False,Active,Active,12,588
RC-00250,2024-02-28,Q1 2024,Other,Individual,Premium,Annual,Social,0.434,41.65,12,Low usage,False,False,Active,Churned,12,499.8
RC-00251,2024-09-09,Q3 2024,North America,Freelancer,Enterprise,Monthly,Paid Search,0.793,89,,,False,False,Active,Active,12,1068
RC-00252,2024-10-11,Q4 2024,Europe,Small Business,Premium,Monthly,Paid Search,0.464,49,2,Low usage,False,False,Churned,Churned,2,98
RC-00253,2024-02-26,Q1 2024,Other,Small Business,Basic,Monthly,Organic,0.521,15,,,False,False,Active,Active,12,180
RC-00254,2024-12-13,Q4 2024,Europe,Small Business,Premium,Monthly,Partner,0.602,49,,,False,False,Active,Active,12,588
RC-00255,2024-03-28,Q1 2024,North America,Freelancer,Basic,Monthly,Referral,0.423,15,,,False,False,Active,Active,12,180
RC-00256,2024-06-11,Q2 2024,Asia-Pacific,Individual,Standard,Monthly,Organic,0.584,29,,,False,False,Active,Active,12,348
RC-00257,2024-09-03,Q3 2024,Other,Small Business,Standard,Monthly,Organic,0.74,29,,,False,False,Active,Active,12,348
RC-00258,2024-06-12,Q2 2024,North America,Small Business,Basic,Monthly,Social,0.282,15,9,Price,True,False,At risk,Churned,9,135
RC-00259,2024-05-27,Q2 2024,Asia-Pacific,Small Business,Premium,Monthly,Organic,0.365,49,,,False,False,Active,Active,12,588
RC-00260,2024-07-12,Q3 2024,North America,Individual,Standard,Monthly,Social,0.696,29,,,False,False,Active,Active,12,348
RC-00261,2024-09-01,Q3 2024,North America,Small Business,Premium,Annual,Organic,0.86,41.65,,,False,False,Active,Renewed,12,499.8
RC-00262,2024-12-25,Q4 2024,Other,Freelancer,Standard,Annual,Paid Search,0.837,24.65,,,False,True,Active,At risk,12,295.8
RC-00263,2024-10-28,Q4 2024,Europe,Team,Basic,Monthly,Social,0.544,15,,,False,False,Active,Active,12,180
RC-00264,2024-09-07,Q3 2024,Asia-Pacific,Individual,Enterprise,Monthly,Organic,0.769,89,,,False,False,Active,Active,12,1068
RC-00265,2024-05-11,Q2 2024,North America,Freelancer,Basic,Monthly,Organic,0.377,15,9,Low usage,False,False,Active,Churned,9,135
RC-00266,2024-06-21,Q2 2024,North America,Individual,Basic,Monthly,Partner,0.536,15,,,False,False,Active,Active,12,180
RC-00267,2024-07-24,Q3 2024,Other,Small Business,Premium,Monthly,Partner,0.742,49,,,False,False,Active,Active,12,588
RC-00268,2024-03-24,Q1 2024,Europe,Small Business,Premium,Monthly,Paid Search,0.704,49,,,False,False,Active,Active,12,588
RC-00269,2024-10-20,Q4 2024,Asia-Pacific,Individual,Standard,Monthly,Organic,0.7,29,,,False,False,Active,Active,12,348
RC-00270,2024-10-24,Q4 2024,North America,Individual,Basic,Monthly,Organic,0.624,15,1,Changed needs,False,False,Churned,Churned,1,15
RC-00271,2024-09-21,Q3 2024,Asia-Pacific,Individual,Basic,Monthly,Referral,0.826,15,,,True,False,At risk,Active,12,180
RC-00272,2024-06-23,Q2 2024,Asia-Pacific,Individual,Basic,Annual,Organic,0.749,12.75,,,False,False,Active,Renewed,12,153.0
RC-00273,2024-12-12,Q4 2024,Europe,Individual,Basic,Monthly,Partner,0.724,15,,,False,False,Active,Active,12,180
RC-00274,2024-05-20,Q2 2024,North America,Small Business,Basic,Monthly,Organic,0.732,15,,,False,False,Active,Active,12,180
RC-00275,2024-01-28,Q1 2024,North America,Individual,Basic,Monthly,Social,0.751,15,,,False,False,Active,Active,12,180
RC-00276,2024-02-21,Q1 2024,Asia-Pacific,Individual,Premium,Monthly,Social,0.83,49,,,False,False,Active,Active,12,588
RC-00277,2024-04-15,Q2 2024,Europe,Individual,Premium,Annual,Organic,0.946,41.65,,,False,False,Active,Renewed,12,499.8
RC-00278,2024-07-20,Q3 2024,Europe,Individual,Standard,Monthly,Referral,0.889,29,2,Low usage,False,False,Churned,Churned,2,58
RC-00279,2024-08-16,Q3 2024,North America,Individual,Premium,Monthly,Organic,0.537,49,,,False,False,Active,Active,12,588
RC-00280,2024-05-26,Q2 2024,Europe,Small Business,Basic,Monthly,Referral,0.837,15,4,Low usage,True,False,At risk,Churned,4,60
RC-00281,2024-07-25,Q3 2024,North America,Individual,Basic,Monthly,Social,0.47,15,6,Price,False,False,Active,Churned,6,90
RC-00282,2024-10-22,Q4 2024,North America,Individual,Standard,Monthly,Partner,0.554,29,,,False,True,Active,At risk,12,348
RC-00283,2024-02-22,Q1 2024,Other,Individual,Basic,Monthly,Social,0.65,15,7,Price,False,False,Active,Churned,7,105
RC-00284,2024-06-13,Q2 2024,Other,Individual,Basic,Monthly,Organic,0.657,15,,,False,False,Active,Active,12,180
RC-00285,2024-05-15,Q2 2024,Other,Individual,Standard,Annual,Organic,0.836,24.65,,,False,False,Active,Renewed,12,295.8
RC-00286,2024-10-23,Q4 2024,Asia-Pacific,Small Business,Basic,Monthly,Paid Search,0.21,15,,,True,True,At risk,At risk,12,180
RC-00287,2024-08-02,Q3 2024,Europe,Individual,Basic,Monthly,Referral,0.362,15,,,False,True,Active,At risk,12,180
RC-00288,2024-05-14,Q2 2024,Asia-Pacific,Freelancer,Standard,Monthly,Organic,0.512,29,2,Changed needs,False,False,Churned,Churned,2,58
RC-00289,2024-06-04,Q2 2024,North America,Individual,Standard,Annual,Paid Search,0.983,24.65,,,False,False,Active,Renewed,12,295.8
RC-00290,2024-08-07,Q3 2024,Asia-Pacific,Freelancer,Premium,Monthly,Organic,0.526,49,1,Price,False,False,Churned,Churned,1,49
RC-00291,2024-09-28,Q3 2024,Other,Small Business,Premium,Monthly,Organic,0.295,49,1,Alternative,False,False,Churned,Churned,1,49
RC-00292,2024-01-04,Q1 2024,North America,Individual,Enterprise,Monthly,Paid Search,0.498,89,,,False,False,Active,Active,12,1068
RC-00293,2024-06-19,Q2 2024,Asia-Pacific,Small Business,Basic,Monthly,Referral,0.754,15,3,Alternative,False,False,Churned,Churned,3,45
RC-00294,2024-06-11,Q2 2024,Other,Small Business,Premium,Monthly,Paid Search,0.918,49,,,True,False,At risk,Active,12,588
RC-00295,2024-12-03,Q4 2024,North America,Small Business,Premium,Monthly,Organic,0.78,49,,,False,False,Active,Active,12,588
RC-00296,2024-09-13,Q3 2024,North America,Small Business,Basic,Monthly,Organic,0.49,15,,,False,False,Active,Active,12,180
RC-00297,2024-01-21,Q1 2024,North America,Freelancer,Basic,Monthly,Partner,0.779,15,1,Product experience,False,False,Churned,Churned,1,15
RC-00298,2024-05-03,Q2 2024,Other,Individual,Standard,Monthly,Social,0.917,29,6,Product experience,False,False,Active,Churned,6,174
RC-00299,2024-11-07,Q4 2024,Europe,Freelancer,Standard,Monthly,Partner,0.546,29,,,False,False,Active,Active,12,348
RC-00300,2024-12-01,Q4 2024,North America,Individual,Standard,Annual,Social,0.41,24.65,1,Alternative,False,False,Churned,Churned,1,24.65
RC-00301,2024-03-01,Q1 2024,Asia-Pacific,Freelancer,Standard,Monthly,Paid Search,0.471,29,,,False,False,Active,Active,12,348
RC-00302,2024-07-23,Q3 2024,North America,Individual,Basic,Monthly,Paid Search,0.908,15,,,False,False,Active,Active,12,180
RC-00303,2024-09-16,Q3 2024,Other,Individual,Standard,Monthly,Referral,0.509,29,,,False,False,Active,Active,12,348
RC-00304,2024-07-09,Q3 2024,Asia-Pacific,Small Business,Basic,Monthly,Social,0.727,15,,,False,False,Active,Active,12,180
RC-00305,2024-08-14,Q3 2024,Europe,Individual,Premium,Monthly,Partner,0.566,49,,,False,False,Active,Active,12,588
RC-00306,2024-10-21,Q4 2024,Europe,Individual,Premium,Annual,Organic,0.356,41.65,,,True,False,At risk,Renewed,12,499.8
RC-00307,2024-10-11,Q4 2024,North America,Individual,Standard,Monthly,Social,0.076,29,,,True,True,At risk,At risk,12,348
RC-00308,2024-05-04,Q2 2024,Other,Small Business,Premium,Monthly,Paid Search,0.569,49,,,False,False,Active,Active,12,588
RC-00309,2024-01-02,Q1 2024,North America,Small Business,Standard,Monthly,Referral,0.896,29,,,False,False,Active,Active,12,348
RC-00310,2024-03-01,Q1 2024,Asia-Pacific,Individual,Standard,Annual,Paid Search,0.292,24.65,,,True,True,At risk,At risk,12,295.8
RC-00311,2024-11-11,Q4 2024,Asia-Pacific,Individual,Standard,Annual,Referral,0.489,24.65,4,Changed needs,True,False,At risk,Churned,4,98.6
RC-00312,2024-06-06,Q2 2024,North America,Individual,Enterprise,Annual,Referral,0.864,75.65,,,False,False,Active,Renewed,12,907.8
RC-00313,2024-03-07,Q1 2024,Europe,Individual,Basic,Monthly,Organic,0.454,15,,,False,False,Active,Active,12,180
RC-00314,2024-10-03,Q4 2024,North America,Individual,Basic,Monthly,Social,0.487,15,,,False,False,Active,Active,12,180
RC-00315,2024-10-11,Q4 2024,North America,Individual,Standard,Monthly,Paid Search,0.812,29,,,False,False,Active,Active,12,348
RC-00316,2024-10-14,Q4 2024,North America,Team,Standard,Annual,Organic,0.337,24.65,,,False,True,Active,At risk,12,295.8
RC-00317,2024-12-17,Q4 2024,Asia-Pacific,Individual,Basic,Monthly,Organic,0.43,15,1,Product experience,False,False,Churned,Churned,1,15
RC-00318,2024-06-23,Q2 2024,Asia-Pacific,Individual,Basic,Annual,Paid Search,0.284,12.75,1,Price,False,False,Churned,Churned,1,12.75
RC-00319,2024-06-20,Q2 2024,Other,Small Business,Premium,Monthly,Organic,0.655,49,,,False,False,Active,Active,12,588
RC-00320,2024-09-04,Q3 2024,Asia-Pacific,Small Business,Basic,Monthly,Paid Search,0.717,15,3,Low usage,False,False,Churned,Churned,3,45
RC-00321,2024-02-07,Q1 2024,Europe,Small Business,Standard,Monthly,Referral,0.496,29,,,False,False,Active,Active,12,348
RC-00322,2024-01-21,Q1 2024,Europe,Small Business,Standard,Annual,Organic,0.563,24.65,,,False,False,Active,Renewed,12,295.8
RC-00323,2024-07-11,Q3 2024,North America,Small Business,Basic,Monthly,Paid Search,0.901,15,,,False,False,Active,Active,12,180
RC-00324,2024-08-12,Q3 2024,North America,Freelancer,Standard,Monthly,Paid Search,0.315,29,,,True,True,At risk,At risk,12,348
RC-00325,2024-03-14,Q1 2024,Other,Small Business,Basic,Monthly,Referral,0.401,15,,,False,False,Active,Active,12,180
RC-00326,2024-07-15,Q3 2024,Asia-Pacific,Freelancer,Premium,Monthly,Organic,0.407,49,9,Price,False,False,Active,Churned,9,441
RC-00327,2024-11-04,Q4 2024,Other,Individual,Basic,Monthly,Paid Search,0.523,15,3,Changed needs,False,False,Churned,Churned,3,45
RC-00328,2024-10-04,Q4 2024,Other,Small Business,Premium,Monthly,Organic,0.49,49,,,False,False,Active,Active,12,588
RC-00329,2024-12-20,Q4 2024,Other,Freelancer,Basic,Monthly,Paid Search,0.386,15,,,False,False,Active,Active,12,180
RC-00330,2024-02-26,Q1 2024,Asia-Pacific,Individual,Standard,Monthly,Paid Search,0.268,29,,,True,True,At risk,At risk,12,348
RC-00331,2024-08-04,Q3 2024,Europe,Individual,Enterprise,Annual,Social,0.655,75.65,,,False,False,Active,Renewed,12,907.8
RC-00332,2024-05-17,Q2 2024,Other,Freelancer,Basic,Monthly,Paid Search,0.87,15,,,False,False,Active,Active,12,180
RC-00333,2024-11-09,Q4 2024,Asia-Pacific,Individual,Basic,Monthly,Organic,0.698,15,9,Price,False,False,Active,Churned,9,135
RC-00334,2024-05-25,Q2 2024,North America,Individual,Standard,Monthly,Organic,0.634,29,5,Low usage,False,False,Active,Churned,5,145
RC-00335,2024-09-19,Q3 2024,Europe,Team,Standard,Monthly,Referral,0.556,29,,,False,False,Active,Active,12,348
RC-00336,2024-05-26,Q2 2024,Asia-Pacific,Individual,Premium,Annual,Organic,0.526,41.65,,,False,False,Active,Renewed,12,499.8
RC-00337,2024-11-28,Q4 2024,Asia-Pacific,Freelancer,Standard,Monthly,Organic,0.793,29,,,False,False,Active,Active,12,348
RC-00338,2024-11-12,Q4 2024,Europe,Individual,Standard,Annual,Organic,0.826,24.65,,,False,False,Active,Renewed,12,295.8
RC-00339,2024-12-20,Q4 2024,North America,Individual,Standard,Monthly,Organic,0.225,29,,,True,True,At risk,At risk,12,348
RC-00340,2024-09-24,Q3 2024,Asia-Pacific,Freelancer,Basic,Monthly,Organic,0.374,15,,,False,False,Active,Active,12,180
RC-00341,2024-12-26,Q4 2024,Europe,Small Business,Premium,Monthly,Organic,0.594,49,,,True,False,At risk,Active,12,588
RC-00342,2024-02-13,Q1 2024,North America,Small Business,Premium,Annual,Organic,0.391,41.65,8,Alternative,False,False,Active,Churned,8,333.2
RC-00343,2024-09-16,Q3 2024,North America,Individual,Enterprise,Monthly,Referral,0.749,89,,,False,False,Active,Active,12,1068
RC-00344,2024-10-14,Q4 2024,Europe,Individual,Basic,Monthly,Paid Search,0.386,15,6,Alternative,False,False,Active,Churned,6,90
RC-00345,2024-10-02,Q4 2024,Asia-Pacific,Small Business,Basic,Annual,Paid Search,0.392,12.75,5,Alternative,True,False,At risk,Churned,5,63.75
RC-00346,2024-04-16,Q2 2024,North America,Small Business,Enterprise,Annual,Referral,0.173,75.65,,,True,True,At risk,At risk,12,907.8
RC-00347,2024-02-11,Q1 2024,North America,Individual,Standard,Annual,Organic,0.294,24.65,,,True,True,At risk,At risk,12,295.8
RC-00348,2024-10-02,Q4 2024,Europe,Individual,Standard,Monthly,Organic,0.658,29,,,False,False,Active,Active,12,348
RC-00349,2024-03-16,Q1 2024,North America,Small Business,Premium,Annual,Paid Search,0.396,41.65,,,False,False,Active,Renewed,12,499.8
RC-00350,2024-12-01,Q4 2024,North America,Individual,Standard,Monthly,Social,0.331,29,,,False,True,Active,At risk,12,348
RC-00351,2024-11-26,Q4 2024,Other,Individual,Basic,Monthly,Paid Search,0.523,15,5,Product experience,False,False,Active,Churned,5,75
RC-00352,2024-09-07,Q3 2024,Other,Individual,Standard,Monthly,Paid Search,0.838,29,,,False,True,Active,At risk,12,348
RC-00353,2024-02-12,Q1 2024,North America,Freelancer,Standard,Annual,Partner,0.872,24.65,6,Low usage,False,False,Active,Churned,6,147.9
RC-00354,2024-07-02,Q3 2024,North America,Small Business,Standard,Monthly,Referral,0.62,29,,,False,False,Active,Active,12,348
RC-00355,2024-06-23,Q2 2024,Other,Individual,Basic,Monthly,Referral,0.522,15,,,False,False,Active,Active,12,180
RC-00356,2024-03-13,Q1 2024,Asia-Pacific,Individual,Basic,Monthly,Social,0.737,15,,,False,False,Active,Active,12,180
RC-00357,2024-06-26,Q2 2024,North America,Individual,Premium,Monthly,Social,0.932,49,,,False,False,Active,Active,12,588
RC-00358,2024-10-15,Q4 2024,Europe,Freelancer,Basic,Annual,Organic,0.088,12.75,,,True,True,At risk,At risk,12,153.0
RC-00359,2024-11-04,Q4 2024,Asia-Pacific,Team,Standard,Annual,Organic,0.859,24.65,,,False,False,Active,Renewed,12,295.8
RC-00360,2024-06-18,Q2 2024,North America,Freelancer,Basic,Monthly,Paid Search,0.461,15,,,False,False,Active,Active,12,180
RC-00361,2024-08-17,Q3 2024,North America,Individual,Standard,Monthly,Organic,0.768,29,,,False,False,Active,Active,12,348
RC-00362,2024-04-19,Q2 2024,Europe,Individual,Basic,Monthly,Paid Search,0.471,15,1,Payment issue,False,False,Churned,Churned,1,15
RC-00363,2024-01-01,Q1 2024,Europe,Individual,Standard,Annual,Paid Search,0.451,24.65,,,False,False,Active,Renewed,12,295.8
RC-00364,2024-02-24,Q1 2024,Asia-Pacific,Individual,Basic,Monthly,Paid Search,0.497,15,1,Price,False,False,Churned,Churned,1,15
RC-00365,2024-07-04,Q3 2024,North America,Small Business,Standard,Monthly,Referral,0.72,29,,,False,False,Active,Active,12,348
RC-00366,2024-07-19,Q3 2024,Europe,Team,Enterprise,Annual,Referral,0.353,75.65,,,False,False,Active,Renewed,12,907.8
RC-00367,2024-12-27,Q4 2024,Europe,Individual,Premium,Monthly,Paid Search,0.492,49,,,False,False,Active,Active,12,588
RC-00368,2024-09-11,Q3 2024,Europe,Individual,Standard,Annual,Organic,0.639,24.65,,,False,False,Active,Renewed,12,295.8
RC-00369,2024-03-04,Q1 2024,North America,Individual,Premium,Monthly,Social,0.653,49,,,True,False,At risk,Active,12,588
RC-00370,2024-01-14,Q1 2024,North America,Small Business,Basic,Annual,Referral,0.665,12.75,,,False,False,Active,Renewed,12,153.0
RC-00371,2024-12-27,Q4 2024,Asia-Pacific,Individual,Premium,Monthly,Organic,0.582,49,8,Payment issue,False,False,Active,Churned,8,392
RC-00372,2024-06-13,Q2 2024,Asia-Pacific,Freelancer,Basic,Monthly,Social,0.358,15,9,Price,False,False,Active,Churned,9,135
RC-00373,2024-12-22,Q4 2024,Europe,Freelancer,Standard,Monthly,Partner,0.621,29,,,False,False,Active,Active,12,348
RC-00374,2024-02-10,Q1 2024,Asia-Pacific,Freelancer,Enterprise,Monthly,Organic,0.609,89,,,False,False,Active,Active,12,1068
RC-00375,2024-12-15,Q4 2024,Asia-Pacific,Individual,Standard,Monthly,Paid Search,0.488,29,,,False,False,Active,Active,12,348
RC-00376,2024-03-17,Q1 2024,Europe,Small Business,Basic,Monthly,Organic,0.717,15,7,Price,False,False,Active,Churned,7,105
RC-00377,2024-09-24,Q3 2024,Europe,Team,Standard,Annual,Referral,0.359,24.65,,,False,False,Active,Renewed,12,295.8
RC-00378,2024-05-02,Q2 2024,North America,Individual,Premium,Monthly,Organic,0.699,49,3,Price,False,False,Churned,Churned,3,147
RC-00379,2024-01-10,Q1 2024,Europe,Freelancer,Basic,Monthly,Social,0.88,15,,,False,False,Active,Active,12,180
RC-00380,2024-11-09,Q4 2024,Asia-Pacific,Freelancer,Basic,Monthly,Paid Search,0.88,15,,,False,False,Active,Active,12,180
RC-00381,2024-05-05,Q2 2024,Europe,Individual,Basic,Monthly,Referral,0.859,15,,,False,False,Active,Active,12,180
RC-00382,2024-05-01,Q2 2024,Europe,Small Business,Premium,Annual,Organic,0.316,41.65,,,True,True,At risk,At risk,12,499.8
RC-00383,2024-01-07,Q1 2024,North America,Small Business,Premium,Monthly,Paid Search,0.545,49,,,False,False,Active,Active,12,588
RC-00384,2024-02-25,Q1 2024,Asia-Pacific,Individual,Enterprise,Monthly,Social,0.119,89,,,True,True,At risk,At risk,12,1068
RC-00385,2024-10-22,Q4 2024,North America,Individual,Enterprise,Monthly,Paid Search,0.889,89,4,Price,False,False,Active,Churned,4,356
RC-00386,2024-01-12,Q1 2024,Asia-Pacific,Freelancer,Premium,Annual,Paid Search,0.318,41.65,,,True,True,At risk,At risk,12,499.8
RC-00387,2024-02-28,Q1 2024,Europe,Small Business,Enterprise,Annual,Paid Search,0.345,75.65,,,False,False,Active,Renewed,12,907.8
RC-00388,2024-04-27,Q2 2024,North America,Individual,Enterprise,Annual,Paid Search,0.496,75.65,12,Price,False,False,Active,Churned,12,907.8
RC-00389,2024-06-16,Q2 2024,Europe,Freelancer,Enterprise,Annual,Partner,0.387,75.65,,,False,False,Active,Renewed,12,907.8
RC-00390,2024-08-07,Q3 2024,North America,Freelancer,Premium,Monthly,Paid Search,0.304,49,,,True,True,At risk,At risk,12,588
RC-00391,2024-07-06,Q3 2024,Europe,Individual,Basic,Monthly,Organic,0.705,15,,,False,False,Active,Active,12,180
RC-00392,2024-05-12,Q2 2024,North America,Small Business,Standard,Monthly,Social,0.642,29,,,False,False,Active,Active,12,348
RC-00393,2024-05-07,Q2 2024,North America,Freelancer,Standard,Annual,Paid Search,0.307,24.65,,,True,True,At risk,At risk,12,295.8
RC-00394,2024-11-27,Q4 2024,Other,Individual,Premium,Monthly,Partner,0.673,49,,,True,False,At risk,Active,12,588
RC-00395,2024-08-15,Q3 2024,Asia-Pacific,Freelancer,Basic,Monthly,Organic,0.917,15,,,False,False,Active,Active,12,180
RC-00396,2024-10-09,Q4 2024,Europe,Small Business,Basic,Monthly,Organic,0.835,15,,,False,False,Active,Active,12,180
RC-00397,2024-04-25,Q2 2024,Europe,Individual,Basic,Monthly,Paid Search,0.426,15,,,True,False,At risk,Active,12,180
RC-00398,2024-05-26,Q2 2024,North America,Small Business,Basic,Annual,Paid Search,0.545,12.75,1,Alternative,False,False,Churned,Churned,1,12.75
RC-00399,2024-07-23,Q3 2024,Asia-Pacific,Individual,Basic,Monthly,Paid Search,0.544,15,,,False,False,Active,Active,12,180
RC-00400,2024-01-27,Q1 2024,Europe,Individual,Enterprise,Annual,Referral,0.797,75.65,,,False,True,Active,At risk,12,907.8
RC-00401,2024-04-13,Q2 2024,Asia-Pacific,Team,Premium,Annual,Paid Search,0.201,41.65,,,True,True,At risk,At risk,12,499.8
RC-00402,2024-10-28,Q4 2024,North America,Individual,Basic,Annual,Paid Search,0.343,12.75,,,False,False,Active,Renewed,12,153.0
RC-00403,2024-06-05,Q2 2024,Europe,Freelancer,Standard,Annual,Organic,0.783,24.65,,,False,False,Active,Renewed,12,295.8
RC-00404,2024-11-22,Q4 2024,North America,Individual,Basic,Monthly,Social,0.333,15,,,False,True,Active,At risk,12,180
RC-00405,2024-12-19,Q4 2024,North America,Individual,Standard,Monthly,Organic,0.559,29,,,False,False,Active,Active,12,348
RC-00406,2024-07-28,Q3 2024,Europe,Small Business,Premium,Monthly,Organic,0.817,49,,,False,False,Active,Active,12,588
RC-00407,2024-12-06,Q4 2024,North America,Individual,Basic,Monthly,Paid Search,0.504,15,,,False,False,Active,Active,12,180
RC-00408,2024-01-13,Q1 2024,North America,Freelancer,Premium,Annual,Referral,0.767,41.65,,,False,False,Active,Renewed,12,499.8
RC-00409,2024-08-02,Q3 2024,North America,Small Business,Basic,Monthly,Referral,0.269,15,,,True,True,At risk,At risk,12,180
RC-00410,2024-01-18,Q1 2024,Europe,Individual,Standard,Monthly,Paid Search,0.614,29,1,Changed needs,False,False,Churned,Churned,1,29
RC-00411,2024-07-06,Q3 2024,Other,Individual,Basic,Monthly,Referral,0.29,15,,,True,True,At risk,At risk,12,180
RC-00412,2024-04-09,Q2 2024,North America,Freelancer,Basic,Monthly,Referral,0.657,15,6,Product experience,False,False,Active,Churned,6,90
RC-00413,2024-05-28,Q2 2024,Asia-Pacific,Individual,Standard,Monthly,Paid Search,0.612,29,,,False,False,Active,Active,12,348
RC-00414,2024-11-05,Q4 2024,Europe,Individual,Basic,Annual,Social,0.754,12.75,,,False,False,Active,Renewed,12,153.0
RC-00415,2024-09-27,Q3 2024,Other,Individual,Premium,Annual,Organic,0.557,41.65,,,False,False,Active,Renewed,12,499.8
RC-00416,2024-05-01,Q2 2024,North America,Freelancer,Enterprise,Annual,Organic,0.857,75.65,,,False,False,Active,Renewed,12,907.8
RC-00417,2024-06-23,Q2 2024,North America,Small Business,Standard,Monthly,Paid Search,0.94,29,,,False,False,Active,Active,12,348
RC-00418,2024-11-23,Q4 2024,Asia-Pacific,Individual,Premium,Monthly,Referral,0.476,49,,,False,False,Active,Active,12,588
RC-00419,2024-11-13,Q4 2024,Asia-Pacific,Small Business,Basic,Monthly,Referral,0.473,15,,,False,False,Active,Active,12,180
RC-00420,2024-09-26,Q3 2024,Europe,Small Business,Basic,Monthly,Referral,0.44,15,,,False,False,Active,Active,12,180
RC-00421,2024-10-21,Q4 2024,North America,Small Business,Basic,Annual,Referral,0.595,12.75,12,Low usage,False,False,Active,Churned,12,153.0
RC-00422,2024-06-15,Q2 2024,Asia-Pacific,Team,Basic,Monthly,Social,0.38,15,,,False,False,Active,Active,12,180
RC-00423,2024-11-12,Q4 2024,North America,Team,Basic,Monthly,Organic,0.401,15,,,False,False,Active,Active,12,180
RC-00424,2024-11-11,Q4 2024,North America,Individual,Standard,Annual,Paid Search,0.575,24.65,,,False,False,Active,Renewed,12,295.8
RC-00425,2024-09-20,Q3 2024,Europe,Small Business,Standard,Monthly,Social,0.366,29,,,False,False,Active,Active,12,348
RC-00426,2024-11-28,Q4 2024,Europe,Individual,Basic,Monthly,Paid Search,0.604,15,11,Low usage,False,False,Active,Churned,11,165
RC-00427,2024-06-16,Q2 2024,Europe,Team,Basic,Monthly,Referral,0.143,15,,,True,True,At risk,At risk,12,180
RC-00428,2024-02-18,Q1 2024,Europe,Small Business,Basic,Monthly,Social,0.82,15,,,False,False,Active,Active,12,180
RC-00429,2024-03-12,Q1 2024,Asia-Pacific,Individual,Basic,Monthly,Organic,0.528,15,,,False,False,Active,Active,12,180
RC-00430,2024-07-07,Q3 2024,Asia-Pacific,Individual,Standard,Monthly,Organic,0.614,29,,,True,False,At risk,Active,12,348
RC-00431,2024-02-02,Q1 2024,North America,Freelancer,Basic,Annual,Paid Search,0.367,12.75,9,Alternative,False,False,Active,Churned,9,114.75
RC-00432,2024-09-08,Q3 2024,North America,Freelancer,Basic,Monthly,Paid Search,0.637,15,7,Alternative,False,False,Active,Churned,7,105
RC-00433,2024-08-18,Q3 2024,Europe,Freelancer,Basic,Monthly,Social,0.808,15,,,False,False,Active,Active,12,180
RC-00434,2024-05-17,Q2 2024,North America,Small Business,Basic,Monthly,Organic,0.57,15,,,False,False,Active,Active,12,180
RC-00435,2024-03-22,Q1 2024,Europe,Team,Standard,Monthly,Social,0.304,29,,,True,True,At risk,At risk,12,348
RC-00436,2024-11-05,Q4 2024,North America,Individual,Premium,Monthly,Partner,0.461,49,,,False,False,Active,Active,12,588
RC-00437,2024-09-24,Q3 2024,North America,Individual,Standard,Monthly,Partner,0.748,29,2,Price,False,False,Churned,Churned,2,58
RC-00438,2024-01-20,Q1 2024,North America,Freelancer,Standard,Annual,Organic,0.452,24.65,,,False,False,Active,Renewed,12,295.8
RC-00439,2024-12-20,Q4 2024,Asia-Pacific,Individual,Standard,Monthly,Referral,0.507,29,,,False,False,Active,Active,12,348
RC-00440,2024-06-28,Q2 2024,North America,Small Business,Premium,Monthly,Paid Search,0.764,49,,,False,False,Active,Active,12,588
RC-00441,2024-04-22,Q2 2024,Europe,Small Business,Premium,Annual,Referral,0.384,41.65,,,False,True,Active,At risk,12,499.8
RC-00442,2024-11-03,Q4 2024,Other,Small Business,Basic,Monthly,Organic,0.439,15,,,False,False,Active,Active,12,180
RC-00443,2024-12-10,Q4 2024,North America,Small Business,Basic,Monthly,Referral,0.827,15,,,False,False,Active,Active,12,180
RC-00444,2024-02-07,Q1 2024,Asia-Pacific,Individual,Basic,Monthly,Paid Search,0.562,15,,,False,False,Active,Active,12,180
RC-00445,2024-07-15,Q3 2024,Other,Freelancer,Premium,Monthly,Referral,0.836,49,,,False,False,Active,Active,12,588
RC-00446,2024-11-04,Q4 2024,North America,Team,Premium,Annual,Organic,0.741,41.65,,,False,False,Active,Renewed,12,499.8
RC-00447,2024-04-14,Q2 2024,Asia-Pacific,Individual,Enterprise,Annual,Organic,0.274,75.65,,,True,True,At risk,At risk,12,907.8
RC-00448,2024-10-09,Q4 2024,North America,Individual,Standard,Monthly,Partner,0.698,29,,,False,False,Active,Active,12,348
RC-00449,2024-12-20,Q4 2024,Europe,Freelancer,Basic,Monthly,Referral,0.7,15,,,True,False,At risk,Active,12,180
RC-00450,2024-02-11,Q1 2024,Europe,Individual,Basic,Monthly,Organic,0.544,15,,,False,False,Active,Active,12,180
RC-00451,2024-11-16,Q4 2024,North America,Individual,Enterprise,Annual,Referral,0.277,75.65,,,True,True,At risk,At risk,12,907.8
RC-00452,2024-06-25,Q2 2024,Europe,Team,Basic,Annual,Organic,0.826,12.75,,,False,False,Active,Renewed,12,153.0
RC-00453,2024-10-07,Q4 2024,North America,Small Business,Standard,Monthly,Organic,0.772,29,,,False,False,Active,Active,12,348
RC-00454,2024-07-24,Q3 2024,Europe,Small Business,Basic,Monthly,Social,0.471,15,,,False,False,Active,Active,12,180
RC-00455,2024-11-23,Q4 2024,Asia-Pacific,Freelancer,Enterprise,Annual,Organic,0.424,75.65,9,Price,False,False,Active,Churned,9,680.85
RC-00456,2024-09-15,Q3 2024,North America,Individual,Basic,Monthly,Referral,0.65,15,4,Product experience,False,False,Active,Churned,4,60
RC-00457,2024-10-28,Q4 2024,Europe,Individual,Basic,Monthly,Social,0.631,15,,,False,False,Active,Active,12,180
RC-00458,2024-05-26,Q2 2024,Asia-Pacific,Small Business,Basic,Monthly,Organic,0.45,15,,,False,False,Active,Active,12,180
RC-00459,2024-06-18,Q2 2024,Asia-Pacific,Individual,Premium,Annual,Organic,0.683,41.65,,,False,False,Active,Renewed,12,499.8
RC-00460,2024-10-09,Q4 2024,North America,Individual,Standard,Annual,Social,0.401,24.65,,,True,False,At risk,Renewed,12,295.8
RC-00461,2024-01-24,Q1 2024,Europe,Freelancer,Basic,Monthly,Organic,0.945,15,,,False,False,Active,Active,12,180
RC-00462,2024-01-28,Q1 2024,Europe,Small Business,Premium,Monthly,Organic,0.748,49,,,False,False,Active,Active,12,588
RC-00463,2024-06-19,Q2 2024,North America,Individual,Basic,Annual,Paid Search,0.273,12.75,,,True,True,At risk,At risk,12,153.0
RC-00464,2024-01-13,Q1 2024,North America,Individual,Premium,Annual,Referral,0.126,41.65,,,True,True,At risk,At risk,12,499.8
RC-00465,2024-12-13,Q4 2024,Europe,Freelancer,Standard,Monthly,Referral,0.715,29,6,Price,False,False,Active,Churned,6,174
RC-00466,2024-08-19,Q3 2024,North America,Small Business,Basic,Monthly,Organic,0.596,15,,,False,False,Active,Active,12,180
RC-00467,2024-11-21,Q4 2024,Asia-Pacific,Team,Standard,Monthly,Social,0.613,29,,,False,False,Active,Active,12,348
RC-00468,2024-02-05,Q1 2024,Asia-Pacific,Freelancer,Standard,Monthly,Partner,0.631,29,,,False,False,Active,Active,12,348
RC-00469,2024-03-21,Q1 2024,Europe,Small Business,Standard,Annual,Paid Search,0.716,24.65,,,False,False,Active,Renewed,12,295.8
RC-00470,2024-03-23,Q1 2024,Europe,Individual,Enterprise,Annual,Paid Search,0.814,75.65,,,False,True,Active,At risk,12,907.8
RC-00471,2024-12-02,Q4 2024,Europe,Individual,Basic,Monthly,Organic,0.375,15,,,False,False,Active,Active,12,180
RC-00472,2024-01-01,Q1 2024,North America,Individual,Premium,Annual,Organic,0.37,41.65,,,False,False,Active,Renewed,12,499.8
RC-00473,2024-04-28,Q2 2024,Asia-Pacific,Small Business,Standard,Monthly,Paid Search,0.653,29,,,False,False,Active,Active,12,348
RC-00474,2024-09-22,Q3 2024,Asia-Pacific,Small Business,Standard,Annual,Organic,0.672,24.65,,,False,False,Active,Renewed,12,295.8
RC-00475,2024-08-19,Q3 2024,North America,Individual,Standard,Monthly,Referral,0.423,29,8,Price,False,False,Active,Churned,8,232
RC-00476,2024-03-02,Q1 2024,North America,Individual,Basic,Monthly,Social,0.375,15,,,False,True,Active,At risk,12,180
RC-00477,2024-01-09,Q1 2024,Asia-Pacific,Freelancer,Basic,Monthly,Organic,0.346,15,,,False,False,Active,Active,12,180
RC-00478,2024-04-11,Q2 2024,Asia-Pacific,Freelancer,Basic,Monthly,Referral,0.318,15,3,Price,False,False,Churned,Churned,3,45
RC-00479,2024-04-21,Q2 2024,North America,Small Business,Basic,Monthly,Partner,0.923,15,,,False,False,Active,Active,12,180
RC-00480,2024-03-20,Q1 2024,Europe,Individual,Basic,Annual,Paid Search,0.648,12.75,,,False,False,Active,Renewed,12,153.0
RC-00481,2024-12-10,Q4 2024,Europe,Small Business,Standard,Monthly,Social,0.963,29,,,False,False,Active,Active,12,348
RC-00482,2024-02-05,Q1 2024,Asia-Pacific,Individual,Basic,Monthly,Organic,0.4,15,2,Price,False,False,Churned,Churned,2,30
RC-00483,2024-01-04,Q1 2024,Europe,Freelancer,Standard,Monthly,Paid Search,0.139,29,,,True,True,At risk,At risk,12,348
RC-00484,2024-10-28,Q4 2024,Other,Small Business,Basic,Monthly,Social,0.969,15,,,False,False,Active,Active,12,180
RC-00485,2024-03-19,Q1 2024,North America,Team,Standard,Annual,Organic,0.511,24.65,,,False,False,Active,Renewed,12,295.8
RC-00486,2024-10-25,Q4 2024,North America,Freelancer,Basic,Annual,Social,0.829,12.75,,,False,False,Active,Renewed,12,153.0
RC-00487,2024-06-09,Q2 2024,Europe,Individual,Standard,Annual,Referral,0.524,24.65,,,False,False,Active,Renewed,12,295.8
RC-00488,2024-09-03,Q3 2024,North America,Individual,Standard,Monthly,Organic,0.615,29,,,False,True,Active,At risk,12,348
RC-00489,2024-11-22,Q4 2024,Asia-Pacific,Small Business,Standard,Monthly,Paid Search,0.686,29,,,False,False,Active,Active,12,348
RC-00490,2024-01-28,Q1 2024,Europe,Freelancer,Basic,Monthly,Organic,0.518,15,,,False,False,Active,Active,12,180
RC-00491,2024-04-26,Q2 2024,North America,Individual,Basic,Annual,Paid Search,0.54,12.75,,,False,False,Active,Renewed,12,153.0
RC-00492,2024-09-27,Q3 2024,Asia-Pacific,Small Business,Basic,Monthly,Paid Search,0.864,15,,,False,False,Active,Active,12,180
RC-00493,2024-09-22,Q3 2024,Other,Small Business,Basic,Monthly,Organic,0.637,15,9,Price,False,False,Active,Churned,9,135
RC-00494,2024-05-19,Q2 2024,North America,Individual,Premium,Annual,Organic,0.704,41.65,,,False,True,Active,At risk,12,499.8
RC-00495,2024-12-02,Q4 2024,Asia-Pacific,Individual,Standard,Monthly,Organic,0.314,29,,,True,True,At risk,At risk,12,348
RC-00496,2024-04-16,Q2 2024,Asia-Pacific,Small Business,Premium,Monthly,Referral,0.343,49,,,False,False,Active,Active,12,588
RC-00497,2024-02-16,Q1 2024,North America,Small Business,Premium,Monthly,Paid Search,0.167,49,,,True,True,At risk,At risk,12,588
RC-00498,2024-12-23,Q4 2024,North America,Team,Standard,Monthly,Paid Search,0.924,29,,,False,False,Active,Active,12,348
RC-00499,2024-08-02,Q3 2024,Europe,Small Business,Basic,Monthly,Organic,0.33,15,,,True,True,At risk,At risk,12,180
RC-00500,2024-07-15,Q3 2024,Other,Team,Basic,Annual,Organic,0.457,12.75,,,False,False,Active,Renewed,12,153.0
RC-00501,2024-06-27,Q2 2024,Europe,Freelancer,Standard,Monthly,Referral,0.576,29,1,Payment issue,False,False,Churned,Churned,1,29
RC-00502,2024-04-17,Q2 2024,North America,Team,Premium,Annual,Paid Search,0.423,41.65,,,False,False,Active,Renewed,12,499.8
RC-00503,2024-07-12,Q3 2024,North America,Freelancer,Standard,Monthly,Social,0.783,29,,,False,False,Active,Active,12,348
RC-00504,2024-02-05,Q1 2024,Europe,Small Business,Basic,Monthly,Paid Search,0.735,15,10,Alternative,False,False,Active,Churned,10,150
RC-00505,2024-03-06,Q1 2024,Asia-Pacific,Small Business,Basic,Annual,Organic,0.572,12.75,,,False,False,Active,Renewed,12,153.0
RC-00506,2024-09-26,Q3 2024,North America,Small Business,Standard,Monthly,Paid Search,0.365,29,2,Product experience,False,False,Churned,Churned,2,58
RC-00507,2024-03-06,Q1 2024,Asia-Pacific,Small Business,Premium,Annual,Referral,0.849,41.65,,,False,False,Active,Renewed,12,499.8
RC-00508,2024-01-12,Q1 2024,North America,Freelancer,Enterprise,Monthly,Paid Search,0.481,89,,,False,False,Active,Active,12,1068
RC-00509,2024-10-28,Q4 2024,Other,Small Business,Basic,Monthly,Paid Search,0.728,15,,,False,False,Active,Active,12,180
RC-00510,2024-01-17,Q1 2024,North America,Individual,Premium,Monthly,Partner,0.394,49,,,False,False,Active,Active,12,588
RC-00511,2024-05-17,Q2 2024,Other,Individual,Basic,Monthly,Organic,0.324,15,,,True,True,At risk,At risk,12,180
RC-00512,2024-07-08,Q3 2024,North America,Individual,Basic,Annual,Paid Search,0.329,12.75,,,True,True,At risk,At risk,12,153.0
RC-00513,2024-09-10,Q3 2024,North America,Individual,Standard,Monthly,Referral,0.692,29,3,Alternative,False,False,Churned,Churned,3,87
RC-00514,2024-11-23,Q4 2024,North America,Individual,Standard,Monthly,Referral,0.397,29,,,False,False,Active,Active,12,348
RC-00515,2024-11-09,Q4 2024,North America,Individual,Standard,Annual,Paid Search,0.751,24.65,2,Low usage,False,False,Churned,Churned,2,49.3
RC-00516,2024-10-01,Q4 2024,Other,Individual,Basic,Monthly,Referral,0.378,15,,,False,False,Active,Active,12,180
RC-00517,2024-06-11,Q2 2024,North America,Individual,Standard,Monthly,Social,0.477,29,,,False,False,Active,Active,12,348
RC-00518,2024-07-19,Q3 2024,North America,Freelancer,Basic,Monthly,Referral,0.761,15,8,Price,False,False,Active,Churned,8,120
RC-00519,2024-12-01,Q4 2024,Asia-Pacific,Freelancer,Basic,Monthly,Organic,0.522,15,12,Alternative,False,False,Active,Churned,12,180
RC-00520,2024-09-19,Q3 2024,North America,Individual,Enterprise,Monthly,Referral,0.856,89,,,False,True,Active,At risk,12,1068
RC-00521,2024-02-13,Q1 2024,North America,Small Business,Standard,Annual,Organic,0.591,24.65,,,False,False,Active,Renewed,12,295.8
RC-00522,2024-01-03,Q1 2024,Asia-Pacific,Small Business,Basic,Monthly,Partner,0.234,15,2,Alternative,False,False,Churned,Churned,2,30
RC-00523,2024-03-02,Q1 2024,Europe,Individual,Standard,Monthly,Referral,0.804,29,,,False,False,Active,Active,12,348
RC-00524,2024-07-26,Q3 2024,North America,Individual,Premium,Monthly,Paid Search,0.651,49,,,False,False,Active,Active,12,588
RC-00525,2024-04-06,Q2 2024,Other,Team,Premium,Annual,Social,0.99,41.65,,,False,False,Active,Renewed,12,499.8
RC-00526,2024-04-28,Q2 2024,North America,Individual,Premium,Annual,Referral,0.552,41.65,,,False,False,Active,Renewed,12,499.8
RC-00527,2024-04-11,Q2 2024,Asia-Pacific,Individual,Basic,Monthly,Paid Search,0.892,15,,,True,False,At risk,Active,12,180
RC-00528,2024-06-13,Q2 2024,Asia-Pacific,Freelancer,Premium,Annual,Social,0.629,41.65,10,Low usage,False,False,Active,Churned,10,416.5
RC-00529,2024-10-28,Q4 2024,Asia-Pacific,Small Business,Basic,Monthly,Organic,0.632,15,3,Alternative,False,False,Churned,Churned,3,45
RC-00530,2024-03-12,Q1 2024,North America,Small Business,Premium,Annual,Organic,0.782,41.65,,,False,False,Active,Renewed,12,499.8
RC-00531,2024-10-04,Q4 2024,Asia-Pacific,Small Business,Standard,Monthly,Partner,0.468,29,,,True,False,At risk,Active,12,348
RC-00532,2024-03-14,Q1 2024,Europe,Small Business,Basic,Monthly,Paid Search,0.498,15,,,False,False,Active,Active,12,180
RC-00533,2024-01-12,Q1 2024,Europe,Individual,Premium,Monthly,Organic,0.572,49,,,False,False,Active,Active,12,588
RC-00534,2024-03-18,Q1 2024,Europe,Small Business,Basic,Annual,Organic,0.764,12.75,,,False,False,Active,Renewed,12,153.0
RC-00535,2024-10-17,Q4 2024,Europe,Individual,Basic,Monthly,Partner,0.799,15,,,False,False,Active,Active,12,180
RC-00536,2024-06-12,Q2 2024,Europe,Individual,Basic,Monthly,Referral,0.856,15,,,False,False,Active,Active,12,180
RC-00537,2024-09-22,Q3 2024,North America,Individual,Standard,Monthly,Paid Search,0.488,29,,,True,False,At risk,Active,12,348
RC-00538,2024-02-23,Q1 2024,Asia-Pacific,Small Business,Basic,Annual,Referral,0.339,12.75,,,False,True,Active,At risk,12,153.0
RC-00539,2024-08-01,Q3 2024,Asia-Pacific,Team,Basic,Monthly,Referral,0.751,15,,,False,False,Active,Active,12,180
RC-00540,2024-09-01,Q3 2024,Europe,Individual,Basic,Monthly,Referral,0.529,15,,,False,False,Active,Active,12,180
RC-00541,2024-11-06,Q4 2024,North America,Individual,Standard,Annual,Organic,0.786,24.65,,,False,False,Active,Renewed,12,295.8
RC-00542,2024-05-12,Q2 2024,Europe,Individual,Premium,Monthly,Referral,0.164,49,,,True,True,At risk,At risk,12,588
RC-00543,2024-11-05,Q4 2024,Asia-Pacific,Individual,Standard,Monthly,Organic,0.323,29,,,True,True,At risk,At risk,12,348
RC-00544,2024-03-20,Q1 2024,Other,Small Business,Basic,Monthly,Referral,0.195,15,6,Low usage,True,False,At risk,Churned,6,90
RC-00545,2024-04-17,Q2 2024,Europe,Individual,Basic,Monthly,Organic,0.862,15,,,False,True,Active,At risk,12,180
RC-00546,2024-04-11,Q2 2024,Asia-Pacific,Individual,Basic,Monthly,Organic,0.87,15,,,False,False,Active,Active,12,180
RC-00547,2024-05-22,Q2 2024,Asia-Pacific,Team,Premium,Annual,Organic,0.724,41.65,,,False,False,Active,Renewed,12,499.8
RC-00548,2024-01-28,Q1 2024,North America,Small Business,Enterprise,Annual,Social,0.869,75.65,5,Alternative,False,False,Active,Churned,5,378.25
RC-00549,2024-07-05,Q3 2024,Europe,Individual,Basic,Monthly,Organic,0.359,15,8,Price,False,False,Active,Churned,8,120
RC-00550,2024-10-07,Q4 2024,Asia-Pacific,Individual,Premium,Annual,Social,0.845,41.65,,,False,False,Active,Renewed,12,499.8
RC-00551,2024-11-02,Q4 2024,Asia-Pacific,Individual,Standard,Monthly,Organic,0.49,29,7,Alternative,False,False,Active,Churned,7,203
RC-00552,2024-08-09,Q3 2024,Europe,Small Business,Basic,Annual,Paid Search,0.313,12.75,7,Alternative,True,False,At risk,Churned,7,89.25
RC-00553,2024-02-10,Q1 2024,Europe,Small Business,Standard,Monthly,Social,0.691,29,,,False,True,Active,At risk,12,348
RC-00554,2024-11-22,Q4 2024,Asia-Pacific,Individual,Standard,Monthly,Paid Search,0.671,29,,,False,False,Active,Active,12,348
RC-00555,2024-05-24,Q2 2024,Europe,Freelancer,Basic,Monthly,Referral,0.643,15,,,False,False,Active,Active,12,180
RC-00556,2024-06-11,Q2 2024,Europe,Individual,Basic,Annual,Organic,0.582,12.75,,,False,False,Active,Renewed,12,153.0
RC-00557,2024-08-16,Q3 2024,North America,Individual,Basic,Monthly,Referral,0.786,15,8,Changed needs,False,False,Active,Churned,8,120
RC-00558,2024-03-08,Q1 2024,Asia-Pacific,Individual,Premium,Monthly,Organic,0.532,49,,,False,False,Active,Active,12,588
RC-00559,2024-03-12,Q1 2024,Europe,Small Business,Standard,Annual,Referral,0.731,24.65,,,False,False,Active,Renewed,12,295.8
RC-00560,2024-01-27,Q1 2024,North America,Freelancer,Basic,Monthly,Organic,0.408,15,,,False,False,Active,Active,12,180
RC-00561,2024-10-01,Q4 2024,Europe,Small Business,Basic,Annual,Paid Search,0.638,12.75,,,False,False,Active,Renewed,12,153.0
RC-00562,2024-02-25,Q1 2024,North America,Individual,Basic,Monthly,Organic,0.737,15,7,Alternative,False,False,Active,Churned,7,105
RC-00563,2024-07-06,Q3 2024,North America,Small Business,Standard,Monthly,Referral,0.174,29,,,True,True,At risk,At risk,12,348
RC-00564,2024-04-18,Q2 2024,Europe,Small Business,Basic,Annual,Partner,0.756,12.75,1,Low usage,False,False,Churned,Churned,1,12.75
RC-00565,2024-02-18,Q1 2024,Europe,Individual,Standard,Monthly,Paid Search,0.528,29,,,False,False,Active,Active,12,348
RC-00566,2024-10-18,Q4 2024,Europe,Individual,Standard,Annual,Partner,0.081,24.65,,,True,True,At risk,At risk,12,295.8
RC-00567,2024-04-22,Q2 2024,North America,Freelancer,Basic,Monthly,Referral,0.68,15,4,Price,False,False,Active,Churned,4,60
RC-00568,2024-10-26,Q4 2024,Europe,Small Business,Enterprise,Annual,Social,0.679,75.65,3,Product experience,False,False,Churned,Churned,3,226.95
RC-00569,2024-08-16,Q3 2024,Europe,Freelancer,Premium,Monthly,Organic,0.752,49,,,False,False,Active,Active,12,588
RC-00570,2024-08-13,Q3 2024,North America,Small Business,Standard,Annual,Referral,0.749,24.65,7,Low usage,False,False,Active,Churned,7,172.55
RC-00571,2024-02-07,Q1 2024,North America,Individual,Standard,Monthly,Referral,0.951,29,,,False,False,Active,Active,12,348
RC-00572,2024-12-05,Q4 2024,Europe,Individual,Standard,Monthly,Referral,0.47,29,7,Alternative,False,False,Active,Churned,7,203
RC-00573,2024-03-24,Q1 2024,Europe,Individual,Standard,Monthly,Paid Search,0.622,29,,,False,False,Active,Active,12,348
RC-00574,2024-07-06,Q3 2024,Europe,Small Business,Basic,Annual,Organic,0.86,12.75,,,False,False,Active,Renewed,12,153.0
RC-00575,2024-08-16,Q3 2024,North America,Freelancer,Standard,Monthly,Paid Search,0.592,29,,,False,False,Active,Active,12,348
RC-00576,2024-05-19,Q2 2024,North America,Freelancer,Basic,Monthly,Referral,0.154,15,,,True,True,At risk,At risk,12,180
RC-00577,2024-07-24,Q3 2024,Asia-Pacific,Individual,Premium,Annual,Paid Search,0.363,41.65,,,False,True,Active,At risk,12,499.8
RC-00578,2024-05-11,Q2 2024,Asia-Pacific,Individual,Basic,Monthly,Organic,0.813,15,5,Low usage,False,False,Active,Churned,5,75
RC-00579,2024-03-08,Q1 2024,Asia-Pacific,Individual,Basic,Monthly,Organic,0.8,15,,,False,False,Active,Active,12,180
RC-00580,2024-04-01,Q2 2024,Europe,Individual,Standard,Monthly,Referral,0.201,29,,,True,True,At risk,At risk,12,348
RC-00581,2024-04-09,Q2 2024,North America,Freelancer,Basic,Monthly,Organic,0.801,15,,,False,False,Active,Active,12,180
RC-00582,2024-11-04,Q4 2024,Asia-Pacific,Individual,Basic,Monthly,Partner,0.594,15,4,Price,False,False,Active,Churned,4,60
RC-00583,2024-05-10,Q2 2024,Asia-Pacific,Small Business,Premium,Monthly,Organic,0.849,49,,,True,False,At risk,Active,12,588
RC-00584,2024-04-25,Q2 2024,North America,Small Business,Standard,Monthly,Social,0.495,29,,,False,False,Active,Active,12,348
RC-00585,2024-11-09,Q4 2024,Asia-Pacific,Individual,Basic,Monthly,Paid Search,0.951,15,,,False,False,Active,Active,12,180
RC-00586,2024-04-27,Q2 2024,North America,Individual,Premium,Annual,Social,0.335,41.65,,,False,True,Active,At risk,12,499.8
RC-00587,2024-05-18,Q2 2024,Europe,Individual,Standard,Annual,Organic,0.449,24.65,10,Low usage,False,False,Active,Churned,10,246.5
RC-00588,2024-12-28,Q4 2024,Europe,Individual,Standard,Monthly,Organic,0.338,29,,,False,True,Active,At risk,12,348
RC-00589,2024-12-21,Q4 2024,Asia-Pacific,Individual,Standard,Monthly,Referral,0.772,29,1,Low usage,False,False,Churned,Churned,1,29
RC-00590,2024-06-14,Q2 2024,Europe,Small Business,Enterprise,Monthly,Organic,0.711,89,2,Price,False,False,Churned,Churned,2,178
RC-00591,2024-10-08,Q4 2024,Asia-Pacific,Freelancer,Standard,Monthly,Organic,0.783,29,,,False,False,Active,Active,12,348
RC-00592,2024-09-28,Q3 2024,North America,Individual,Premium,Annual,Organic,0.657,41.65,,,False,False,Active,Renewed,12,499.8
RC-00593,2024-06-07,Q2 2024,Other,Individual,Standard,Annual,Organic,0.349,24.65,,,False,False,Active,Renewed,12,295.8
RC-00594,2024-05-12,Q2 2024,North America,Small Business,Standard,Monthly,Organic,0.424,29,,,False,False,Active,Active,12,348
RC-00595,2024-02-15,Q1 2024,North America,Individual,Premium,Monthly,Social,0.794,49,,,False,False,Active,Active,12,588
RC-00596,2024-10-08,Q4 2024,Asia-Pacific,Individual,Enterprise,Annual,Organic,0.689,75.65,,,False,False,Active,Renewed,12,907.8
RC-00597,2024-11-22,Q4 2024,North America,Freelancer,Standard,Monthly,Referral,0.585,29,,,False,False,Active,Active,12,348
RC-00598,2024-12-18,Q4 2024,North America,Individual,Basic,Annual,Social,0.783,12.75,,,False,False,Active,Renewed,12,153.0
RC-00599,2024-09-16,Q3 2024,Europe,Small Business,Basic,Monthly,Paid Search,0.775,15,,,False,False,Active,Active,12,180
RC-00600,2024-11-08,Q4 2024,North America,Freelancer,Standard,Annual,Organic,0.683,24.65,,,True,False,At risk,Renewed,12,295.8
RC-00601,2024-04-11,Q2 2024,Europe,Small Business,Premium,Monthly,Paid Search,0.688,49,,,False,False,Active,Active,12,588
RC-00602,2024-04-15,Q2 2024,Other,Individual,Premium,Monthly,Organic,0.39,49,,,False,False,Active,Active,12,588
RC-00603,2024-05-07,Q2 2024,North America,Freelancer,Premium,Annual,Referral,0.342,41.65,,,False,False,Active,Renewed,12,499.8
RC-00604,2024-03-17,Q1 2024,North America,Individual,Standard,Monthly,Organic,0.266,29,,,True,True,At risk,At risk,12,348
RC-00605,2024-05-23,Q2 2024,Europe,Freelancer,Basic,Monthly,Organic,0.732,15,,,False,False,Active,Active,12,180
RC-00606,2024-02-08,Q1 2024,Europe,Individual,Basic,Monthly,Partner,0.527,15,,,False,False,Active,Active,12,180
RC-00607,2024-05-21,Q2 2024,Asia-Pacific,Team,Standard,Monthly,Organic,0.948,29,,,False,False,Active,Active,12,348
RC-00608,2024-01-22,Q1 2024,Europe,Individual,Standard,Annual,Organic,0.311,24.65,,,True,True,At risk,At risk,12,295.8
RC-00609,2024-12-26,Q4 2024,Asia-Pacific,Freelancer,Premium,Annual,Paid Search,0.743,41.65,,,False,False,Active,Renewed,12,499.8
RC-00610,2024-09-01,Q3 2024,Europe,Individual,Standard,Monthly,Paid Search,0.725,29,,,False,False,Active,Active,12,348
RC-00611,2024-04-17,Q2 2024,Other,Individual,Standard,Monthly,Organic,0.677,29,,,False,False,Active,Active,12,348
RC-00612,2024-05-26,Q2 2024,Asia-Pacific,Individual,Standard,Annual,Referral,0.421,24.65,,,False,False,Active,Renewed,12,295.8
RC-00613,2024-05-05,Q2 2024,Europe,Freelancer,Basic,Monthly,Social,0.521,15,,,False,True,Active,At risk,12,180
RC-00614,2024-03-01,Q1 2024,North America,Individual,Basic,Monthly,Social,0.702,15,,,False,True,Active,At risk,12,180
RC-00615,2024-02-19,Q1 2024,Asia-Pacific,Freelancer,Standard,Monthly,Paid Search,0.933,29,1,Price,False,False,Churned,Churned,1,29
RC-00616,2024-12-11,Q4 2024,Asia-Pacific,Freelancer,Standard,Monthly,Referral,0.93,29,,,False,False,Active,Active,12,348
RC-00617,2024-06-22,Q2 2024,Asia-Pacific,Small Business,Enterprise,Annual,Organic,0.501,75.65,,,False,True,Active,At risk,12,907.8
RC-00618,2024-04-18,Q2 2024,North America,Individual,Standard,Monthly,Partner,0.331,29,3,Payment issue,False,False,Churned,Churned,3,87
RC-00619,2024-04-12,Q2 2024,Europe,Individual,Enterprise,Annual,Organic,0.738,75.65,,,False,False,Active,Renewed,12,907.8
RC-00620,2024-09-18,Q3 2024,Europe,Small Business,Basic,Monthly,Social,0.795,15,,,False,False,Active,Active,12,180
RC-00621,2024-04-26,Q2 2024,North America,Small Business,Basic,Monthly,Referral,0.511,15,1,Price,False,False,Churned,Churned,1,15
RC-00622,2024-09-23,Q3 2024,North America,Freelancer,Premium,Annual,Organic,0.928,41.65,,,False,False,Active,Renewed,12,499.8
RC-00623,2024-04-20,Q2 2024,North America,Freelancer,Basic,Monthly,Paid Search,0.846,15,,,False,False,Active,Active,12,180
RC-00624,2024-02-16,Q1 2024,Europe,Individual,Standard,Annual,Organic,0.653,24.65,,,False,False,Active,Renewed,12,295.8
RC-00625,2024-01-02,Q1 2024,North America,Individual,Standard,Monthly,Paid Search,0.367,29,,,True,False,At risk,Active,12,348
RC-00626,2024-11-01,Q4 2024,North America,Individual,Enterprise,Annual,Paid Search,0.128,75.65,,,True,True,At risk,At risk,12,907.8
RC-00627,2024-03-18,Q1 2024,Other,Small Business,Standard,Annual,Social,0.449,24.65,1,Price,False,False,Churned,Churned,1,24.65
RC-00628,2024-11-05,Q4 2024,Europe,Individual,Basic,Annual,Paid Search,0.362,12.75,,,False,False,Active,Renewed,12,153.0
RC-00629,2024-04-05,Q2 2024,Asia-Pacific,Small Business,Standard,Monthly,Referral,0.537,29,8,Price,False,False,Active,Churned,8,232
RC-00630,2024-02-17,Q1 2024,North America,Individual,Basic,Monthly,Paid Search,0.834,15,3,Price,False,False,Churned,Churned,3,45
RC-00631,2024-05-19,Q2 2024,Asia-Pacific,Small Business,Standard,Monthly,Paid Search,0.387,29,11,Product experience,False,False,Active,Churned,11,319
RC-00632,2024-04-15,Q2 2024,Europe,Individual,Standard,Monthly,Paid Search,0.78,29,,,False,False,Active,Active,12,348
RC-00633,2024-05-02,Q2 2024,Europe,Individual,Standard,Monthly,Organic,0.641,29,,,False,False,Active,Active,12,348
RC-00634,2024-01-06,Q1 2024,North America,Freelancer,Enterprise,Annual,Paid Search,0.327,75.65,,,True,True,At risk,At risk,12,907.8
RC-00635,2024-10-17,Q4 2024,North America,Individual,Basic,Monthly,Social,0.76,15,9,Product experience,False,False,Active,Churned,9,135
RC-00636,2024-02-03,Q1 2024,Asia-Pacific,Individual,Standard,Monthly,Paid Search,0.405,29,3,Price,False,False,Churned,Churned,3,87
RC-00637,2024-12-09,Q4 2024,Other,Freelancer,Basic,Monthly,Organic,0.684,15,,,True,False,At risk,Active,12,180
RC-00638,2024-06-13,Q2 2024,Europe,Team,Standard,Annual,Organic,0.892,24.65,,,False,False,Active,Renewed,12,295.8
RC-00639,2024-07-24,Q3 2024,North America,Small Business,Basic,Monthly,Organic,0.405,15,,,True,False,At risk,Active,12,180
RC-00640,2024-06-09,Q2 2024,North America,Individual,Basic,Annual,Paid Search,0.082,12.75,3,Price,False,False,Churned,Churned,3,38.25
RC-00641,2024-11-16,Q4 2024,North America,Individual,Premium,Annual,Organic,0.668,41.65,9,Alternative,False,False,Active,Churned,9,374.85
RC-00642,2024-03-24,Q1 2024,North America,Individual,Standard,Monthly,Referral,0.319,29,,,True,True,At risk,At risk,12,348
RC-00643,2024-05-04,Q2 2024,North America,Individual,Standard,Monthly,Social,0.559,29,,,False,False,Active,Active,12,348
RC-00644,2024-07-07,Q3 2024,Europe,Freelancer,Premium,Monthly,Partner,0.523,49,,,False,False,Active,Active,12,588
RC-00645,2024-12-01,Q4 2024,North America,Team,Basic,Monthly,Organic,0.735,15,,,False,False,Active,Active,12,180
RC-00646,2024-04-20,Q2 2024,Europe,Freelancer,Premium,Annual,Social,0.68,41.65,,,False,False,Active,Renewed,12,499.8
RC-00647,2024-02-08,Q1 2024,Asia-Pacific,Freelancer,Standard,Monthly,Social,0.259,29,,,True,True,At risk,At risk,12,348
RC-00648,2024-12-07,Q4 2024,Other,Individual,Premium,Monthly,Referral,0.718,49,,,False,False,Active,Active,12,588
RC-00649,2024-09-24,Q3 2024,Other,Individual,Basic,Monthly,Social,0.965,15,6,Price,False,False,Active,Churned,6,90
RC-00650,2024-11-11,Q4 2024,North America,Individual,Standard,Monthly,Paid Search,0.659,29,7,Product experience,False,False,Active,Churned,7,203
RC-00651,2024-11-07,Q4 2024,Europe,Individual,Basic,Monthly,Paid Search,0.519,15,,,False,False,Active,Active,12,180
RC-00652,2024-04-04,Q2 2024,North America,Individual,Standard,Monthly,Referral,0.29,29,1,Alternative,False,False,Churned,Churned,1,29
RC-00653,2024-03-21,Q1 2024,Europe,Individual,Basic,Monthly,Paid Search,0.575,15,9,Alternative,True,False,At risk,Churned,9,135
RC-00654,2024-11-22,Q4 2024,Asia-Pacific,Freelancer,Standard,Annual,Referral,0.672,24.65,,,False,False,Active,Renewed,12,295.8
RC-00655,2024-11-23,Q4 2024,North America,Small Business,Standard,Annual,Partner,0.232,24.65,,,True,True,At risk,At risk,12,295.8
RC-00656,2024-03-22,Q1 2024,North America,Small Business,Basic,Annual,Social,0.536,12.75,,,False,True,Active,At risk,12,153.0
RC-00657,2024-11-06,Q4 2024,North America,Individual,Premium,Annual,Social,0.962,41.65,,,False,False,Active,Renewed,12,499.8
RC-00658,2024-07-19,Q3 2024,Asia-Pacific,Small Business,Basic,Monthly,Social,0.202,15,5,Price,True,False,At risk,Churned,5,75
RC-00659,2024-09-24,Q3 2024,Europe,Individual,Basic,Monthly,Organic,0.21,15,3,Payment issue,False,False,Churned,Churned,3,45
RC-00660,2024-04-04,Q2 2024,Europe,Individual,Enterprise,Annual,Partner,0.229,75.65,,,True,True,At risk,At risk,12,907.8
RC-00661,2024-11-18,Q4 2024,Asia-Pacific,Individual,Basic,Monthly,Social,0.786,15,,,False,False,Active,Active,12,180
RC-00662,2024-09-19,Q3 2024,North America,Freelancer,Premium,Monthly,Paid Search,0.929,49,,,False,False,Active,Active,12,588
RC-00663,2024-06-08,Q2 2024,North America,Small Business,Standard,Annual,Organic,0.36,24.65,3,Alternative,False,False,Churned,Churned,3,73.95
RC-00664,2024-02-10,Q1 2024,North America,Individual,Standard,Annual,Organic,0.381,24.65,,,False,False,Active,Renewed,12,295.8
RC-00665,2024-03-07,Q1 2024,Asia-Pacific,Individual,Basic,Monthly,Referral,0.159,15,,,True,True,At risk,At risk,12,180
RC-00666,2024-03-11,Q1 2024,North America,Small Business,Basic,Monthly,Paid Search,0.381,15,,,False,False,Active,Active,12,180
RC-00667,2024-11-02,Q4 2024,Asia-Pacific,Small Business,Basic,Monthly,Organic,0.567,15,,,False,False,Active,Active,12,180
RC-00668,2024-04-20,Q2 2024,Asia-Pacific,Individual,Standard,Monthly,Referral,0.751,29,,,False,False,Active,Active,12,348
RC-00669,2024-06-18,Q2 2024,North America,Individual,Premium,Monthly,Social,0.604,49,,,False,False,Active,Active,12,588
RC-00670,2024-07-20,Q3 2024,Asia-Pacific,Freelancer,Basic,Annual,Paid Search,0.719,12.75,,,False,True,Active,At risk,12,153.0
RC-00671,2024-08-06,Q3 2024,Europe,Small Business,Premium,Monthly,Paid Search,0.621,49,,,False,False,Active,Active,12,588
RC-00672,2024-05-21,Q2 2024,North America,Individual,Standard,Annual,Organic,0.923,24.65,6,Product experience,False,False,Active,Churned,6,147.9
RC-00673,2024-03-17,Q1 2024,Europe,Freelancer,Standard,Monthly,Partner,0.229,29,8,Low usage,True,False,At risk,Churned,8,232
RC-00674,2024-12-26,Q4 2024,North America,Small Business,Standard,Monthly,Social,0.271,29,7,Alternative,True,False,At risk,Churned,7,203
RC-00675,2024-12-03,Q4 2024,North America,Team,Standard,Monthly,Organic,0.357,29,,,False,False,Active,Active,12,348
RC-00676,2024-04-03,Q2 2024,Asia-Pacific,Small Business,Enterprise,Annual,Paid Search,0.619,75.65,,,False,False,Active,Renewed,12,907.8
RC-00677,2024-07-12,Q3 2024,Asia-Pacific,Individual,Basic,Monthly,Referral,0.427,15,7,Product experience,False,False,Active,Churned,7,105
RC-00678,2024-10-16,Q4 2024,Other,Freelancer,Premium,Annual,Organic,0.946,41.65,,,False,False,Active,Renewed,12,499.8
RC-00679,2024-03-15,Q1 2024,Other,Small Business,Basic,Monthly,Paid Search,0.487,15,,,False,True,Active,At risk,12,180
RC-00680,2024-09-21,Q3 2024,North America,Freelancer,Standard,Annual,Organic,0.541,24.65,,,False,False,Active,Renewed,12,295.8
RC-00681,2024-12-24,Q4 2024,Asia-Pacific,Individual,Enterprise,Monthly,Referral,0.501,89,,,False,True,Active,At risk,12,1068
RC-00682,2024-10-12,Q4 2024,North America,Individual,Basic,Monthly,Paid Search,0.614,15,,,False,False,Active,Active,12,180
RC-00683,2024-04-24,Q2 2024,Europe,Freelancer,Standard,Monthly,Referral,0.35,29,,,False,False,Active,Active,12,348
RC-00684,2024-04-20,Q2 2024,Europe,Individual,Premium,Monthly,Paid Search,0.797,49,,,False,False,Active,Active,12,588
RC-00685,2024-04-15,Q2 2024,North America,Individual,Premium,Monthly,Paid Search,0.773,49,,,False,False,Active,Active,12,588
RC-00686,2024-12-24,Q4 2024,Europe,Individual,Standard,Monthly,Organic,0.687,29,10,Price,False,False,Active,Churned,10,290
RC-00687,2024-11-16,Q4 2024,North America,Small Business,Premium,Monthly,Referral,0.871,49,,,False,False,Active,Active,12,588
RC-00688,2024-12-20,Q4 2024,Other,Freelancer,Basic,Annual,Partner,0.317,12.75,3,Changed needs,False,False,Churned,Churned,3,38.25
RC-00689,2024-06-26,Q2 2024,Europe,Team,Standard,Monthly,Paid Search,0.532,29,,,True,False,At risk,Active,12,348
RC-00690,2024-07-03,Q3 2024,North America,Individual,Premium,Monthly,Organic,0.189,49,2,Payment issue,False,False,Churned,Churned,2,98
RC-00691,2024-11-25,Q4 2024,Asia-Pacific,Small Business,Standard,Monthly,Referral,0.402,29,,,False,False,Active,Active,12,348
RC-00692,2024-03-06,Q1 2024,North America,Small Business,Basic,Monthly,Organic,0.848,15,,,False,False,Active,Active,12,180
RC-00693,2024-02-20,Q1 2024,North America,Individual,Premium,Annual,Partner,0.671,41.65,,,False,False,Active,Renewed,12,499.8
RC-00694,2024-02-10,Q1 2024,Europe,Individual,Premium,Monthly,Social,0.651,49,3,Alternative,False,False,Churned,Churned,3,147
RC-00695,2024-12-27,Q4 2024,North America,Freelancer,Standard,Monthly,Referral,0.876,29,,,False,False,Active,Active,12,348
RC-00696,2024-11-19,Q4 2024,North America,Team,Premium,Monthly,Organic,0.753,49,,,False,False,Active,Active,12,588
RC-00697,2024-03-15,Q1 2024,Asia-Pacific,Individual,Basic,Monthly,Referral,0.813,15,,,False,False,Active,Active,12,180
RC-00698,2024-12-03,Q4 2024,North America,Individual,Enterprise,Annual,Paid Search,0.622,75.65,,,False,False,Active,Renewed,12,907.8
RC-00699,2024-05-08,Q2 2024,Other,Individual,Basic,Monthly,Partner,0.733,15,,,False,False,Active,Active,12,180
RC-00700,2024-02-19,Q1 2024,Europe,Small Business,Standard,Monthly,Organic,0.671,29,,,False,False,Active,Active,12,348
RC-00701,2024-11-03,Q4 2024,North America,Individual,Premium,Monthly,Social,0.747,49,,,False,False,Active,Active,12,588
RC-00702,2024-03-23,Q1 2024,Europe,Individual,Premium,Monthly,Social,0.739,49,,,False,False,Active,Active,12,588
RC-00703,2024-09-13,Q3 2024,North America,Small Business,Premium,Annual,Paid Search,0.331,41.65,,,True,True,At risk,At risk,12,499.8
RC-00704,2024-08-25,Q3 2024,North America,Individual,Basic,Monthly,Organic,0.352,15,5,Price,True,False,At risk,Churned,5,75
RC-00705,2024-04-21,Q2 2024,North America,Small Business,Premium,Annual,Organic,0.819,41.65,,,True,False,At risk,Renewed,12,499.8
RC-00706,2024-02-26,Q1 2024,Asia-Pacific,Individual,Standard,Annual,Paid Search,0.839,24.65,,,False,False,Active,Renewed,12,295.8
RC-00707,2024-06-20,Q2 2024,Europe,Small Business,Standard,Monthly,Organic,0.727,29,,,False,False,Active,Active,12,348
RC-00708,2024-03-16,Q1 2024,Asia-Pacific,Freelancer,Premium,Annual,Paid Search,0.189,41.65,,,True,True,At risk,At risk,12,499.8
RC-00709,2024-06-13,Q2 2024,North America,Individual,Standard,Monthly,Referral,0.354,29,,,False,False,Active,Active,12,348
RC-00710,2024-10-01,Q4 2024,Asia-Pacific,Individual,Standard,Annual,Referral,0.23,24.65,,,True,True,At risk,At risk,12,295.8
RC-00711,2024-10-06,Q4 2024,North America,Individual,Premium,Monthly,Organic,0.575,49,,,False,False,Active,Active,12,588
RC-00712,2024-08-22,Q3 2024,Other,Freelancer,Premium,Annual,Referral,0.263,41.65,,,True,True,At risk,At risk,12,499.8
RC-00713,2024-05-23,Q2 2024,North America,Freelancer,Basic,Monthly,Paid Search,0.644,15,,,False,False,Active,Active,12,180
RC-00714,2024-05-12,Q2 2024,North America,Small Business,Premium,Monthly,Paid Search,0.836,49,,,False,False,Active,Active,12,588
RC-00715,2024-08-09,Q3 2024,North America,Team,Premium,Annual,Social,0.969,41.65,,,False,False,Active,Renewed,12,499.8
RC-00716,2024-12-11,Q4 2024,North America,Small Business,Standard,Monthly,Social,0.569,29,,,False,False,Active,Active,12,348
RC-00717,2024-03-26,Q1 2024,Asia-Pacific,Individual,Premium,Monthly,Paid Search,0.505,49,,,False,False,Active,Active,12,588
RC-00718,2024-10-17,Q4 2024,Europe,Small Business,Standard,Monthly,Organic,0.879,29,,,False,False,Active,Active,12,348
RC-00719,2024-04-23,Q2 2024,North America,Freelancer,Basic,Monthly,Referral,0.882,15,,,False,False,Active,Active,12,180
RC-00720,2024-01-06,Q1 2024,North America,Small Business,Premium,Monthly,Partner,0.732,49,,,False,False,Active,Active,12,588
RC-00721,2024-07-28,Q3 2024,Europe,Small Business,Basic,Monthly,Referral,0.585,15,,,False,False,Active,Active,12,180
RC-00722,2024-01-11,Q1 2024,North America,Individual,Premium,Monthly,Paid Search,0.471,49,,,False,False,Active,Active,12,588
RC-00723,2024-02-10,Q1 2024,Europe,Individual,Enterprise,Annual,Organic,0.672,75.65,,,False,False,Active,Renewed,12,907.8
RC-00724,2024-01-02,Q1 2024,Europe,Freelancer,Basic,Monthly,Partner,0.306,15,11,Alternative,True,False,At risk,Churned,11,165
RC-00725,2024-10-03,Q4 2024,Asia-Pacific,Individual,Enterprise,Monthly,Paid Search,0.569,89,,,False,False,Active,Active,12,1068
RC-00726,2024-12-07,Q4 2024,North America,Individual,Standard,Annual,Partner,0.755,24.65,,,False,False,Active,Renewed,12,295.8
RC-00727,2024-09-01,Q3 2024,North America,Freelancer,Premium,Monthly,Organic,0.598,49,,,False,False,Active,Active,12,588
RC-00728,2024-12-01,Q4 2024,Europe,Freelancer,Standard,Annual,Social,0.255,24.65,,,True,True,At risk,At risk,12,295.8
RC-00729,2024-06-11,Q2 2024,Asia-Pacific,Individual,Standard,Monthly,Referral,0.49,29,7,Low usage,False,False,Active,Churned,7,203
RC-00730,2024-07-03,Q3 2024,North America,Individual,Basic,Monthly,Organic,0.65,15,,,False,False,Active,Active,12,180
RC-00731,2024-06-09,Q2 2024,Europe,Team,Basic,Monthly,Organic,0.148,15,,,True,True,At risk,At risk,12,180
RC-00732,2024-08-14,Q3 2024,Other,Individual,Standard,Monthly,Organic,0.696,29,,,False,False,Active,Active,12,348
RC-00733,2024-12-18,Q4 2024,Europe,Freelancer,Standard,Monthly,Organic,0.062,29,7,Product experience,True,False,At risk,Churned,7,203
RC-00734,2024-05-12,Q2 2024,Europe,Freelancer,Basic,Annual,Organic,0.772,12.75,,,False,False,Active,Renewed,12,153.0
RC-00735,2024-06-26,Q2 2024,Asia-Pacific,Individual,Standard,Annual,Organic,0.535,24.65,5,Alternative,False,False,Active,Churned,5,123.25
RC-00736,2024-11-03,Q4 2024,North America,Individual,Standard,Annual,Paid Search,0.509,24.65,9,Changed needs,False,False,Active,Churned,9,221.85
RC-00737,2024-06-26,Q2 2024,Asia-Pacific,Freelancer,Standard,Annual,Referral,0.327,24.65,,,True,True,At risk,At risk,12,295.8
RC-00738,2024-11-12,Q4 2024,Europe,Small Business,Standard,Monthly,Organic,0.911,29,5,Low usage,False,False,Active,Churned,5,145
RC-00739,2024-06-10,Q2 2024,Asia-Pacific,Individual,Premium,Monthly,Paid Search,0.798,49,,,False,True,Active,At risk,12,588
RC-00740,2024-11-28,Q4 2024,North America,Individual,Basic,Monthly,Organic,0.371,15,,,False,True,Active,At risk,12,180
RC-00741,2024-10-07,Q4 2024,Asia-Pacific,Individual,Premium,Monthly,Organic,0.513,49,,,False,False,Active,Active,12,588
RC-00742,2024-05-06,Q2 2024,Europe,Small Business,Basic,Monthly,Organic,0.447,15,6,Price,False,False,Active,Churned,6,90
RC-00743,2024-04-09,Q2 2024,North America,Small Business,Basic,Monthly,Referral,0.771,15,,,False,False,Active,Active,12,180
RC-00744,2024-10-05,Q4 2024,Asia-Pacific,Individual,Premium,Annual,Social,0.268,41.65,6,Price,True,False,At risk,Churned,6,249.9
RC-00745,2024-07-28,Q3 2024,Europe,Freelancer,Standard,Annual,Referral,0.178,24.65,12,Low usage,True,False,At risk,Churned,12,295.8
RC-00746,2024-11-03,Q4 2024,Asia-Pacific,Freelancer,Standard,Annual,Social,0.581,24.65,,,False,False,Active,Renewed,12,295.8
RC-00747,2024-04-12,Q2 2024,Asia-Pacific,Team,Standard,Annual,Partner,0.927,24.65,,,False,False,Active,Renewed,12,295.8
RC-00748,2024-07-19,Q3 2024,Asia-Pacific,Individual,Basic,Annual,Partner,0.522,12.75,,,False,False,Active,Renewed,12,153.0
RC-00749,2024-06-25,Q2 2024,Europe,Individual,Premium,Annual,Organic,0.691,41.65,,,False,False,Active,Renewed,12,499.8
RC-00750,2024-11-09,Q4 2024,Europe,Individual,Basic,Annual,Social,0.353,12.75,,,False,False,Active,Renewed,12,153.0
RC-00751,2024-06-19,Q2 2024,Europe,Team,Standard,Monthly,Partner,0.602,29,,,False,False,Active,Active,12,348
RC-00752,2024-04-28,Q2 2024,Asia-Pacific,Individual,Basic,Monthly,Paid Search,0.443,15,,,False,False,Active,Active,12,180
RC-00753,2024-09-28,Q3 2024,Europe,Individual,Basic,Monthly,Organic,0.497,15,,,False,True,Active,At risk,12,180
RC-00754,2024-07-05,Q3 2024,Other,Individual,Basic,Monthly,Partner,0.772,15,1,Low usage,False,False,Churned,Churned,1,15
RC-00755,2024-01-14,Q1 2024,Europe,Small Business,Basic,Monthly,Organic,0.334,15,11,Alternative,False,False,Active,Churned,11,165
RC-00756,2024-06-04,Q2 2024,Asia-Pacific,Individual,Premium,Annual,Social,0.495,41.65,,,False,False,Active,Renewed,12,499.8
RC-00757,2024-12-04,Q4 2024,Asia-Pacific,Small Business,Basic,Monthly,Organic,0.622,15,,,False,False,Active,Active,12,180
RC-00758,2024-08-25,Q3 2024,Other,Individual,Basic,Monthly,Referral,0.426,15,,,False,False,Active,Active,12,180
RC-00759,2024-11-06,Q4 2024,North America,Individual,Basic,Monthly,Partner,0.462,15,,,False,False,Active,Active,12,180
RC-00760,2024-10-05,Q4 2024,Asia-Pacific,Individual,Basic,Annual,Paid Search,0.7,12.75,,,False,False,Active,Renewed,12,153.0
RC-00761,2024-06-05,Q2 2024,Asia-Pacific,Freelancer,Premium,Annual,Paid Search,0.36,41.65,,,True,False,At risk,Renewed,12,499.8
RC-00762,2024-05-10,Q2 2024,North America,Freelancer,Standard,Monthly,Paid Search,0.885,29,,,False,False,Active,Active,12,348
RC-00763,2024-05-22,Q2 2024,North America,Small Business,Premium,Annual,Social,0.606,41.65,,,False,False,Active,Renewed,12,499.8
RC-00764,2024-12-11,Q4 2024,Europe,Individual,Premium,Annual,Partner,0.454,41.65,,,False,False,Active,Renewed,12,499.8
RC-00765,2024-11-16,Q4 2024,North America,Freelancer,Basic,Monthly,Organic,0.177,15,9,Product experience,True,False,At risk,Churned,9,135
RC-00766,2024-05-03,Q2 2024,Asia-Pacific,Individual,Premium,Annual,Organic,0.74,41.65,,,False,False,Active,Renewed,12,499.8
RC-00767,2024-01-18,Q1 2024,Asia-Pacific,Individual,Basic,Monthly,Social,0.679,15,8,Product experience,False,False,Active,Churned,8,120
RC-00768,2024-06-27,Q2 2024,Europe,Individual,Standard,Monthly,Social,0.635,29,,,False,False,Active,Active,12,348
RC-00769,2024-10-27,Q4 2024,Europe,Small Business,Basic,Monthly,Paid Search,0.726,15,,,False,False,Active,Active,12,180
RC-00770,2024-07-07,Q3 2024,Other,Freelancer,Standard,Annual,Social,0.214,24.65,,,True,True,At risk,At risk,12,295.8
RC-00771,2024-02-08,Q1 2024,North America,Team,Standard,Monthly,Organic,0.726,29,,,False,False,Active,Active,12,348
RC-00772,2024-11-10,Q4 2024,Other,Small Business,Standard,Annual,Organic,0.814,24.65,,,False,False,Active,Renewed,12,295.8
RC-00773,2024-10-24,Q4 2024,Europe,Small Business,Basic,Monthly,Paid Search,0.495,15,,,False,False,Active,Active,12,180
RC-00774,2024-05-18,Q2 2024,Europe,Freelancer,Basic,Annual,Referral,0.549,12.75,10,Price,False,False,Active,Churned,10,127.5
RC-00775,2024-07-20,Q3 2024,Europe,Freelancer,Basic,Annual,Organic,0.639,12.75,,,True,False,At risk,Renewed,12,153.0
RC-00776,2024-03-17,Q1 2024,North America,Individual,Premium,Annual,Organic,0.769,41.65,,,False,False,Active,Renewed,12,499.8
RC-00777,2024-11-15,Q4 2024,Europe,Small Business,Premium,Monthly,Organic,0.754,49,,,False,False,Active,Active,12,588
RC-00778,2024-03-25,Q1 2024,North America,Individual,Enterprise,Annual,Organic,0.275,75.65,6,Product experience,True,False,At risk,Churned,6,453.9
RC-00779,2024-06-22,Q2 2024,North America,Individual,Basic,Monthly,Paid Search,0.439,15,,,False,False,Active,Active,12,180
RC-00780,2024-04-26,Q2 2024,Europe,Freelancer,Standard,Monthly,Referral,0.523,29,,,False,False,Active,Active,12,348
RC-00781,2024-11-08,Q4 2024,Asia-Pacific,Individual,Basic,Monthly,Organic,0.757,15,6,Alternative,False,False,Active,Churned,6,90
RC-00782,2024-07-04,Q3 2024,Europe,Individual,Standard,Monthly,Social,0.693,29,4,Price,False,False,Active,Churned,4,116
RC-00783,2024-04-16,Q2 2024,Europe,Small Business,Basic,Monthly,Organic,0.75,15,,,False,False,Active,Active,12,180
RC-00784,2024-12-16,Q4 2024,Europe,Small Business,Basic,Monthly,Organic,0.427,15,,,False,False,Active,Active,12,180
RC-00785,2024-10-15,Q4 2024,North America,Freelancer,Premium,Annual,Referral,0.813,41.65,,,False,True,Active,At risk,12,499.8
RC-00786,2024-03-02,Q1 2024,Europe,Freelancer,Premium,Annual,Referral,0.582,41.65,,,False,False,Active,Renewed,12,499.8
RC-00787,2024-12-20,Q4 2024,Asia-Pacific,Individual,Standard,Monthly,Referral,0.459,29,,,True,False,At risk,Active,12,348
RC-00788,2024-10-06,Q4 2024,Other,Team,Standard,Monthly,Organic,0.681,29,,,False,False,Active,Active,12,348
RC-00789,2024-09-24,Q3 2024,North America,Freelancer,Standard,Monthly,Paid Search,0.889,29,,,False,False,Active,Active,12,348
RC-00790,2024-04-28,Q2 2024,Europe,Individual,Standard,Monthly,Organic,0.141,29,,,True,True,At risk,At risk,12,348
RC-00791,2024-07-20,Q3 2024,Asia-Pacific,Individual,Standard,Annual,Paid Search,0.577,24.65,,,False,False,Active,Renewed,12,295.8
RC-00792,2024-11-22,Q4 2024,North America,Individual,Premium,Monthly,Paid Search,0.528,49,,,False,False,Active,Active,12,588
RC-00793,2024-10-22,Q4 2024,Other,Small Business,Standard,Monthly,Organic,0.13,29,,,True,True,At risk,At risk,12,348
RC-00794,2024-01-22,Q1 2024,Europe,Small Business,Basic,Monthly,Organic,0.466,15,,,True,False,At risk,Active,12,180
RC-00795,2024-05-17,Q2 2024,North America,Small Business,Standard,Monthly,Organic,0.294,29,,,True,True,At risk,At risk,12,348
RC-00796,2024-05-09,Q2 2024,North America,Individual,Standard,Annual,Social,0.541,24.65,,,False,True,Active,At risk,12,295.8
RC-00797,2024-10-20,Q4 2024,Asia-Pacific,Small Business,Basic,Monthly,Paid Search,0.534,15,,,False,False,Active,Active,12,180
RC-00798,2024-04-14,Q2 2024,Europe,Freelancer,Standard,Monthly,Partner,0.849,29,,,False,False,Active,Active,12,348
RC-00799,2024-06-27,Q2 2024,North America,Freelancer,Basic,Annual,Organic,0.945,12.75,,,False,False,Active,Renewed,12,153.0
RC-00800,2024-08-11,Q3 2024,Other,Team,Basic,Monthly,Organic,0.528,15,,,False,False,Active,Active,12,180
RC-00801,2024-08-21,Q3 2024,North America,Individual,Basic,Monthly,Social,0.697,15,,,False,False,Active,Active,12,180
RC-00802,2024-06-13,Q2 2024,Europe,Individual,Premium,Monthly,Partner,0.317,49,8,Price,True,False,At risk,Churned,8,392
RC-00803,2024-02-25,Q1 2024,North America,Individual,Standard,Annual,Organic,0.487,24.65,,,False,False,Active,Renewed,12,295.8
RC-00804,2024-06-19,Q2 2024,Europe,Individual,Enterprise,Annual,Referral,0.628,75.65,,,False,False,Active,Renewed,12,907.8
RC-00805,2024-12-24,Q4 2024,Asia-Pacific,Freelancer,Standard,Monthly,Referral,0.829,29,,,False,False,Active,Active,12,348
RC-00806,2024-03-22,Q1 2024,North America,Individual,Basic,Monthly,Organic,0.407,15,6,Changed needs,False,False,Active,Churned,6,90
RC-00807,2024-10-16,Q4 2024,North America,Freelancer,Basic,Annual,Partner,0.679,12.75,,,False,False,Active,Renewed,12,153.0
RC-00808,2024-08-05,Q3 2024,North America,Individual,Premium,Annual,Paid Search,0.082,41.65,10,Low usage,True,False,At risk,Churned,10,416.5
RC-00809,2024-03-12,Q1 2024,Asia-Pacific,Individual,Basic,Monthly,Organic,0.77,15,,,False,False,Active,Active,12,180
RC-00810,2024-10-05,Q4 2024,Asia-Pacific,Individual,Standard,Monthly,Organic,0.229,29,,,True,True,At risk,At risk,12,348
RC-00811,2024-10-02,Q4 2024,North America,Individual,Basic,Monthly,Referral,0.483,15,,,False,False,Active,Active,12,180
RC-00812,2024-12-18,Q4 2024,Europe,Individual,Basic,Monthly,Paid Search,0.915,15,,,False,False,Active,Active,12,180
RC-00813,2024-05-28,Q2 2024,Europe,Individual,Premium,Monthly,Referral,0.902,49,,,True,False,At risk,Active,12,588
RC-00814,2024-03-01,Q1 2024,Other,Individual,Premium,Monthly,Organic,0.548,49,,,False,False,Active,Active,12,588
RC-00815,2024-12-25,Q4 2024,Europe,Freelancer,Standard,Monthly,Paid Search,0.761,29,,,False,False,Active,Active,12,348
RC-00816,2024-11-22,Q4 2024,Asia-Pacific,Individual,Premium,Monthly,Social,0.398,49,,,False,False,Active,Active,12,588
RC-00817,2024-09-19,Q3 2024,Asia-Pacific,Individual,Basic,Monthly,Paid Search,0.403,15,1,Price,False,False,Churned,Churned,1,15
RC-00818,2024-11-12,Q4 2024,North America,Team,Premium,Annual,Paid Search,0.299,41.65,,,True,True,At risk,At risk,12,499.8
RC-00819,2024-08-20,Q3 2024,North America,Freelancer,Premium,Monthly,Social,0.268,49,,,True,True,At risk,At risk,12,588
RC-00820,2024-05-05,Q2 2024,Other,Freelancer,Premium,Monthly,Paid Search,0.92,49,3,Price,False,False,Churned,Churned,3,147
RC-00821,2024-04-19,Q2 2024,Europe,Individual,Basic,Monthly,Referral,0.41,15,,,False,False,Active,Active,12,180
RC-00822,2024-12-23,Q4 2024,North America,Individual,Basic,Monthly,Paid Search,0.564,15,,,False,False,Active,Active,12,180
RC-00823,2024-12-27,Q4 2024,Europe,Individual,Standard,Monthly,Paid Search,0.781,29,,,False,False,Active,Active,12,348
RC-00824,2024-12-15,Q4 2024,Europe,Individual,Basic,Monthly,Referral,0.557,15,4,Low usage,False,False,Active,Churned,4,60
RC-00825,2024-08-21,Q3 2024,North America,Individual,Basic,Monthly,Social,0.876,15,,,False,False,Active,Active,12,180
RC-00826,2024-03-25,Q1 2024,North America,Individual,Premium,Annual,Organic,0.203,41.65,,,True,True,At risk,At risk,12,499.8
RC-00827,2024-02-20,Q1 2024,North America,Individual,Basic,Monthly,Organic,0.633,15,,,False,False,Active,Active,12,180
RC-00828,2024-04-09,Q2 2024,Asia-Pacific,Individual,Basic,Monthly,Organic,0.776,15,,,False,False,Active,Active,12,180
RC-00829,2024-12-11,Q4 2024,Asia-Pacific,Small Business,Basic,Monthly,Organic,0.433,15,,,False,False,Active,Active,12,180
RC-00830,2024-10-02,Q4 2024,Europe,Freelancer,Standard,Annual,Paid Search,0.556,24.65,4,Low usage,False,False,Active,Churned,4,98.6
RC-00831,2024-02-25,Q1 2024,North America,Freelancer,Standard,Annual,Partner,0.42,24.65,,,False,False,Active,Renewed,12,295.8
RC-00832,2024-12-13,Q4 2024,Europe,Individual,Basic,Monthly,Organic,0.534,15,10,Price,False,False,Active,Churned,10,150
RC-00833,2024-11-16,Q4 2024,North America,Individual,Standard,Annual,Paid Search,0.123,24.65,,,True,True,At risk,At risk,12,295.8
RC-00834,2024-12-03,Q4 2024,North America,Small Business,Premium,Monthly,Paid Search,0.172,49,,,True,True,At risk,At risk,12,588
RC-00835,2024-05-21,Q2 2024,Europe,Individual,Standard,Annual,Organic,0.605,24.65,,,False,False,Active,Renewed,12,295.8
RC-00836,2024-05-07,Q2 2024,Asia-Pacific,Individual,Enterprise,Annual,Paid Search,0.727,75.65,,,False,False,Active,Renewed,12,907.8
RC-00837,2024-10-23,Q4 2024,Europe,Team,Enterprise,Monthly,Organic,0.532,89,,,False,False,Active,Active,12,1068
RC-00838,2024-11-05,Q4 2024,Europe,Small Business,Basic,Monthly,Referral,0.505,15,,,False,False,Active,Active,12,180
RC-00839,2024-04-13,Q2 2024,Europe,Small Business,Basic,Monthly,Social,0.373,15,,,False,False,Active,Active,12,180
RC-00840,2024-11-22,Q4 2024,Europe,Individual,Standard,Annual,Organic,0.544,24.65,,,False,False,Active,Renewed,12,295.8
RC-00841,2024-11-03,Q4 2024,Europe,Small Business,Standard,Monthly,Referral,0.821,29,,,False,False,Active,Active,12,348
RC-00842,2024-09-13,Q3 2024,Asia-Pacific,Small Business,Standard,Monthly,Paid Search,0.503,29,3,Changed needs,False,False,Churned,Churned,3,87
RC-00843,2024-04-26,Q2 2024,Asia-Pacific,Freelancer,Standard,Monthly,Social,0.612,29,11,Price,False,False,Active,Churned,11,319
RC-00844,2024-10-01,Q4 2024,Europe,Freelancer,Premium,Annual,Organic,0.816,41.65,,,False,False,Active,Renewed,12,499.8
RC-00845,2024-09-20,Q3 2024,Europe,Small Business,Premium,Annual,Referral,0.839,41.65,6,Price,False,False,Active,Churned,6,249.9
RC-00846,2024-12-07,Q4 2024,Europe,Individual,Premium,Monthly,Paid Search,0.932,49,2,Alternative,False,False,Churned,Churned,2,98
RC-00847,2024-05-21,Q2 2024,Other,Individual,Standard,Annual,Organic,0.375,24.65,,,False,False,Active,Renewed,12,295.8
RC-00848,2024-07-02,Q3 2024,North America,Small Business,Standard,Monthly,Organic,0.736,29,,,False,False,Active,Active,12,348
RC-00849,2024-12-08,Q4 2024,Asia-Pacific,Freelancer,Premium,Annual,Paid Search,0.461,41.65,,,False,True,Active,At risk,12,499.8
RC-00850,2024-09-14,Q3 2024,Asia-Pacific,Individual,Basic,Monthly,Social,0.262,15,,,True,True,At risk,At risk,12,180
RC-00851,2024-07-28,Q3 2024,Other,Individual,Basic,Annual,Social,0.863,12.75,,,True,False,At risk,Renewed,12,153.0
RC-00852,2024-04-22,Q2 2024,North America,Team,Basic,Monthly,Organic,0.444,15,,,False,False,Active,Active,12,180
RC-00853,2024-12-12,Q4 2024,Europe,Small Business,Basic,Monthly,Organic,0.822,15,,,False,False,Active,Active,12,180
RC-00854,2024-11-01,Q4 2024,Asia-Pacific,Small Business,Standard,Monthly,Organic,0.133,29,3,Product experience,False,False,Churned,Churned,3,87
RC-00855,2024-04-11,Q2 2024,Europe,Individual,Standard,Annual,Paid Search,0.266,24.65,,,True,True,At risk,At risk,12,295.8
RC-00856,2024-11-07,Q4 2024,Europe,Freelancer,Premium,Annual,Social,0.701,41.65,,,False,False,Active,Renewed,12,499.8
RC-00857,2024-12-11,Q4 2024,Europe,Individual,Standard,Monthly,Organic,0.297,29,12,Price,True,False,At risk,Churned,12,348
RC-00858,2024-03-21,Q1 2024,North America,Individual,Basic,Annual,Organic,0.921,12.75,,,False,False,Active,Renewed,12,153.0
RC-00859,2024-11-24,Q4 2024,Asia-Pacific,Individual,Premium,Monthly,Partner,0.371,49,,,False,False,Active,Active,12,588
RC-00860,2024-04-15,Q2 2024,North America,Freelancer,Basic,Monthly,Paid Search,0.659,15,,,False,False,Active,Active,12,180
RC-00861,2024-09-13,Q3 2024,Europe,Freelancer,Standard,Monthly,Partner,0.412,29,,,False,False,Active,Active,12,348
RC-00862,2024-11-04,Q4 2024,Other,Freelancer,Premium,Monthly,Paid Search,0.716,49,,,False,False,Active,Active,12,588
RC-00863,2024-08-04,Q3 2024,North America,Small Business,Premium,Monthly,Organic,0.689,49,,,False,False,Active,Active,12,588
RC-00864,2024-09-07,Q3 2024,North America,Individual,Standard,Annual,Partner,0.799,24.65,,,False,False,Active,Renewed,12,295.8
RC-00865,2024-09-14,Q3 2024,Europe,Small Business,Premium,Annual,Paid Search,0.112,41.65,,,True,True,At risk,At risk,12,499.8
RC-00866,2024-11-08,Q4 2024,Asia-Pacific,Freelancer,Standard,Monthly,Referral,0.412,29,,,True,False,At risk,Active,12,348
RC-00867,2024-07-25,Q3 2024,Other,Small Business,Enterprise,Monthly,Referral,0.244,89,,,True,True,At risk,At risk,12,1068
RC-00868,2024-05-15,Q2 2024,Asia-Pacific,Freelancer,Basic,Monthly,Organic,0.882,15,,,False,False,Active,Active,12,180
RC-00869,2024-12-05,Q4 2024,North America,Individual,Standard,Monthly,Organic,0.539,29,3,Alternative,False,False,Churned,Churned,3,87
RC-00870,2024-11-05,Q4 2024,Other,Small Business,Standard,Monthly,Organic,0.782,29,,,False,False,Active,Active,12,348
RC-00871,2024-09-03,Q3 2024,Europe,Small Business,Premium,Annual,Paid Search,0.543,41.65,,,False,False,Active,Renewed,12,499.8
RC-00872,2024-05-05,Q2 2024,North America,Small Business,Standard,Monthly,Partner,0.691,29,,,False,False,Active,Active,12,348
RC-00873,2024-06-02,Q2 2024,Europe,Individual,Enterprise,Annual,Partner,0.466,75.65,,,False,False,Active,Renewed,12,907.8
RC-00874,2024-01-02,Q1 2024,Europe,Individual,Basic,Monthly,Social,0.549,15,,,False,False,Active,Active,12,180
RC-00875,2024-11-13,Q4 2024,Asia-Pacific,Individual,Basic,Annual,Organic,0.786,12.75,,,False,False,Active,Renewed,12,153.0
RC-00876,2024-12-25,Q4 2024,North America,Individual,Standard,Annual,Paid Search,0.412,24.65,,,False,False,Active,Renewed,12,295.8
RC-00877,2024-06-24,Q2 2024,Asia-Pacific,Freelancer,Basic,Monthly,Paid Search,0.373,15,,,False,False,Active,Active,12,180
RC-00878,2024-04-25,Q2 2024,Europe,Small Business,Standard,Monthly,Paid Search,0.505,29,3,Alternative,False,False,Churned,Churned,3,87
RC-00879,2024-05-15,Q2 2024,Other,Individual,Basic,Monthly,Organic,0.828,15,,,False,False,Active,Active,12,180
RC-00880,2024-08-13,Q3 2024,Other,Individual,Standard,Monthly,Social,0.743,29,,,False,False,Active,Active,12,348
RC-00881,2024-09-17,Q3 2024,Asia-Pacific,Individual,Basic,Monthly,Social,0.614,15,,,False,False,Active,Active,12,180
RC-00882,2024-03-06,Q1 2024,Europe,Individual,Basic,Monthly,Social,0.739,15,,,False,False,Active,Active,12,180
RC-00883,2024-04-04,Q2 2024,North America,Individual,Basic,Monthly,Partner,0.538,15,3,Price,False,False,Churned,Churned,3,45
RC-00884,2024-07-17,Q3 2024,North America,Freelancer,Premium,Monthly,Paid Search,0.179,49,,,True,True,At risk,At risk,12,588
RC-00885,2024-02-01,Q1 2024,Europe,Individual,Premium,Monthly,Referral,0.351,49,8,Low usage,False,False,Active,Churned,8,392
RC-00886,2024-10-08,Q4 2024,Europe,Individual,Premium,Monthly,Organic,0.804,49,,,False,False,Active,Active,12,588
RC-00887,2024-12-07,Q4 2024,Asia-Pacific,Individual,Premium,Monthly,Paid Search,0.512,49,,,False,False,Active,Active,12,588
RC-00888,2024-12-16,Q4 2024,Europe,Individual,Standard,Annual,Referral,0.841,24.65,,,False,False,Active,Renewed,12,295.8
RC-00889,2024-06-05,Q2 2024,North America,Freelancer,Standard,Monthly,Organic,0.81,29,,,False,True,Active,At risk,12,348
RC-00890,2024-02-18,Q1 2024,North America,Small Business,Standard,Annual,Organic,0.299,24.65,,,True,True,At risk,At risk,12,295.8
RC-00891,2024-08-09,Q3 2024,North America,Individual,Basic,Monthly,Referral,0.397,15,11,Price,False,False,Active,Churned,11,165
RC-00892,2024-04-25,Q2 2024,Asia-Pacific,Small Business,Basic,Monthly,Organic,0.473,15,2,Price,False,False,Churned,Churned,2,30
RC-00893,2024-10-23,Q4 2024,Europe,Individual,Premium,Monthly,Social,0.56,49,,,False,False,Active,Active,12,588
RC-00894,2024-08-22,Q3 2024,Europe,Small Business,Premium,Annual,Organic,0.513,41.65,,,False,False,Active,Renewed,12,499.8
RC-00895,2024-08-09,Q3 2024,Asia-Pacific,Individual,Basic,Monthly,Paid Search,0.379,15,11,Price,False,False,Active,Churned,11,165
RC-00896,2024-10-23,Q4 2024,Europe,Individual,Enterprise,Annual,Referral,0.919,75.65,,,False,False,Active,Renewed,12,907.8
RC-00897,2024-11-06,Q4 2024,North America,Small Business,Standard,Monthly,Partner,0.471,29,,,False,False,Active,Active,12,348
RC-00898,2024-12-26,Q4 2024,Other,Individual,Standard,Monthly,Social,0.656,29,,,False,False,Active,Active,12,348
RC-00899,2024-05-05,Q2 2024,Asia-Pacific,Freelancer,Standard,Monthly,Social,0.799,29,,,False,True,Active,At risk,12,348
RC-00900,2024-12-08,Q4 2024,Other,Freelancer,Premium,Monthly,Partner,0.585,49,,,False,False,Active,Active,12,588
RC-00901,2024-09-08,Q3 2024,North America,Individual,Basic,Monthly,Referral,0.186,15,,,True,True,At risk,At risk,12,180
RC-00902,2024-08-09,Q3 2024,Europe,Individual,Standard,Monthly,Referral,0.783,29,,,False,False,Active,Active,12,348
RC-00903,2024-06-02,Q2 2024,North America,Freelancer,Standard,Monthly,Paid Search,0.661,29,,,False,False,Active,Active,12,348
RC-00904,2024-12-01,Q4 2024,North America,Small Business,Premium,Annual,Social,0.918,41.65,,,False,False,Active,Renewed,12,499.8
RC-00905,2024-10-27,Q4 2024,Europe,Freelancer,Enterprise,Monthly,Partner,0.72,89,,,False,False,Active,Active,12,1068
RC-00906,2024-10-10,Q4 2024,Asia-Pacific,Individual,Premium,Monthly,Social,0.72,49,,,False,False,Active,Active,12,588
RC-00907,2024-12-20,Q4 2024,Europe,Individual,Enterprise,Monthly,Referral,0.533,89,,,True,False,At risk,Active,12,1068
RC-00908,2024-02-12,Q1 2024,Europe,Freelancer,Basic,Monthly,Paid Search,0.894,15,,,False,True,Active,At risk,12,180
RC-00909,2024-03-08,Q1 2024,North America,Small Business,Premium,Monthly,Organic,0.693,49,,,False,False,Active,Active,12,588
RC-00910,2024-09-07,Q3 2024,Europe,Individual,Premium,Annual,Social,0.349,41.65,,,True,True,At risk,At risk,12,499.8
RC-00911,2024-09-10,Q3 2024,Europe,Individual,Basic,Monthly,Organic,0.894,15,2,Alternative,False,False,Churned,Churned,2,30
RC-00912,2024-03-25,Q1 2024,Europe,Small Business,Basic,Monthly,Organic,0.189,15,,,True,True,At risk,At risk,12,180
RC-00913,2024-08-17,Q3 2024,Europe,Small Business,Standard,Monthly,Referral,0.522,29,,,False,False,Active,Active,12,348
RC-00914,2024-04-12,Q2 2024,Asia-Pacific,Small Business,Basic,Monthly,Organic,0.702,15,,,False,False,Active,Active,12,180
RC-00915,2024-05-09,Q2 2024,North America,Individual,Basic,Annual,Referral,0.248,12.75,,,True,True,At risk,At risk,12,153.0
RC-00916,2024-05-15,Q2 2024,Europe,Individual,Basic,Monthly,Organic,0.748,15,,,False,False,Active,Active,12,180
RC-00917,2024-05-24,Q2 2024,Europe,Small Business,Basic,Monthly,Organic,0.642,15,7,Low usage,False,False,Active,Churned,7,105
RC-00918,2024-07-26,Q3 2024,North America,Individual,Standard,Monthly,Paid Search,0.634,29,,,False,False,Active,Active,12,348
RC-00919,2024-05-23,Q2 2024,North America,Individual,Standard,Monthly,Organic,0.561,29,,,False,False,Active,Active,12,348
RC-00920,2024-08-27,Q3 2024,Other,Freelancer,Basic,Monthly,Organic,0.401,15,,,False,False,Active,Active,12,180
RC-00921,2024-03-11,Q1 2024,North America,Individual,Standard,Annual,Partner,0.756,24.65,,,False,False,Active,Renewed,12,295.8
RC-00922,2024-04-21,Q2 2024,Other,Small Business,Premium,Monthly,Referral,0.233,49,,,True,True,At risk,At risk,12,588
RC-00923,2024-10-12,Q4 2024,North America,Small Business,Standard,Monthly,Referral,0.35,29,,,False,False,Active,Active,12,348
RC-00924,2024-03-14,Q1 2024,Europe,Freelancer,Basic,Annual,Referral,0.928,12.75,,,False,True,Active,At risk,12,153.0
RC-00925,2024-05-15,Q2 2024,Asia-Pacific,Small Business,Standard,Monthly,Partner,0.199,29,,,True,True,At risk,At risk,12,348
RC-00926,2024-10-07,Q4 2024,North America,Small Business,Premium,Monthly,Referral,0.556,49,,,False,True,Active,At risk,12,588
RC-00927,2024-05-25,Q2 2024,North America,Individual,Basic,Annual,Social,0.961,12.75,9,Product experience,False,False,Active,Churned,9,114.75
RC-00928,2024-11-23,Q4 2024,Europe,Freelancer,Standard,Monthly,Social,0.646,29,,,False,False,Active,Active,12,348
RC-00929,2024-09-05,Q3 2024,Europe,Individual,Standard,Monthly,Partner,0.081,29,6,Low usage,True,False,At risk,Churned,6,174
RC-00930,2024-11-12,Q4 2024,North America,Individual,Standard,Monthly,Partner,0.828,29,,,False,False,Active,Active,12,348
RC-00931,2024-10-24,Q4 2024,North America,Individual,Standard,Monthly,Organic,0.314,29,,,True,True,At risk,At risk,12,348
RC-00932,2024-08-21,Q3 2024,Europe,Individual,Standard,Annual,Referral,0.564,24.65,,,False,True,Active,At risk,12,295.8
RC-00933,2024-12-28,Q4 2024,North America,Small Business,Standard,Monthly,Social,0.647,29,,,False,False,Active,Active,12,348
RC-00934,2024-07-05,Q3 2024,Asia-Pacific,Freelancer,Standard,Monthly,Referral,0.583,29,,,False,False,Active,Active,12,348
RC-00935,2024-12-26,Q4 2024,Asia-Pacific,Small Business,Standard,Annual,Paid Search,0.418,24.65,2,Product experience,False,False,Churned,Churned,2,49.3
RC-00936,2024-01-19,Q1 2024,Europe,Freelancer,Basic,Monthly,Organic,0.658,15,,,False,False,Active,Active,12,180
RC-00937,2024-10-24,Q4 2024,North America,Freelancer,Premium,Annual,Organic,0.358,41.65,2,Price,False,False,Churned,Churned,2,83.3
RC-00938,2024-08-08,Q3 2024,Europe,Individual,Standard,Annual,Partner,0.302,24.65,4,Price,True,False,At risk,Churned,4,98.6
RC-00939,2024-05-09,Q2 2024,Other,Individual,Standard,Annual,Organic,0.619,24.65,,,False,False,Active,Renewed,12,295.8
RC-00940,2024-04-27,Q2 2024,Asia-Pacific,Freelancer,Standard,Monthly,Organic,0.348,29,,,False,False,Active,Active,12,348
RC-00941,2024-08-08,Q3 2024,Europe,Individual,Premium,Monthly,Paid Search,0.441,49,,,False,False,Active,Active,12,588
RC-00942,2024-11-02,Q4 2024,North America,Individual,Basic,Monthly,Social,0.21,15,,,True,True,At risk,At risk,12,180
RC-00943,2024-09-16,Q3 2024,Asia-Pacific,Freelancer,Standard,Annual,Paid Search,0.763,24.65,6,Payment issue,False,False,Active,Churned,6,147.9
RC-00944,2024-07-18,Q3 2024,Asia-Pacific,Individual,Standard,Monthly,Organic,0.809,29,10,Alternative,False,False,Active,Churned,10,290
RC-00945,2024-03-28,Q1 2024,Europe,Individual,Premium,Annual,Organic,0.506,41.65,,,False,False,Active,Renewed,12,499.8
RC-00946,2024-06-11,Q2 2024,Europe,Small Business,Standard,Monthly,Social,0.513,29,,,False,False,Active,Active,12,348
RC-00947,2024-08-20,Q3 2024,Asia-Pacific,Individual,Premium,Annual,Referral,0.517,41.65,,,True,False,At risk,Renewed,12,499.8
RC-00948,2024-02-17,Q1 2024,North America,Freelancer,Premium,Monthly,Social,0.869,49,1,Alternative,False,False,Churned,Churned,1,49
RC-00949,2024-12-25,Q4 2024,North America,Small Business,Premium,Monthly,Organic,0.491,49,7,Product experience,False,False,Active,Churned,7,343
RC-00950,2024-04-10,Q2 2024,Asia-Pacific,Individual,Standard,Annual,Partner,0.841,24.65,,,False,False,Active,Renewed,12,295.8
RC-00951,2024-06-05,Q2 2024,Other,Small Business,Standard,Monthly,Referral,0.851,29,,,False,False,Active,Active,12,348
RC-00952,2024-10-22,Q4 2024,Asia-Pacific,Freelancer,Basic,Monthly,Organic,0.896,15,,,False,False,Active,Active,12,180
RC-00953,2024-02-03,Q1 2024,Asia-Pacific,Small Business,Basic,Monthly,Paid Search,0.536,15,,,False,False,Active,Active,12,180
RC-00954,2024-01-27,Q1 2024,Asia-Pacific,Small Business,Basic,Monthly,Paid Search,0.247,15,,,True,True,At risk,At risk,12,180
RC-00955,2024-07-28,Q3 2024,North America,Individual,Premium,Annual,Paid Search,0.613,41.65,,,False,False,Active,Renewed,12,499.8
RC-00956,2024-11-23,Q4 2024,North America,Individual,Enterprise,Monthly,Social,0.115,89,,,True,True,At risk,At risk,12,1068
RC-00957,2024-02-04,Q1 2024,Europe,Individual,Standard,Monthly,Organic,0.5,29,1,Alternative,False,False,Churned,Churned,1,29
RC-00958,2024-12-04,Q4 2024,North America,Individual,Standard,Monthly,Referral,0.132,29,,,True,True,At risk,At risk,12,348
RC-00959,2024-01-20,Q1 2024,Asia-Pacific,Individual,Basic,Monthly,Referral,0.846,15,,,False,False,Active,Active,12,180
RC-00960,2024-05-05,Q2 2024,Europe,Small Business,Basic,Monthly,Social,0.547,15,,,False,False,Active,Active,12,180
RC-00961,2024-07-20,Q3 2024,Europe,Small Business,Standard,Monthly,Social,0.526,29,,,False,False,Active,Active,12,348
RC-00962,2024-04-25,Q2 2024,North America,Small Business,Premium,Monthly,Social,0.282,49,,,True,True,At risk,At risk,12,588
RC-00963,2024-08-05,Q3 2024,North America,Small Business,Premium,Monthly,Organic,0.804,49,,,True,False,At risk,Active,12,588
RC-00964,2024-07-19,Q3 2024,Other,Small Business,Premium,Annual,Referral,0.348,41.65,,,False,False,Active,Renewed,12,499.8
RC-00965,2024-01-05,Q1 2024,North America,Small Business,Enterprise,Annual,Social,0.628,75.65,,,False,False,Active,Renewed,12,907.8
RC-00966,2024-09-06,Q3 2024,North America,Small Business,Standard,Monthly,Paid Search,0.566,29,,,False,False,Active,Active,12,348
RC-00967,2024-09-02,Q3 2024,North America,Individual,Standard,Monthly,Organic,0.684,29,,,False,False,Active,Active,12,348
RC-00968,2024-03-15,Q1 2024,North America,Individual,Premium,Annual,Paid Search,0.449,41.65,,,False,False,Active,Renewed,12,499.8
RC-00969,2024-10-28,Q4 2024,Asia-Pacific,Small Business,Basic,Annual,Social,0.159,12.75,1,Product experience,False,False,Churned,Churned,1,12.75
RC-00970,2024-05-17,Q2 2024,Other,Individual,Enterprise,Annual,Referral,0.116,75.65,,,True,True,At risk,At risk,12,907.8
RC-00971,2024-03-04,Q1 2024,North America,Small Business,Standard,Monthly,Social,0.685,29,10,Low usage,False,False,Active,Churned,10,290
RC-00972,2024-05-14,Q2 2024,Europe,Individual,Basic,Monthly,Social,0.072,15,4,Price,True,False,At risk,Churned,4,60
RC-00973,2024-01-12,Q1 2024,Europe,Freelancer,Basic,Monthly,Social,0.748,15,,,False,False,Active,Active,12,180
RC-00974,2024-05-08,Q2 2024,Europe,Freelancer,Basic,Monthly,Partner,0.382,15,12,Low usage,False,False,Active,Churned,12,180
RC-00975,2024-10-13,Q4 2024,North America,Freelancer,Standard,Monthly,Partner,0.913,29,,,True,False,At risk,Active,12,348
RC-00976,2024-09-06,Q3 2024,Europe,Individual,Premium,Monthly,Paid Search,0.598,49,12,Price,False,False,Active,Churned,12,588
RC-00977,2024-05-26,Q2 2024,Europe,Small Business,Basic,Monthly,Paid Search,0.522,15,9,Alternative,False,False,Active,Churned,9,135
RC-00978,2024-05-15,Q2 2024,North America,Individual,Enterprise,Annual,Referral,0.88,75.65,,,False,False,Active,Renewed,12,907.8
RC-00979,2024-11-11,Q4 2024,Asia-Pacific,Individual,Premium,Annual,Partner,0.458,41.65,4,Price,False,False,Active,Churned,4,166.6
RC-00980,2024-11-28,Q4 2024,Europe,Individual,Basic,Monthly,Paid Search,0.343,15,2,Low usage,False,False,Churned,Churned,2,30
RC-00981,2024-10-19,Q4 2024,Other,Individual,Basic,Annual,Organic,0.487,12.75,1,Product experience,False,False,Churned,Churned,1,12.75
RC-00982,2024-10-24,Q4 2024,Europe,Individual,Standard,Monthly,Social,0.463,29,,,False,False,Active,Active,12,348
RC-00983,2024-06-02,Q2 2024,North America,Freelancer,Basic,Monthly,Organic,0.219,15,9,Payment issue,True,False,At risk,Churned,9,135
RC-00984,2024-04-28,Q2 2024,Other,Freelancer,Standard,Monthly,Organic,0.432,29,,,False,False,Active,Active,12,348
RC-00985,2024-05-04,Q2 2024,Other,Team,Basic,Annual,Organic,0.562,12.75,2,Low usage,False,False,Churned,Churned,2,25.5
RC-00986,2024-09-20,Q3 2024,North America,Small Business,Standard,Annual,Paid Search,0.364,24.65,6,Changed needs,False,False,Active,Churned,6,147.9
RC-00987,2024-10-07,Q4 2024,North America,Small Business,Basic,Monthly,Paid Search,0.607,15,,,False,False,Active,Active,12,180
RC-00988,2024-06-12,Q2 2024,Asia-Pacific,Individual,Premium,Monthly,Social,0.492,49,,,False,False,Active,Active,12,588
RC-00989,2024-12-02,Q4 2024,North America,Freelancer,Basic,Monthly,Organic,0.539,15,1,Alternative,False,False,Churned,Churned,1,15
RC-00990,2024-01-11,Q1 2024,Europe,Individual,Standard,Monthly,Paid Search,0.659,29,,,False,False,Active,Active,12,348
RC-00991,2024-11-06,Q4 2024,North America,Freelancer,Premium,Annual,Paid Search,0.444,41.65,,,False,False,Active,Renewed,12,499.8
RC-00992,2024-09-09,Q3 2024,North America,Individual,Standard,Monthly,Organic,0.37,29,2,Price,False,False,Churned,Churned,2,58
RC-00993,2024-11-10,Q4 2024,North America,Individual,Basic,Monthly,Paid Search,0.274,15,9,Low usage,True,False,At risk,Churned,9,135
RC-00994,2024-06-17,Q2 2024,Asia-Pacific,Team,Basic,Monthly,Referral,0.568,15,,,False,False,Active,Active,12,180
RC-00995,2024-07-06,Q3 2024,North America,Individual,Basic,Monthly,Paid Search,0.879,15,1,Price,False,False,Churned,Churned,1,15
RC-00996,2024-12-22,Q4 2024,Other,Freelancer,Basic,Annual,Organic,0.782,12.75,,,False,False,Active,Renewed,12,153.0
RC-00997,2024-08-10,Q3 2024,Europe,Freelancer,Basic,Monthly,Organic,0.229,15,,,True,True,At risk,At risk,12,180
RC-00998,2024-05-03,Q2 2024,Asia-Pacific,Small Business,Enterprise,Monthly,Referral,0.085,89,,,True,True,At risk,At risk,12,1068
RC-00999,2024-11-06,Q4 2024,North America,Individual,Basic,Monthly,Social,0.55,15,9,Price,False,False,Active,Churned,9,135
RC-01000,2024-01-07,Q1 2024,North America,Individual,Standard,Annual,Social,0.643,24.65,,,False,False,Active,Renewed,12,295.8
RC-01001,2024-11-12,Q4 2024,Europe,Freelancer,Enterprise,Annual,Paid Search,0.686,75.65,,,False,False,Active,Renewed,12,907.8
RC-01002,2024-12-02,Q4 2024,Asia-Pacific,Individual,Enterprise,Annual,Paid Search,0.84,75.65,2,Changed needs,False,False,Churned,Churned,2,151.3
RC-01003,2024-08-03,Q3 2024,Asia-Pacific,Team,Basic,Monthly,Partner,0.843,15,5,Product experience,False,False,Active,Churned,5,75
RC-01004,2024-12-13,Q4 2024,Asia-Pacific,Team,Basic,Monthly,Referral,0.696,15,,,False,False,Active,Active,12,180
RC-01005,2024-06-04,Q2 2024,Europe,Individual,Standard,Monthly,Referral,0.97,29,,,False,False,Active,Active,12,348
RC-01006,2024-12-16,Q4 2024,North America,Freelancer,Standard,Monthly,Referral,0.827,29,,,False,False,Active,Active,12,348
RC-01007,2024-08-17,Q3 2024,Other,Freelancer,Basic,Monthly,Organic,0.565,15,,,False,False,Active,Active,12,180
RC-01008,2024-10-14,Q4 2024,Other,Individual,Standard,Annual,Social,0.89,24.65,,,False,False,Active,Renewed,12,295.8
RC-01009,2024-03-01,Q1 2024,Europe,Small Business,Premium,Annual,Partner,0.67,41.65,,,False,True,Active,At risk,12,499.8
RC-01010,2024-09-19,Q3 2024,Europe,Small Business,Basic,Monthly,Social,0.801,15,,,False,False,Active,Active,12,180
RC-01011,2024-03-02,Q1 2024,North America,Freelancer,Basic,Monthly,Organic,0.43,15,,,False,False,Active,Active,12,180
RC-01012,2024-09-18,Q3 2024,North America,Team,Standard,Annual,Organic,0.728,24.65,,,False,False,Active,Renewed,12,295.8
RC-01013,2024-03-23,Q1 2024,Europe,Individual,Standard,Monthly,Organic,0.469,29,1,Price,False,False,Churned,Churned,1,29
RC-01014,2024-10-12,Q4 2024,Europe,Individual,Basic,Monthly,Paid Search,0.527,15,,,False,False,Active,Active,12,180
RC-01015,2024-10-15,Q4 2024,North America,Team,Premium,Monthly,Partner,0.63,49,8,Product experience,False,False,Active,Churned,8,392
RC-01016,2024-04-11,Q2 2024,North America,Freelancer,Standard,Monthly,Partner,0.344,29,,,True,False,At risk,Active,12,348
RC-01017,2024-10-09,Q4 2024,Asia-Pacific,Small Business,Standard,Monthly,Social,0.265,29,,,True,True,At risk,At risk,12,348
RC-01018,2024-07-22,Q3 2024,Europe,Individual,Enterprise,Annual,Social,0.583,75.65,,,False,False,Active,Renewed,12,907.8
RC-01019,2024-07-25,Q3 2024,Asia-Pacific,Small Business,Standard,Monthly,Organic,0.413,29,9,Alternative,False,False,Active,Churned,9,261
RC-01020,2024-05-12,Q2 2024,Europe,Freelancer,Premium,Annual,Organic,0.194,41.65,,,True,True,At risk,At risk,12,499.8
RC-01021,2024-02-13,Q1 2024,Europe,Freelancer,Basic,Monthly,Paid Search,0.623,15,,,False,False,Active,Active,12,180
RC-01022,2024-07-01,Q3 2024,North America,Small Business,Basic,Annual,Organic,0.349,12.75,11,Product experience,False,False,Active,Churned,11,140.25
RC-01023,2024-11-26,Q4 2024,North America,Individual,Basic,Monthly,Social,0.826,15,,,False,False,Active,Active,12,180
RC-01024,2024-01-21,Q1 2024,Europe,Individual,Standard,Monthly,Organic,0.585,29,,,False,False,Active,Active,12,348
RC-01025,2024-04-18,Q2 2024,North America,Individual,Standard,Monthly,Organic,0.054,29,,,True,True,At risk,At risk,12,348
RC-01026,2024-12-19,Q4 2024,North America,Small Business,Standard,Monthly,Organic,0.725,29,6,Product experience,True,False,At risk,Churned,6,174
RC-01027,2024-08-02,Q3 2024,Asia-Pacific,Freelancer,Standard,Monthly,Organic,0.655,29,,,False,False,Active,Active,12,348
RC-01028,2024-04-21,Q2 2024,North America,Team,Basic,Monthly,Organic,0.883,15,,,False,False,Active,Active,12,180
RC-01029,2024-04-01,Q2 2024,Europe,Individual,Basic,Annual,Social,0.235,12.75,,,True,True,At risk,At risk,12,153.0
RC-01030,2024-06-19,Q2 2024,North America,Small Business,Standard,Monthly,Referral,0.514,29,5,Changed needs,False,False,Active,Churned,5,145
RC-01031,2024-07-26,Q3 2024,Other,Small Business,Standard,Annual,Paid Search,0.681,24.65,,,True,False,At risk,Renewed,12,295.8
RC-01032,2024-01-13,Q1 2024,North America,Small Business,Basic,Monthly,Paid Search,0.887,15,,,False,False,Active,Active,12,180
RC-01033,2024-04-06,Q2 2024,Europe,Individual,Enterprise,Annual,Referral,0.628,75.65,,,False,False,Active,Renewed,12,907.8
RC-01034,2024-10-14,Q4 2024,North America,Small Business,Premium,Monthly,Social,0.617,49,,,False,True,Active,At risk,12,588
RC-01035,2024-07-16,Q3 2024,North America,Individual,Premium,Annual,Social,0.601,41.65,,,False,False,Active,Renewed,12,499.8
RC-01036,2024-06-06,Q2 2024,North America,Team,Premium,Monthly,Partner,0.746,49,,,False,False,Active,Active,12,588
RC-01037,2024-06-04,Q2 2024,Europe,Small Business,Enterprise,Monthly,Social,0.475,89,,,False,False,Active,Active,12,1068
RC-01038,2024-12-19,Q4 2024,Asia-Pacific,Individual,Standard,Monthly,Organic,0.677,29,,,False,False,Active,Active,12,348
RC-01039,2024-04-07,Q2 2024,Europe,Individual,Enterprise,Monthly,Organic,0.134,89,,,True,True,At risk,At risk,12,1068
RC-01040,2024-02-02,Q1 2024,Europe,Individual,Standard,Annual,Social,0.416,24.65,,,False,False,Active,Renewed,12,295.8
RC-01041,2024-12-04,Q4 2024,North America,Individual,Basic,Monthly,Paid Search,0.641,15,,,False,False,Active,Active,12,180
RC-01042,2024-05-22,Q2 2024,Other,Team,Basic,Monthly,Referral,0.591,15,,,False,False,Active,Active,12,180
RC-01043,2024-09-19,Q3 2024,North America,Individual,Basic,Annual,Organic,0.73,12.75,,,False,True,Active,At risk,12,153.0
RC-01044,2024-10-28,Q4 2024,North America,Individual,Premium,Monthly,Organic,0.65,49,,,False,False,Active,Active,12,588
RC-01045,2024-09-07,Q3 2024,Europe,Individual,Basic,Monthly,Paid Search,0.41,15,,,False,False,Active,Active,12,180
RC-01046,2024-09-24,Q3 2024,Europe,Individual,Premium,Annual,Organic,0.731,41.65,,,False,True,Active,At risk,12,499.8
RC-01047,2024-03-18,Q1 2024,North America,Individual,Basic,Monthly,Paid Search,0.749,15,,,False,False,Active,Active,12,180
RC-01048,2024-06-03,Q2 2024,North America,Freelancer,Premium,Annual,Organic,0.823,41.65,,,False,False,Active,Renewed,12,499.8
RC-01049,2024-07-19,Q3 2024,Other,Individual,Standard,Monthly,Organic,0.895,29,,,False,False,Active,Active,12,348
RC-01050,2024-07-13,Q3 2024,Europe,Freelancer,Standard,Monthly,Partner,0.863,29,,,False,False,Active,Active,12,348
RC-01051,2024-07-15,Q3 2024,Other,Individual,Standard,Monthly,Paid Search,0.158,29,9,Price,True,False,At risk,Churned,9,261
RC-01052,2024-05-07,Q2 2024,Europe,Individual,Premium,Annual,Partner,0.912,41.65,,,True,False,At risk,Renewed,12,499.8
RC-01053,2024-07-07,Q3 2024,Europe,Individual,Premium,Monthly,Organic,0.868,49,,,False,False,Active,Active,12,588
RC-01054,2024-11-14,Q4 2024,Europe,Small Business,Premium,Annual,Social,0.458,41.65,1,Low usage,False,False,Churned,Churned,1,41.65
RC-01055,2024-01-10,Q1 2024,Asia-Pacific,Individual,Basic,Monthly,Organic,0.383,15,,,False,False,Active,Active,12,180
RC-01056,2024-12-12,Q4 2024,Asia-Pacific,Freelancer,Basic,Monthly,Referral,0.86,15,,,False,False,Active,Active,12,180
RC-01057,2024-12-19,Q4 2024,Asia-Pacific,Small Business,Standard,Monthly,Organic,0.644,29,12,Product experience,False,False,Active,Churned,12,348
RC-01058,2024-11-14,Q4 2024,Asia-Pacific,Small Business,Basic,Monthly,Referral,0.265,15,,,True,True,At risk,At risk,12,180
RC-01059,2024-05-18,Q2 2024,Europe,Team,Premium,Monthly,Organic,0.746,49,4,Changed needs,False,False,Active,Churned,4,196
RC-01060,2024-02-13,Q1 2024,Europe,Freelancer,Premium,Monthly,Social,0.795,49,1,Low usage,False,False,Churned,Churned,1,49
RC-01061,2024-09-07,Q3 2024,North America,Individual,Standard,Annual,Organic,0.524,24.65,10,Low usage,False,False,Active,Churned,10,246.5
RC-01062,2024-05-24,Q2 2024,North America,Team,Premium,Annual,Paid Search,0.786,41.65,,,False,False,Active,Renewed,12,499.8
RC-01063,2024-05-19,Q2 2024,North America,Individual,Standard,Annual,Organic,0.587,24.65,,,False,False,Active,Renewed,12,295.8
RC-01064,2024-07-24,Q3 2024,North America,Small Business,Enterprise,Monthly,Organic,0.38,89,,,False,False,Active,Active,12,1068
RC-01065,2024-02-11,Q1 2024,Asia-Pacific,Team,Standard,Monthly,Organic,0.431,29,,,False,False,Active,Active,12,348
RC-01066,2024-03-20,Q1 2024,Europe,Freelancer,Standard,Monthly,Social,0.552,29,,,False,False,Active,Active,12,348
RC-01067,2024-04-23,Q2 2024,Europe,Freelancer,Basic,Monthly,Organic,0.435,15,,,False,False,Active,Active,12,180
RC-01068,2024-07-20,Q3 2024,Europe,Small Business,Basic,Annual,Referral,0.75,12.75,,,False,True,Active,At risk,12,153.0
RC-01069,2024-02-02,Q1 2024,Asia-Pacific,Individual,Standard,Annual,Organic,0.486,24.65,,,False,False,Active,Renewed,12,295.8
RC-01070,2024-07-21,Q3 2024,Asia-Pacific,Individual,Standard,Monthly,Paid Search,0.546,29,,,False,False,Active,Active,12,348
RC-01071,2024-05-28,Q2 2024,Europe,Individual,Standard,Annual,Organic,0.478,24.65,,,True,False,At risk,Renewed,12,295.8
RC-01072,2024-04-19,Q2 2024,North America,Freelancer,Basic,Monthly,Social,0.604,15,,,False,False,Active,Active,12,180
RC-01073,2024-12-19,Q4 2024,North America,Small Business,Enterprise,Annual,Organic,0.552,75.65,,,False,False,Active,Renewed,12,907.8
RC-01074,2024-03-17,Q1 2024,Asia-Pacific,Individual,Standard,Annual,Organic,0.827,24.65,,,False,False,Active,Renewed,12,295.8
RC-01075,2024-10-24,Q4 2024,North America,Freelancer,Basic,Monthly,Paid Search,0.457,15,1,Low usage,False,False,Churned,Churned,1,15
RC-01076,2024-06-17,Q2 2024,Europe,Freelancer,Basic,Monthly,Social,0.392,15,8,Low usage,False,False,Active,Churned,8,120
RC-01077,2024-05-06,Q2 2024,Europe,Small Business,Premium,Annual,Referral,0.488,41.65,,,False,False,Active,Renewed,12,499.8
RC-01078,2024-11-10,Q4 2024,Europe,Small Business,Premium,Annual,Paid Search,0.801,41.65,,,False,False,Active,Renewed,12,499.8
RC-01079,2024-07-17,Q3 2024,Europe,Individual,Basic,Monthly,Organic,0.436,15,7,Payment issue,True,False,At risk,Churned,7,105
RC-01080,2024-01-08,Q1 2024,North America,Small Business,Basic,Monthly,Referral,0.204,15,,,True,True,At risk,At risk,12,180
RC-01081,2024-06-07,Q2 2024,North America,Individual,Standard,Monthly,Referral,0.613,29,,,False,False,Active,Active,12,348
RC-01082,2024-01-19,Q1 2024,Europe,Team,Standard,Monthly,Organic,0.587,29,6,Low usage,False,False,Active,Churned,6,174
RC-01083,2024-01-23,Q1 2024,Other,Small Business,Basic,Monthly,Organic,0.097,15,,,True,True,At risk,At risk,12,180
RC-01084,2024-06-12,Q2 2024,North America,Small Business,Standard,Monthly,Social,0.499,29,,,False,False,Active,Active,12,348
RC-01085,2024-12-24,Q4 2024,Asia-Pacific,Small Business,Enterprise,Monthly,Paid Search,0.241,89,,,True,True,At risk,At risk,12,1068
RC-01086,2024-04-23,Q2 2024,Asia-Pacific,Freelancer,Basic,Monthly,Paid Search,0.344,15,6,Price,False,False,Active,Churned,6,90
RC-01087,2024-09-23,Q3 2024,North America,Small Business,Basic,Monthly,Social,0.706,15,12,Payment issue,False,False,Active,Churned,12,180
RC-01088,2024-01-09,Q1 2024,Asia-Pacific,Individual,Basic,Monthly,Referral,0.956,15,4,Payment issue,False,False,Active,Churned,4,60
RC-01089,2024-12-03,Q4 2024,Asia-Pacific,Individual,Basic,Monthly,Organic,0.318,15,2,Changed needs,False,False,Churned,Churned,2,30
RC-01090,2024-12-15,Q4 2024,Europe,Individual,Premium,Annual,Organic,0.723,41.65,,,False,False,Active,Renewed,12,499.8
RC-01091,2024-06-07,Q2 2024,Europe,Freelancer,Premium,Annual,Referral,0.959,41.65,,,False,True,Active,At risk,12,499.8
RC-01092,2024-11-18,Q4 2024,Asia-Pacific,Team,Premium,Monthly,Paid Search,0.721,49,,,False,False,Active,Active,12,588
RC-01093,2024-01-12,Q1 2024,Asia-Pacific,Individual,Basic,Monthly,Organic,0.576,15,7,Price,False,False,Active,Churned,7,105
RC-01094,2024-04-23,Q2 2024,Asia-Pacific,Individual,Standard,Annual,Paid Search,0.981,24.65,,,False,False,Active,Renewed,12,295.8
RC-01095,2024-03-14,Q1 2024,Europe,Individual,Premium,Monthly,Organic,0.898,49,,,False,False,Active,Active,12,588
RC-01096,2024-07-22,Q3 2024,Europe,Freelancer,Standard,Annual,Referral,0.473,24.65,5,Low usage,False,False,Active,Churned,5,123.25
RC-01097,2024-02-15,Q1 2024,Other,Individual,Premium,Annual,Paid Search,0.726,41.65,,,True,True,At risk,At risk,12,499.8
RC-01098,2024-07-15,Q3 2024,Europe,Small Business,Basic,Monthly,Referral,0.51,15,,,False,False,Active,Active,12,180
RC-01099,2024-12-17,Q4 2024,Asia-Pacific,Freelancer,Standard,Monthly,Social,0.986,29,,,False,False,Active,Active,12,348
RC-01100,2024-05-11,Q2 2024,Other,Individual,Basic,Annual,Paid Search,0.518,12.75,,,False,False,Active,Renewed,12,153.0
RC-01101,2024-09-20,Q3 2024,North America,Individual,Premium,Annual,Organic,0.835,41.65,,,False,False,Active,Renewed,12,499.8
RC-01102,2024-05-08,Q2 2024,Europe,Small Business,Premium,Monthly,Organic,0.749,49,,,False,False,Active,Active,12,588
RC-01103,2024-12-20,Q4 2024,Europe,Small Business,Basic,Monthly,Paid Search,0.612,15,,,False,False,Active,Active,12,180
RC-01104,2024-12-21,Q4 2024,North America,Individual,Basic,Monthly,Paid Search,0.783,15,,,False,False,Active,Active,12,180
RC-01105,2024-03-02,Q1 2024,Europe,Small Business,Standard,Monthly,Referral,0.557,29,,,False,False,Active,Active,12,348
RC-01106,2024-06-27,Q2 2024,North America,Individual,Basic,Monthly,Paid Search,0.259,15,10,Payment issue,True,False,At risk,Churned,10,150
RC-01107,2024-08-01,Q3 2024,North America,Small Business,Standard,Annual,Paid Search,0.827,24.65,,,False,False,Active,Renewed,12,295.8
RC-01108,2024-09-05,Q3 2024,North America,Freelancer,Premium,Annual,Paid Search,0.591,41.65,,,False,False,Active,Renewed,12,499.8
RC-01109,2024-03-26,Q1 2024,Europe,Individual,Premium,Annual,Organic,0.664,41.65,,,False,False,Active,Renewed,12,499.8
RC-01110,2024-01-20,Q1 2024,Other,Team,Enterprise,Annual,Referral,0.842,75.65,,,False,False,Active,Renewed,12,907.8
RC-01111,2024-11-27,Q4 2024,Asia-Pacific,Team,Premium,Monthly,Partner,0.494,49,,,False,False,Active,Active,12,588
RC-01112,2024-06-07,Q2 2024,North America,Individual,Standard,Annual,Partner,0.604,24.65,,,False,False,Active,Renewed,12,295.8
RC-01113,2024-01-09,Q1 2024,Asia-Pacific,Freelancer,Standard,Monthly,Organic,0.378,29,,,False,False,Active,Active,12,348
RC-01114,2024-02-01,Q1 2024,North America,Individual,Premium,Monthly,Organic,0.253,49,6,Product experience,True,False,At risk,Churned,6,294
RC-01115,2024-06-12,Q2 2024,Europe,Individual,Standard,Annual,Social,0.648,24.65,,,False,False,Active,Renewed,12,295.8
RC-01116,2024-06-11,Q2 2024,Asia-Pacific,Individual,Basic,Monthly,Organic,0.805,15,,,False,False,Active,Active,12,180
RC-01117,2024-10-23,Q4 2024,North America,Team,Basic,Monthly,Referral,0.681,15,,,False,False,Active,Active,12,180
RC-01118,2024-09-08,Q3 2024,North America,Freelancer,Standard,Annual,Organic,0.283,24.65,,,True,True,At risk,At risk,12,295.8
RC-01119,2024-11-16,Q4 2024,Europe,Team,Standard,Annual,Social,0.163,24.65,,,True,True,At risk,At risk,12,295.8
RC-01120,2024-09-01,Q3 2024,Europe,Individual,Basic,Monthly,Organic,0.425,15,6,Low usage,False,False,Active,Churned,6,90
RC-01121,2024-05-10,Q2 2024,Europe,Individual,Standard,Monthly,Organic,0.927,29,2,Price,False,False,Churned,Churned,2,58
RC-01122,2024-04-17,Q2 2024,Europe,Individual,Basic,Monthly,Social,0.741,15,,,False,False,Active,Active,12,180
RC-01123,2024-07-12,Q3 2024,Asia-Pacific,Individual,Standard,Monthly,Organic,0.494,29,,,False,False,Active,Active,12,348
RC-01124,2024-12-15,Q4 2024,North America,Individual,Standard,Annual,Referral,0.126,24.65,,,True,True,At risk,At risk,12,295.8
RC-01125,2024-07-24,Q3 2024,Asia-Pacific,Individual,Premium,Monthly,Organic,0.766,49,,,False,False,Active,Active,12,588
RC-01126,2024-10-25,Q4 2024,Asia-Pacific,Individual,Premium,Monthly,Paid Search,0.826,49,,,False,False,Active,Active,12,588
RC-01127,2024-02-04,Q1 2024,Europe,Freelancer,Basic,Annual,Partner,0.772,12.75,4,Alternative,False,False,Active,Churned,4,51.0
RC-01128,2024-11-01,Q4 2024,North America,Individual,Basic,Monthly,Organic,0.837,15,,,False,False,Active,Active,12,180
RC-01129,2024-07-17,Q3 2024,Europe,Individual,Premium,Annual,Partner,0.517,41.65,,,True,False,At risk,Renewed,12,499.8
RC-01130,2024-09-17,Q3 2024,Other,Individual,Premium,Annual,Organic,0.755,41.65,,,True,False,At risk,Renewed,12,499.8
RC-01131,2024-10-03,Q4 2024,Europe,Individual,Standard,Monthly,Organic,0.648,29,,,False,False,Active,Active,12,348
RC-01132,2024-02-09,Q1 2024,Europe,Individual,Basic,Monthly,Paid Search,0.698,15,1,Price,False,False,Churned,Churned,1,15
RC-01133,2024-03-22,Q1 2024,North America,Individual,Standard,Monthly,Referral,0.846,29,,,False,False,Active,Active,12,348
RC-01134,2024-12-18,Q4 2024,Europe,Small Business,Standard,Monthly,Organic,0.609,29,,,False,False,Active,Active,12,348
RC-01135,2024-04-10,Q2 2024,Other,Team,Standard,Annual,Organic,0.47,24.65,,,False,False,Active,Renewed,12,295.8
RC-01136,2024-06-17,Q2 2024,Asia-Pacific,Small Business,Basic,Annual,Paid Search,0.855,12.75,,,False,False,Active,Renewed,12,153.0
RC-01137,2024-11-17,Q4 2024,Europe,Individual,Premium,Monthly,Referral,0.874,49,,,False,False,Active,Active,12,588
RC-01138,2024-04-10,Q2 2024,North America,Individual,Standard,Monthly,Paid Search,0.352,29,,,False,False,Active,Active,12,348
RC-01139,2024-12-14,Q4 2024,North America,Individual,Standard,Monthly,Paid Search,0.412,29,,,False,False,Active,Active,12,348
RC-01140,2024-06-10,Q2 2024,Europe,Individual,Standard,Annual,Paid Search,0.531,24.65,3,Alternative,False,False,Churned,Churned,3,73.95
RC-01141,2024-07-03,Q3 2024,North America,Individual,Standard,Monthly,Organic,0.282,29,,,True,True,At risk,At risk,12,348
RC-01142,2024-01-24,Q1 2024,Europe,Individual,Premium,Monthly,Organic,0.786,49,,,False,False,Active,Active,12,588
RC-01143,2024-10-05,Q4 2024,Europe,Individual,Basic,Monthly,Referral,0.64,15,,,False,False,Active,Active,12,180
RC-01144,2024-09-27,Q3 2024,North America,Individual,Standard,Annual,Organic,0.773,24.65,,,False,False,Active,Renewed,12,295.8
RC-01145,2024-06-14,Q2 2024,Other,Individual,Basic,Monthly,Partner,0.771,15,,,False,False,Active,Active,12,180
RC-01146,2024-10-16,Q4 2024,North America,Small Business,Premium,Monthly,Referral,0.311,49,,,True,True,At risk,At risk,12,588
RC-01147,2024-06-18,Q2 2024,North America,Individual,Basic,Annual,Paid Search,0.573,12.75,,,False,False,Active,Renewed,12,153.0
RC-01148,2024-04-04,Q2 2024,North America,Small Business,Premium,Annual,Referral,0.786,41.65,,,False,False,Active,Renewed,12,499.8
RC-01149,2024-01-14,Q1 2024,Asia-Pacific,Small Business,Basic,Monthly,Social,0.321,15,,,True,True,At risk,At risk,12,180
RC-01150,2024-02-16,Q1 2024,Asia-Pacific,Individual,Enterprise,Annual,Organic,0.94,75.65,,,False,False,Active,Renewed,12,907.8
RC-01151,2024-09-26,Q3 2024,Europe,Freelancer,Enterprise,Annual,Organic,0.543,75.65,,,False,False,Active,Renewed,12,907.8
RC-01152,2024-05-02,Q2 2024,North America,Small Business,Standard,Monthly,Paid Search,0.339,29,,,False,True,Active,At risk,12,348
RC-01153,2024-11-15,Q4 2024,Europe,Individual,Basic,Monthly,Referral,0.331,15,1,Price,False,False,Churned,Churned,1,15
RC-01154,2024-12-06,Q4 2024,Europe,Freelancer,Basic,Annual,Social,0.809,12.75,,,False,False,Active,Renewed,12,153.0
RC-01155,2024-05-13,Q2 2024,North America,Individual,Basic,Annual,Referral,0.662,12.75,,,False,False,Active,Renewed,12,153.0
RC-01156,2024-09-24,Q3 2024,North America,Individual,Standard,Monthly,Paid Search,0.785,29,11,Price,False,False,Active,Churned,11,319
RC-01157,2024-03-12,Q1 2024,Asia-Pacific,Freelancer,Standard,Monthly,Paid Search,0.746,29,4,Product experience,False,False,Active,Churned,4,116
RC-01158,2024-11-01,Q4 2024,Europe,Team,Enterprise,Annual,Social,0.236,75.65,,,True,True,At risk,At risk,12,907.8
RC-01159,2024-10-18,Q4 2024,Europe,Individual,Enterprise,Monthly,Paid Search,0.801,89,5,Price,False,False,Active,Churned,5,445
RC-01160,2024-11-11,Q4 2024,Europe,Individual,Basic,Monthly,Organic,0.369,15,,,False,False,Active,Active,12,180
RC-01161,2024-10-09,Q4 2024,Europe,Individual,Basic,Annual,Referral,0.562,12.75,9,Changed needs,False,False,Active,Churned,9,114.75
RC-01162,2024-10-01,Q4 2024,North America,Freelancer,Basic,Monthly,Organic,0.471,15,,,False,False,Active,Active,12,180
RC-01163,2024-12-26,Q4 2024,Asia-Pacific,Individual,Premium,Monthly,Organic,0.336,49,,,False,True,Active,At risk,12,588
RC-01164,2024-06-09,Q2 2024,Other,Individual,Premium,Monthly,Social,0.219,49,,,True,True,At risk,At risk,12,588
RC-01165,2024-05-03,Q2 2024,North America,Individual,Basic,Monthly,Organic,0.881,15,,,False,False,Active,Active,12,180
RC-01166,2024-06-06,Q2 2024,Asia-Pacific,Freelancer,Standard,Annual,Paid Search,0.298,24.65,1,Alternative,False,False,Churned,Churned,1,24.65
RC-01167,2024-08-05,Q3 2024,Europe,Individual,Premium,Annual,Paid Search,0.514,41.65,,,False,False,Active,Renewed,12,499.8
RC-01168,2024-07-24,Q3 2024,North America,Individual,Premium,Monthly,Referral,0.567,49,3,Price,False,False,Churned,Churned,3,147
RC-01169,2024-08-19,Q3 2024,Europe,Small Business,Basic,Annual,Social,0.677,12.75,,,False,False,Active,Renewed,12,153.0
RC-01170,2024-10-18,Q4 2024,Europe,Freelancer,Standard,Annual,Paid Search,0.484,24.65,,,False,False,Active,Renewed,12,295.8
RC-01171,2024-11-03,Q4 2024,Europe,Individual,Basic,Monthly,Social,0.622,15,1,Price,False,False,Churned,Churned,1,15
RC-01172,2024-04-23,Q2 2024,North America,Small Business,Basic,Monthly,Referral,0.692,15,,,False,False,Active,Active,12,180
RC-01173,2024-01-24,Q1 2024,Europe,Freelancer,Basic,Monthly,Social,0.134,15,,,True,True,At risk,At risk,12,180
RC-01174,2024-07-16,Q3 2024,Other,Small Business,Basic,Monthly,Referral,0.502,15,,,False,False,Active,Active,12,180
RC-01175,2024-12-02,Q4 2024,Europe,Individual,Premium,Monthly,Referral,0.707,49,,,False,False,Active,Active,12,588
RC-01176,2024-11-23,Q4 2024,Asia-Pacific,Individual,Standard,Annual,Paid Search,0.623,24.65,,,False,False,Active,Renewed,12,295.8
RC-01177,2024-02-03,Q1 2024,Europe,Individual,Premium,Annual,Paid Search,0.115,41.65,,,True,True,At risk,At risk,12,499.8
RC-01178,2024-10-18,Q4 2024,Europe,Small Business,Basic,Monthly,Organic,0.944,15,,,False,False,Active,Active,12,180
RC-01179,2024-05-02,Q2 2024,North America,Small Business,Standard,Monthly,Referral,0.912,29,,,False,False,Active,Active,12,348
RC-01180,2024-09-10,Q3 2024,Asia-Pacific,Individual,Standard,Annual,Paid Search,0.839,24.65,,,False,False,Active,Renewed,12,295.8
RC-01181,2024-01-24,Q1 2024,Other,Small Business,Premium,Annual,Referral,0.508,41.65,,,False,False,Active,Renewed,12,499.8
RC-01182,2024-07-09,Q3 2024,North America,Freelancer,Basic,Monthly,Partner,0.694,15,,,True,False,At risk,Active,12,180
RC-01183,2024-11-13,Q4 2024,Asia-Pacific,Freelancer,Enterprise,Annual,Organic,0.565,75.65,,,False,False,Active,Renewed,12,907.8
RC-01184,2024-05-22,Q2 2024,North America,Individual,Premium,Annual,Paid Search,0.53,41.65,1,Low usage,False,False,Churned,Churned,1,41.65
RC-01185,2024-04-07,Q2 2024,Asia-Pacific,Team,Premium,Annual,Social,0.961,41.65,,,False,False,Active,Renewed,12,499.8
RC-01186,2024-06-07,Q2 2024,North America,Freelancer,Premium,Monthly,Organic,0.508,49,8,Low usage,False,False,Active,Churned,8,392
RC-01187,2024-09-07,Q3 2024,Europe,Team,Standard,Monthly,Paid Search,0.721,29,,,False,False,Active,Active,12,348
RC-01188,2024-03-02,Q1 2024,Asia-Pacific,Individual,Basic,Monthly,Organic,0.449,15,2,Low usage,False,False,Churned,Churned,2,30
RC-01189,2024-10-09,Q4 2024,North America,Small Business,Standard,Annual,Organic,0.527,24.65,,,False,False,Active,Renewed,12,295.8
RC-01190,2024-06-01,Q2 2024,North America,Freelancer,Premium,Monthly,Organic,0.3,49,,,True,True,At risk,At risk,12,588
RC-01191,2024-04-01,Q2 2024,Other,Small Business,Premium,Monthly,Organic,0.757,49,,,False,False,Active,Active,12,588
RC-01192,2024-10-06,Q4 2024,Other,Individual,Premium,Monthly,Organic,0.321,49,4,Price,True,False,At risk,Churned,4,196
RC-01193,2024-02-18,Q1 2024,Asia-Pacific,Individual,Basic,Monthly,Paid Search,0.911,15,,,True,True,At risk,At risk,12,180
RC-01194,2024-01-28,Q1 2024,Asia-Pacific,Individual,Basic,Annual,Referral,0.744,12.75,10,Product experience,False,False,Active,Churned,10,127.5
RC-01195,2024-05-07,Q2 2024,Europe,Individual,Standard,Monthly,Organic,0.583,29,,,False,False,Active,Active,12,348
RC-01196,2024-11-16,Q4 2024,North America,Freelancer,Premium,Annual,Paid Search,0.708,41.65,2,Changed needs,False,False,Churned,Churned,2,83.3
RC-01197,2024-05-12,Q2 2024,Europe,Individual,Premium,Annual,Referral,0.33,41.65,,,False,True,Active,At risk,12,499.8
RC-01198,2024-04-06,Q2 2024,North America,Individual,Basic,Monthly,Paid Search,0.276,15,,,True,True,At risk,At risk,12,180
RC-01199,2024-06-24,Q2 2024,Asia-Pacific,Individual,Enterprise,Annual,Paid Search,0.533,75.65,,,True,False,At risk,Renewed,12,907.8
RC-01200,2024-08-07,Q3 2024,Asia-Pacific,Small Business,Standard,Annual,Referral,0.303,24.65,,,True,True,At risk,At risk,12,295.8
RC-01201,2024-05-08,Q2 2024,Europe,Small Business,Premium,Monthly,Paid Search,0.128,49,12,Product experience,True,False,At risk,Churned,12,588
RC-01202,2024-02-19,Q1 2024,Other,Individual,Standard,Monthly,Paid Search,0.189,29,,,True,True,At risk,At risk,12,348
RC-01203,2024-03-07,Q1 2024,North America,Freelancer,Basic,Monthly,Referral,0.754,15,,,False,False,Active,Active,12,180
RC-01204,2024-09-02,Q3 2024,Asia-Pacific,Small Business,Basic,Monthly,Organic,0.649,15,9,Price,False,False,Active,Churned,9,135
RC-01205,2024-04-15,Q2 2024,Asia-Pacific,Individual,Premium,Annual,Paid Search,0.727,41.65,4,Alternative,False,False,Active,Churned,4,166.6
RC-01206,2024-06-16,Q2 2024,Europe,Individual,Standard,Monthly,Social,0.581,29,,,False,True,Active,At risk,12,348
RC-01207,2024-08-27,Q3 2024,Europe,Individual,Standard,Monthly,Referral,0.399,29,,,False,True,Active,At risk,12,348
RC-01208,2024-03-24,Q1 2024,North America,Individual,Basic,Annual,Organic,0.693,12.75,,,False,False,Active,Renewed,12,153.0
RC-01209,2024-06-06,Q2 2024,North America,Individual,Premium,Annual,Social,0.87,41.65,,,False,True,Active,At risk,12,499.8
RC-01210,2024-12-23,Q4 2024,Europe,Freelancer,Standard,Monthly,Organic,0.285,29,5,Low usage,True,False,At risk,Churned,5,145
RC-01211,2024-09-19,Q3 2024,Europe,Individual,Premium,Monthly,Organic,0.593,49,10,Low usage,False,False,Active,Churned,10,490
RC-01212,2024-09-11,Q3 2024,North America,Individual,Premium,Monthly,Referral,0.434,49,6,Low usage,False,False,Active,Churned,6,294
RC-01213,2024-03-09,Q1 2024,Europe,Individual,Standard,Monthly,Organic,0.383,29,,,False,False,Active,Active,12,348
RC-01214,2024-12-19,Q4 2024,Asia-Pacific,Individual,Premium,Monthly,Social,0.736,49,8,Price,False,False,Active,Churned,8,392
RC-01215,2024-03-14,Q1 2024,North America,Individual,Premium,Annual,Social,0.455,41.65,,,False,False,Active,Renewed,12,499.8
RC-01216,2024-10-27,Q4 2024,Asia-Pacific,Individual,Basic,Monthly,Partner,0.279,15,,,True,True,At risk,At risk,12,180
RC-01217,2024-11-07,Q4 2024,Europe,Freelancer,Standard,Monthly,Paid Search,0.858,29,,,False,False,Active,Active,12,348
RC-01218,2024-06-01,Q2 2024,Asia-Pacific,Team,Enterprise,Annual,Referral,0.541,75.65,,,False,False,Active,Renewed,12,907.8
RC-01219,2024-07-21,Q3 2024,Europe,Individual,Standard,Monthly,Organic,0.893,29,,,False,False,Active,Active,12,348
RC-01220,2024-10-27,Q4 2024,North America,Freelancer,Standard,Annual,Referral,0.625,24.65,,,False,False,Active,Renewed,12,295.8
RC-01221,2024-06-20,Q2 2024,Europe,Individual,Premium,Annual,Social,0.808,41.65,5,Payment issue,False,False,Active,Churned,5,208.25
RC-01222,2024-06-17,Q2 2024,Asia-Pacific,Individual,Basic,Annual,Paid Search,0.188,12.75,1,Price,False,False,Churned,Churned,1,12.75
RC-01223,2024-11-01,Q4 2024,Europe,Small Business,Basic,Monthly,Organic,0.388,15,,,False,False,Active,Active,12,180
RC-01224,2024-06-09,Q2 2024,Other,Freelancer,Basic,Annual,Organic,0.842,12.75,,,False,False,Active,Renewed,12,153.0
RC-01225,2024-07-07,Q3 2024,Other,Small Business,Standard,Annual,Referral,0.401,24.65,2,Low usage,False,False,Churned,Churned,2,49.3
RC-01226,2024-10-12,Q4 2024,North America,Small Business,Premium,Monthly,Social,0.817,49,,,False,False,Active,Active,12,588
RC-01227,2024-09-12,Q3 2024,Other,Individual,Basic,Monthly,Organic,0.351,15,1,Price,False,False,Churned,Churned,1,15
RC-01228,2024-10-11,Q4 2024,Europe,Team,Standard,Monthly,Organic,0.792,29,,,False,False,Active,Active,12,348
RC-01229,2024-12-17,Q4 2024,North America,Small Business,Basic,Monthly,Paid Search,0.368,15,,,False,False,Active,Active,12,180
RC-01230,2024-03-03,Q1 2024,Other,Individual,Standard,Monthly,Partner,0.573,29,,,True,False,At risk,Active,12,348
RC-01231,2024-01-24,Q1 2024,Europe,Individual,Enterprise,Annual,Referral,0.628,75.65,,,False,False,Active,Renewed,12,907.8
RC-01232,2024-09-13,Q3 2024,Europe,Freelancer,Basic,Monthly,Partner,0.505,15,,,False,True,Active,At risk,12,180
RC-01233,2024-02-16,Q1 2024,North America,Individual,Basic,Monthly,Referral,0.401,15,,,False,False,Active,Active,12,180
RC-01234,2024-01-05,Q1 2024,Europe,Small Business,Basic,Monthly,Paid Search,0.264,15,,,True,True,At risk,At risk,12,180
RC-01235,2024-03-06,Q1 2024,North America,Individual,Standard,Annual,Referral,0.725,24.65,2,Low usage,False,False,Churned,Churned,2,49.3
RC-01236,2024-07-05,Q3 2024,Asia-Pacific,Team,Standard,Monthly,Organic,0.558,29,,,False,False,Active,Active,12,348
RC-01237,2024-06-20,Q2 2024,North America,Individual,Basic,Monthly,Partner,0.931,15,5,Changed needs,False,False,Active,Churned,5,75
RC-01238,2024-03-05,Q1 2024,North America,Individual,Premium,Annual,Paid Search,0.682,41.65,,,False,False,Active,Renewed,12,499.8
RC-01239,2024-10-04,Q4 2024,Europe,Freelancer,Premium,Annual,Partner,0.727,41.65,,,False,False,Active,Renewed,12,499.8
RC-01240,2024-01-20,Q1 2024,Other,Freelancer,Premium,Annual,Paid Search,0.395,41.65,,,False,False,Active,Renewed,12,499.8
RC-01241,2024-04-28,Q2 2024,North America,Freelancer,Premium,Monthly,Organic,0.771,49,1,Alternative,False,False,Churned,Churned,1,49
RC-01242,2024-06-17,Q2 2024,Asia-Pacific,Small Business,Basic,Annual,Organic,0.304,12.75,,,True,True,At risk,At risk,12,153.0
RC-01243,2024-09-23,Q3 2024,North America,Freelancer,Basic,Monthly,Paid Search,0.586,15,,,False,False,Active,Active,12,180
RC-01244,2024-08-04,Q3 2024,North America,Team,Premium,Monthly,Organic,0.596,49,,,False,True,Active,At risk,12,588
RC-01245,2024-07-22,Q3 2024,North America,Freelancer,Enterprise,Monthly,Paid Search,0.37,89,,,True,False,At risk,Active,12,1068
RC-01246,2024-12-15,Q4 2024,North America,Team,Basic,Monthly,Social,0.482,15,5,Price,False,False,Active,Churned,5,75
RC-01247,2024-03-12,Q1 2024,Asia-Pacific,Small Business,Premium,Annual,Paid Search,0.596,41.65,,,False,False,Active,Renewed,12,499.8
RC-01248,2024-11-26,Q4 2024,Asia-Pacific,Small Business,Basic,Monthly,Paid Search,0.808,15,,,False,False,Active,Active,12,180
RC-01249,2024-07-11,Q3 2024,Asia-Pacific,Small Business,Standard,Monthly,Paid Search,0.804,29,,,False,False,Active,Active,12,348
RC-01250,2024-02-07,Q1 2024,Europe,Small Business,Premium,Annual,Organic,0.721,41.65,4,Price,True,False,At risk,Churned,4,166.6
RC-01251,2024-08-14,Q3 2024,North America,Individual,Standard,Monthly,Paid Search,0.995,29,,,False,False,Active,Active,12,348
RC-01252,2024-06-05,Q2 2024,North America,Individual,Basic,Monthly,Organic,0.877,15,9,Low usage,False,False,Active,Churned,9,135
RC-01253,2024-09-17,Q3 2024,North America,Individual,Premium,Annual,Social,0.357,41.65,,,False,False,Active,Renewed,12,499.8
RC-01254,2024-03-18,Q1 2024,North America,Individual,Enterprise,Monthly,Partner,0.567,89,3,Price,False,False,Churned,Churned,3,267
RC-01255,2024-06-03,Q2 2024,North America,Small Business,Basic,Monthly,Organic,0.931,15,,,False,False,Active,Active,12,180
RC-01256,2024-12-02,Q4 2024,Asia-Pacific,Individual,Basic,Monthly,Organic,0.718,15,6,Product experience,False,False,Active,Churned,6,90
RC-01257,2024-12-13,Q4 2024,Europe,Small Business,Premium,Monthly,Organic,0.653,49,,,False,False,Active,Active,12,588
RC-01258,2024-04-08,Q2 2024,North America,Freelancer,Basic,Monthly,Paid Search,0.339,15,,,False,True,Active,At risk,12,180
RC-01259,2024-12-22,Q4 2024,Europe,Individual,Basic,Monthly,Social,0.453,15,11,Alternative,False,False,Active,Churned,11,165
RC-01260,2024-11-28,Q4 2024,North America,Individual,Premium,Annual,Organic,0.105,41.65,,,True,True,At risk,At risk,12,499.8
RC-01261,2024-06-14,Q2 2024,North America,Small Business,Enterprise,Annual,Organic,0.629,75.65,,,False,False,Active,Renewed,12,907.8
RC-01262,2024-11-15,Q4 2024,Asia-Pacific,Individual,Basic,Monthly,Social,0.615,15,1,Price,False,False,Churned,Churned,1,15
RC-01263,2024-02-28,Q1 2024,Europe,Small Business,Premium,Monthly,Social,0.481,49,,,False,False,Active,Active,12,588
RC-01264,2024-06-13,Q2 2024,North America,Freelancer,Premium,Monthly,Organic,0.532,49,,,False,False,Active,Active,12,588
RC-01265,2024-09-10,Q3 2024,Europe,Individual,Standard,Annual,Organic,0.813,24.65,3,Product experience,False,False,Churned,Churned,3,73.95
RC-01266,2024-12-07,Q4 2024,Asia-Pacific,Individual,Premium,Monthly,Social,0.437,49,,,False,False,Active,Active,12,588
RC-01267,2024-04-25,Q2 2024,Other,Freelancer,Premium,Annual,Paid Search,0.808,41.65,,,False,False,Active,Renewed,12,499.8
RC-01268,2024-03-16,Q1 2024,Asia-Pacific,Individual,Standard,Monthly,Partner,0.62,29,6,Low usage,False,False,Active,Churned,6,174
RC-01269,2024-05-10,Q2 2024,Europe,Individual,Standard,Annual,Social,0.575,24.65,,,False,False,Active,Renewed,12,295.8
RC-01270,2024-10-14,Q4 2024,Asia-Pacific,Small Business,Standard,Annual,Paid Search,0.723,24.65,,,False,False,Active,Renewed,12,295.8
RC-01271,2024-07-27,Q3 2024,Europe,Team,Basic,Monthly,Organic,0.613,15,2,Payment issue,False,False,Churned,Churned,2,30
RC-01272,2024-10-05,Q4 2024,North America,Small Business,Premium,Annual,Referral,0.626,41.65,,,False,False,Active,Renewed,12,499.8
RC-01273,2024-07-09,Q3 2024,Asia-Pacific,Individual,Premium,Monthly,Social,0.72,49,,,False,False,Active,Active,12,588
RC-01274,2024-06-12,Q2 2024,North America,Small Business,Basic,Monthly,Organic,0.864,15,12,Price,False,False,Active,Churned,12,180
RC-01275,2024-09-13,Q3 2024,North America,Individual,Basic,Monthly,Organic,0.747,15,8,Product experience,False,False,Active,Churned,8,120
RC-01276,2024-02-03,Q1 2024,Other,Individual,Basic,Monthly,Paid Search,0.238,15,7,Low usage,True,False,At risk,Churned,7,105
RC-01277,2024-04-13,Q2 2024,Other,Small Business,Standard,Monthly,Referral,0.574,29,,,False,False,Active,Active,12,348
RC-01278,2024-01-16,Q1 2024,Asia-Pacific,Individual,Enterprise,Annual,Social,0.383,75.65,1,Price,False,False,Churned,Churned,1,75.65
RC-01279,2024-10-13,Q4 2024,Europe,Individual,Standard,Annual,Organic,0.318,24.65,,,True,True,At risk,At risk,12,295.8
RC-01280,2024-07-06,Q3 2024,Other,Individual,Premium,Annual,Social,0.218,41.65,9,Alternative,True,False,At risk,Churned,9,374.85
RC-01281,2024-05-05,Q2 2024,North America,Small Business,Basic,Monthly,Partner,0.764,15,,,False,False,Active,Active,12,180
RC-01282,2024-11-28,Q4 2024,Europe,Individual,Basic,Monthly,Partner,0.463,15,,,False,False,Active,Active,12,180
RC-01283,2024-12-14,Q4 2024,North America,Individual,Standard,Monthly,Paid Search,0.306,29,5,Price,True,False,At risk,Churned,5,145
RC-01284,2024-08-22,Q3 2024,North America,Small Business,Premium,Monthly,Organic,0.534,49,,,False,False,Active,Active,12,588
RC-01285,2024-11-06,Q4 2024,Other,Freelancer,Standard,Annual,Organic,0.389,24.65,9,Changed needs,True,False,At risk,Churned,9,221.85
RC-01286,2024-11-12,Q4 2024,Asia-Pacific,Team,Basic,Annual,Organic,0.595,12.75,,,False,False,Active,Renewed,12,153.0
RC-01287,2024-12-05,Q4 2024,Asia-Pacific,Small Business,Premium,Monthly,Paid Search,0.43,49,,,False,False,Active,Active,12,588
RC-01288,2024-02-27,Q1 2024,North America,Team,Basic,Monthly,Paid Search,0.461,15,,,False,False,Active,Active,12,180
RC-01289,2024-01-21,Q1 2024,North America,Individual,Enterprise,Annual,Referral,0.814,75.65,,,False,False,Active,Renewed,12,907.8
RC-01290,2024-11-08,Q4 2024,North America,Freelancer,Basic,Monthly,Organic,0.436,15,4,Low usage,False,False,Active,Churned,4,60
RC-01291,2024-09-21,Q3 2024,Asia-Pacific,Team,Standard,Monthly,Referral,0.601,29,8,Price,False,False,Active,Churned,8,232
RC-01292,2024-12-12,Q4 2024,North America,Individual,Basic,Monthly,Paid Search,0.723,15,,,False,False,Active,Active,12,180
RC-01293,2024-07-17,Q3 2024,Asia-Pacific,Small Business,Enterprise,Annual,Organic,0.557,75.65,,,True,False,At risk,Renewed,12,907.8
RC-01294,2024-09-22,Q3 2024,Europe,Team,Basic,Monthly,Organic,0.719,15,6,Product experience,False,False,Active,Churned,6,90
RC-01295,2024-11-06,Q4 2024,North America,Individual,Standard,Monthly,Paid Search,0.601,29,,,True,False,At risk,Active,12,348
RC-01296,2024-05-09,Q2 2024,Asia-Pacific,Individual,Premium,Annual,Referral,0.419,41.65,,,False,False,Active,Renewed,12,499.8
RC-01297,2024-12-22,Q4 2024,North America,Small Business,Standard,Annual,Social,0.573,24.65,,,False,False,Active,Renewed,12,295.8
RC-01298,2024-06-23,Q2 2024,North America,Individual,Standard,Annual,Organic,0.695,24.65,,,False,False,Active,Renewed,12,295.8
RC-01299,2024-12-08,Q4 2024,Europe,Individual,Standard,Monthly,Referral,0.09,29,11,Payment issue,True,False,At risk,Churned,11,319
RC-01300,2024-06-06,Q2 2024,Other,Small Business,Standard,Monthly,Social,0.644,29,,,False,False,Active,Active,12,348
RC-01301,2024-12-27,Q4 2024,Asia-Pacific,Small Business,Premium,Monthly,Paid Search,0.352,49,,,False,False,Active,Active,12,588
RC-01302,2024-08-24,Q3 2024,North America,Freelancer,Standard,Monthly,Paid Search,0.704,29,,,False,False,Active,Active,12,348
RC-01303,2024-07-23,Q3 2024,Europe,Individual,Basic,Monthly,Paid Search,0.836,15,,,False,False,Active,Active,12,180
RC-01304,2024-10-24,Q4 2024,Europe,Individual,Premium,Monthly,Referral,0.959,49,,,False,False,Active,Active,12,588
RC-01305,2024-10-07,Q4 2024,Europe,Freelancer,Basic,Monthly,Paid Search,0.319,15,,,True,True,At risk,At risk,12,180
RC-01306,2024-06-20,Q2 2024,North America,Individual,Standard,Monthly,Partner,0.661,29,,,False,False,Active,Active,12,348
RC-01307,2024-09-14,Q3 2024,Europe,Small Business,Standard,Monthly,Organic,0.711,29,,,False,False,Active,Active,12,348
RC-01308,2024-06-06,Q2 2024,Europe,Freelancer,Standard,Monthly,Partner,0.713,29,,,False,False,Active,Active,12,348
RC-01309,2024-10-28,Q4 2024,Europe,Individual,Basic,Monthly,Referral,0.752,15,2,Alternative,False,False,Churned,Churned,2,30
RC-01310,2024-09-03,Q3 2024,Asia-Pacific,Individual,Standard,Monthly,Partner,0.376,29,,,False,False,Active,Active,12,348
RC-01311,2024-11-27,Q4 2024,Asia-Pacific,Freelancer,Basic,Monthly,Referral,0.763,15,,,False,False,Active,Active,12,180
RC-01312,2024-06-06,Q2 2024,North America,Team,Premium,Annual,Referral,0.297,41.65,,,True,True,At risk,At risk,12,499.8
RC-01313,2024-11-07,Q4 2024,Asia-Pacific,Freelancer,Basic,Monthly,Social,0.243,15,,,True,True,At risk,At risk,12,180
RC-01314,2024-06-19,Q2 2024,North America,Freelancer,Premium,Monthly,Paid Search,0.942,49,9,Product experience,False,False,Active,Churned,9,441
RC-01315,2024-05-10,Q2 2024,Asia-Pacific,Freelancer,Standard,Annual,Organic,0.57,24.65,,,False,False,Active,Renewed,12,295.8
RC-01316,2024-09-24,Q3 2024,Europe,Small Business,Standard,Monthly,Referral,0.426,29,,,False,False,Active,Active,12,348
RC-01317,2024-11-23,Q4 2024,North America,Individual,Standard,Monthly,Social,0.542,29,,,False,False,Active,Active,12,348
RC-01318,2024-06-27,Q2 2024,North America,Individual,Standard,Monthly,Organic,0.664,29,,,False,False,Active,Active,12,348
RC-01319,2024-06-02,Q2 2024,North America,Freelancer,Basic,Monthly,Organic,0.858,15,,,False,False,Active,Active,12,180
RC-01320,2024-11-23,Q4 2024,Asia-Pacific,Individual,Standard,Annual,Partner,0.84,24.65,,,False,False,Active,Renewed,12,295.8
RC-01321,2024-11-18,Q4 2024,North America,Small Business,Standard,Monthly,Partner,0.644,29,,,True,False,At risk,Active,12,348
RC-01322,2024-04-08,Q2 2024,Europe,Individual,Enterprise,Annual,Organic,0.913,75.65,,,False,False,Active,Renewed,12,907.8
RC-01323,2024-11-05,Q4 2024,Europe,Individual,Premium,Monthly,Referral,0.641,49,,,False,False,Active,Active,12,588
RC-01324,2024-03-23,Q1 2024,Europe,Individual,Standard,Monthly,Paid Search,0.505,29,11,Changed needs,False,False,Active,Churned,11,319
RC-01325,2024-05-17,Q2 2024,Europe,Individual,Basic,Monthly,Organic,0.57,15,,,False,False,Active,Active,12,180
RC-01326,2024-07-25,Q3 2024,North America,Freelancer,Basic,Monthly,Partner,0.462,15,11,Low usage,True,False,At risk,Churned,11,165
RC-01327,2024-06-05,Q2 2024,Europe,Individual,Enterprise,Annual,Partner,0.787,75.65,,,False,False,Active,Renewed,12,907.8
RC-01328,2024-05-28,Q2 2024,Europe,Small Business,Basic,Monthly,Paid Search,0.674,15,,,False,False,Active,Active,12,180
RC-01329,2024-07-28,Q3 2024,Europe,Small Business,Enterprise,Annual,Social,0.685,75.65,,,False,False,Active,Renewed,12,907.8
RC-01330,2024-10-07,Q4 2024,Europe,Individual,Premium,Annual,Organic,0.691,41.65,2,Alternative,False,False,Churned,Churned,2,83.3
RC-01331,2024-01-10,Q1 2024,North America,Small Business,Standard,Monthly,Partner,0.649,29,,,False,False,Active,Active,12,348
RC-01332,2024-11-08,Q4 2024,Asia-Pacific,Freelancer,Premium,Monthly,Social,0.915,49,,,False,False,Active,Active,12,588
RC-01333,2024-03-07,Q1 2024,Other,Individual,Basic,Monthly,Paid Search,0.359,15,,,False,False,Active,Active,12,180
RC-01334,2024-09-27,Q3 2024,North America,Individual,Premium,Annual,Partner,0.65,41.65,,,False,False,Active,Renewed,12,499.8
RC-01335,2024-10-08,Q4 2024,Europe,Freelancer,Premium,Monthly,Organic,0.871,49,,,False,False,Active,Active,12,588
RC-01336,2024-10-21,Q4 2024,North America,Freelancer,Premium,Monthly,Organic,0.479,49,,,False,False,Active,Active,12,588
RC-01337,2024-08-18,Q3 2024,North America,Small Business,Standard,Annual,Organic,0.842,24.65,,,False,False,Active,Renewed,12,295.8
RC-01338,2024-04-17,Q2 2024,Asia-Pacific,Freelancer,Standard,Monthly,Organic,0.467,29,,,False,False,Active,Active,12,348
RC-01339,2024-08-02,Q3 2024,Europe,Freelancer,Basic,Monthly,Organic,0.616,15,,,True,False,At risk,Active,12,180
RC-01340,2024-07-26,Q3 2024,Europe,Individual,Basic,Monthly,Social,0.912,15,,,False,False,Active,Active,12,180
RC-01341,2024-11-13,Q4 2024,Asia-Pacific,Freelancer,Basic,Monthly,Paid Search,0.748,15,,,False,False,Active,Active,12,180
RC-01342,2024-04-06,Q2 2024,Other,Individual,Standard,Monthly,Organic,0.794,29,,,False,False,Active,Active,12,348
RC-01343,2024-11-26,Q4 2024,North America,Freelancer,Premium,Annual,Organic,0.861,41.65,,,False,False,Active,Renewed,12,499.8
RC-01344,2024-04-06,Q2 2024,Asia-Pacific,Individual,Basic,Monthly,Paid Search,0.774,15,,,False,True,Active,At risk,12,180
RC-01345,2024-04-11,Q2 2024,North America,Small Business,Standard,Monthly,Paid Search,0.583,29,,,False,False,Active,Active,12,348
RC-01346,2024-09-03,Q3 2024,North America,Individual,Premium,Monthly,Paid Search,0.695,49,,,False,False,Active,Active,12,588
RC-01347,2024-04-20,Q2 2024,Europe,Individual,Standard,Monthly,Organic,0.318,29,2,Product experience,False,False,Churned,Churned,2,58
RC-01348,2024-02-20,Q1 2024,North America,Small Business,Standard,Monthly,Organic,0.737,29,,,False,False,Active,Active,12,348
RC-01349,2024-12-13,Q4 2024,North America,Small Business,Standard,Monthly,Referral,0.465,29,,,False,False,Active,Active,12,348
RC-01350,2024-03-16,Q1 2024,Europe,Individual,Standard,Monthly,Paid Search,0.574,29,,,False,False,Active,Active,12,348
RC-01351,2024-01-02,Q1 2024,Europe,Small Business,Standard,Monthly,Paid Search,0.245,29,6,Alternative,True,False,At risk,Churned,6,174
RC-01352,2024-10-21,Q4 2024,Europe,Individual,Basic,Monthly,Organic,0.36,15,,,False,False,Active,Active,12,180
RC-01353,2024-06-28,Q2 2024,Europe,Individual,Premium,Monthly,Organic,0.933,49,,,False,False,Active,Active,12,588
RC-01354,2024-05-02,Q2 2024,Asia-Pacific,Freelancer,Premium,Annual,Organic,0.487,41.65,,,False,False,Active,Renewed,12,499.8
RC-01355,2024-11-26,Q4 2024,Europe,Freelancer,Standard,Monthly,Referral,0.775,29,,,False,True,Active,At risk,12,348
RC-01356,2024-12-12,Q4 2024,North America,Freelancer,Standard,Annual,Social,0.526,24.65,,,False,False,Active,Renewed,12,295.8
RC-01357,2024-02-12,Q1 2024,Asia-Pacific,Individual,Enterprise,Annual,Paid Search,0.678,75.65,,,False,False,Active,Renewed,12,907.8
RC-01358,2024-12-21,Q4 2024,Asia-Pacific,Individual,Premium,Monthly,Social,0.231,49,7,Low usage,True,False,At risk,Churned,7,343
RC-01359,2024-12-22,Q4 2024,North America,Individual,Standard,Annual,Paid Search,0.659,24.65,,,False,False,Active,Renewed,12,295.8
RC-01360,2024-05-10,Q2 2024,Asia-Pacific,Small Business,Standard,Monthly,Organic,0.8,29,,,False,False,Active,Active,12,348
RC-01361,2024-01-25,Q1 2024,Europe,Individual,Basic,Monthly,Paid Search,0.223,15,2,Price,False,False,Churned,Churned,2,30
RC-01362,2024-11-27,Q4 2024,North America,Freelancer,Premium,Annual,Referral,0.535,41.65,,,False,False,Active,Renewed,12,499.8
RC-01363,2024-07-09,Q3 2024,North America,Individual,Basic,Annual,Organic,0.717,12.75,,,False,False,Active,Renewed,12,153.0
RC-01364,2024-06-07,Q2 2024,Other,Small Business,Standard,Monthly,Social,0.548,29,,,False,False,Active,Active,12,348
RC-01365,2024-07-12,Q3 2024,North America,Small Business,Premium,Annual,Paid Search,0.811,41.65,,,False,False,Active,Renewed,12,499.8
RC-01366,2024-12-05,Q4 2024,Asia-Pacific,Individual,Enterprise,Annual,Referral,0.524,75.65,,,False,False,Active,Renewed,12,907.8
RC-01367,2024-07-03,Q3 2024,North America,Small Business,Standard,Monthly,Referral,0.78,29,,,False,False,Active,Active,12,348
RC-01368,2024-11-28,Q4 2024,North America,Small Business,Basic,Monthly,Paid Search,0.702,15,11,Changed needs,False,False,Active,Churned,11,165
RC-01369,2024-11-04,Q4 2024,Asia-Pacific,Individual,Basic,Annual,Social,0.696,12.75,11,Alternative,True,False,At risk,Churned,11,140.25
RC-01370,2024-11-24,Q4 2024,Other,Freelancer,Standard,Monthly,Social,0.751,29,,,False,False,Active,Active,12,348
RC-01371,2024-04-14,Q2 2024,Asia-Pacific,Individual,Premium,Monthly,Referral,0.935,49,,,False,False,Active,Active,12,588
RC-01372,2024-12-23,Q4 2024,Asia-Pacific,Individual,Premium,Monthly,Social,0.566,49,7,Low usage,False,False,Active,Churned,7,343
RC-01373,2024-08-02,Q3 2024,Asia-Pacific,Individual,Enterprise,Annual,Paid Search,0.213,75.65,,,True,True,At risk,At risk,12,907.8
RC-01374,2024-12-06,Q4 2024,Europe,Freelancer,Basic,Monthly,Paid Search,0.934,15,,,False,False,Active,Active,12,180
RC-01375,2024-03-24,Q1 2024,Europe,Individual,Standard,Monthly,Organic,0.632,29,,,False,False,Active,Active,12,348
RC-01376,2024-07-16,Q3 2024,North America,Small Business,Premium,Monthly,Paid Search,0.768,49,,,False,True,Active,At risk,12,588
RC-01377,2024-05-27,Q2 2024,Asia-Pacific,Individual,Basic,Monthly,Referral,0.679,15,,,False,False,Active,Active,12,180
RC-01378,2024-12-15,Q4 2024,Asia-Pacific,Freelancer,Basic,Monthly,Paid Search,0.442,15,2,Low usage,False,False,Churned,Churned,2,30
RC-01379,2024-11-24,Q4 2024,North America,Small Business,Standard,Monthly,Organic,0.879,29,7,Price,False,False,Active,Churned,7,203
RC-01380,2024-04-07,Q2 2024,Other,Individual,Premium,Monthly,Paid Search,0.147,49,,,True,True,At risk,At risk,12,588
RC-01381,2024-01-27,Q1 2024,Asia-Pacific,Individual,Premium,Monthly,Paid Search,0.825,49,,,False,False,Active,Active,12,588
RC-01382,2024-04-12,Q2 2024,Europe,Individual,Premium,Monthly,Paid Search,0.377,49,,,False,False,Active,Active,12,588
RC-01383,2024-07-16,Q3 2024,Asia-Pacific,Individual,Standard,Monthly,Organic,0.418,29,11,Product experience,False,False,Active,Churned,11,319
RC-01384,2024-04-12,Q2 2024,Europe,Freelancer,Premium,Annual,Social,0.374,41.65,,,False,False,Active,Renewed,12,499.8
RC-01385,2024-12-22,Q4 2024,North America,Small Business,Basic,Monthly,Partner,0.579,15,,,False,False,Active,Active,12,180
RC-01386,2024-11-25,Q4 2024,North America,Small Business,Standard,Monthly,Social,0.754,29,,,False,False,Active,Active,12,348
RC-01387,2024-05-17,Q2 2024,Europe,Individual,Standard,Annual,Paid Search,0.611,24.65,,,False,False,Active,Renewed,12,295.8
RC-01388,2024-06-03,Q2 2024,North America,Small Business,Standard,Annual,Organic,0.618,24.65,3,Low usage,False,False,Churned,Churned,3,73.95
RC-01389,2024-05-16,Q2 2024,North America,Freelancer,Standard,Annual,Referral,0.446,24.65,,,False,False,Active,Renewed,12,295.8
RC-01390,2024-09-16,Q3 2024,Asia-Pacific,Team,Basic,Annual,Organic,0.53,12.75,,,False,True,Active,At risk,12,153.0
RC-01391,2024-06-23,Q2 2024,Europe,Freelancer,Premium,Monthly,Partner,0.313,49,1,Price,False,False,Churned,Churned,1,49
RC-01392,2024-09-03,Q3 2024,Europe,Freelancer,Standard,Annual,Referral,0.287,24.65,,,True,True,At risk,At risk,12,295.8
RC-01393,2024-01-17,Q1 2024,North America,Individual,Basic,Monthly,Paid Search,0.713,15,,,True,False,At risk,Active,12,180
RC-01394,2024-10-26,Q4 2024,Other,Individual,Premium,Annual,Paid Search,0.504,41.65,,,False,False,Active,Renewed,12,499.8
RC-01395,2024-10-22,Q4 2024,North America,Individual,Basic,Monthly,Paid Search,0.514,15,,,False,False,Active,Active,12,180
RC-01396,2024-03-11,Q1 2024,Europe,Individual,Basic,Monthly,Paid Search,0.57,15,,,False,False,Active,Active,12,180
RC-01397,2024-12-12,Q4 2024,Europe,Freelancer,Premium,Monthly,Partner,0.644,49,1,Price,False,False,Churned,Churned,1,49
RC-01398,2024-11-18,Q4 2024,Asia-Pacific,Individual,Standard,Annual,Paid Search,0.354,24.65,,,False,False,Active,Renewed,12,295.8
RC-01399,2024-05-24,Q2 2024,Asia-Pacific,Small Business,Standard,Annual,Organic,0.558,24.65,,,False,False,Active,Renewed,12,295.8
RC-01400,2024-12-21,Q4 2024,Other,Freelancer,Basic,Monthly,Paid Search,0.322,15,1,Alternative,False,False,Churned,Churned,1,15
RC-01401,2024-04-18,Q2 2024,North America,Small Business,Basic,Monthly,Organic,0.893,15,,,False,False,Active,Active,12,180
RC-01402,2024-07-14,Q3 2024,Asia-Pacific,Team,Standard,Monthly,Organic,0.359,29,8,Product experience,False,False,Active,Churned,8,232
RC-01403,2024-01-25,Q1 2024,Asia-Pacific,Individual,Premium,Annual,Paid Search,0.657,41.65,,,False,True,Active,At risk,12,499.8
RC-01404,2024-11-15,Q4 2024,North America,Small Business,Basic,Monthly,Paid Search,0.889,15,,,False,False,Active,Active,12,180
RC-01405,2024-09-23,Q3 2024,North America,Freelancer,Basic,Annual,Organic,0.174,12.75,,,True,True,At risk,At risk,12,153.0
RC-01406,2024-09-14,Q3 2024,Europe,Individual,Premium,Monthly,Organic,0.486,49,12,Changed needs,False,False,Active,Churned,12,588
RC-01407,2024-10-13,Q4 2024,North America,Individual,Standard,Monthly,Social,0.265,29,,,True,True,At risk,At risk,12,348
RC-01408,2024-04-01,Q2 2024,North America,Small Business,Basic,Annual,Referral,0.704,12.75,,,False,True,Active,At risk,12,153.0
RC-01409,2024-01-02,Q1 2024,Europe,Freelancer,Premium,Monthly,Organic,0.421,49,4,Changed needs,False,False,Active,Churned,4,196
RC-01410,2024-11-12,Q4 2024,Asia-Pacific,Individual,Basic,Monthly,Organic,0.413,15,,,False,True,Active,At risk,12,180
RC-01411,2024-02-04,Q1 2024,Europe,Freelancer,Basic,Monthly,Organic,0.544,15,4,Product experience,False,False,Active,Churned,4,60
RC-01412,2024-12-06,Q4 2024,North America,Small Business,Standard,Monthly,Paid Search,0.706,29,,,False,False,Active,Active,12,348
RC-01413,2024-02-04,Q1 2024,North America,Individual,Standard,Annual,Paid Search,0.461,24.65,12,Low usage,False,False,Active,Churned,12,295.8
RC-01414,2024-12-24,Q4 2024,Asia-Pacific,Individual,Premium,Monthly,Organic,0.79,49,,,False,False,Active,Active,12,588
RC-01415,2024-07-06,Q3 2024,Other,Freelancer,Basic,Annual,Paid Search,0.522,12.75,,,False,False,Active,Renewed,12,153.0
RC-01416,2024-10-04,Q4 2024,Europe,Individual,Basic,Monthly,Organic,0.738,15,,,False,False,Active,Active,12,180
RC-01417,2024-05-10,Q2 2024,Europe,Small Business,Standard,Monthly,Organic,0.444,29,,,False,False,Active,Active,12,348
RC-01418,2024-02-21,Q1 2024,North America,Individual,Basic,Monthly,Organic,0.922,15,1,Low usage,False,False,Churned,Churned,1,15
RC-01419,2024-06-02,Q2 2024,Other,Individual,Standard,Monthly,Paid Search,0.579,29,1,Low usage,False,False,Churned,Churned,1,29
RC-01420,2024-12-07,Q4 2024,North America,Small Business,Standard,Monthly,Referral,0.766,29,,,False,False,Active,Active,12,348
RC-01421,2024-06-19,Q2 2024,Asia-Pacific,Team,Basic,Monthly,Organic,0.639,15,12,Price,False,False,Active,Churned,12,180
RC-01422,2024-05-28,Q2 2024,North America,Freelancer,Standard,Monthly,Paid Search,0.24,29,2,Product experience,False,False,Churned,Churned,2,58
RC-01423,2024-08-03,Q3 2024,Europe,Individual,Basic,Monthly,Social,0.355,15,,,False,False,Active,Active,12,180
RC-01424,2024-09-22,Q3 2024,Europe,Individual,Premium,Monthly,Paid Search,0.691,49,,,False,False,Active,Active,12,588
RC-01425,2024-09-03,Q3 2024,North America,Small Business,Basic,Annual,Referral,0.73,12.75,,,True,True,At risk,At risk,12,153.0
RC-01426,2024-06-24,Q2 2024,Europe,Individual,Standard,Annual,Paid Search,0.703,24.65,,,False,False,Active,Renewed,12,295.8
RC-01427,2024-11-02,Q4 2024,North America,Individual,Premium,Annual,Paid Search,0.605,41.65,,,False,False,Active,Renewed,12,499.8
RC-01428,2024-09-14,Q3 2024,Asia-Pacific,Individual,Standard,Annual,Paid Search,0.496,24.65,,,False,False,Active,Renewed,12,295.8
RC-01429,2024-11-04,Q4 2024,North America,Small Business,Basic,Monthly,Paid Search,0.428,15,,,False,True,Active,At risk,12,180
RC-01430,2024-10-11,Q4 2024,Europe,Individual,Premium,Monthly,Social,0.947,49,9,Price,False,False,Active,Churned,9,441
RC-01431,2024-12-22,Q4 2024,North America,Team,Standard,Monthly,Paid Search,0.277,29,,,True,True,At risk,At risk,12,348
RC-01432,2024-01-15,Q1 2024,North America,Individual,Standard,Annual,Organic,0.58,24.65,9,Changed needs,False,False,Active,Churned,9,221.85
RC-01433,2024-10-16,Q4 2024,North America,Small Business,Basic,Monthly,Social,0.836,15,,,False,False,Active,Active,12,180
RC-01434,2024-03-23,Q1 2024,North America,Individual,Premium,Monthly,Partner,0.27,49,9,Changed needs,True,False,At risk,Churned,9,441
RC-01435,2024-08-03,Q3 2024,North America,Individual,Standard,Monthly,Paid Search,0.835,29,,,False,False,Active,Active,12,348
RC-01436,2024-02-25,Q1 2024,North America,Small Business,Standard,Monthly,Organic,0.429,29,,,False,True,Active,At risk,12,348
RC-01437,2024-09-14,Q3 2024,Europe,Individual,Standard,Monthly,Paid Search,0.523,29,,,False,False,Active,Active,12,348
RC-01438,2024-09-05,Q3 2024,Asia-Pacific,Individual,Basic,Annual,Organic,0.576,12.75,,,False,False,Active,Renewed,12,153.0
RC-01439,2024-12-23,Q4 2024,Europe,Individual,Enterprise,Monthly,Referral,0.775,89,,,False,False,Active,Active,12,1068
RC-01440,2024-10-17,Q4 2024,Europe,Individual,Basic,Monthly,Organic,0.691,15,1,Price,False,False,Churned,Churned,1,15
RC-01441,2024-12-18,Q4 2024,North America,Individual,Premium,Annual,Referral,0.962,41.65,,,False,False,Active,Renewed,12,499.8
RC-01442,2024-03-10,Q1 2024,Asia-Pacific,Team,Standard,Annual,Organic,0.975,24.65,10,Payment issue,False,False,Active,Churned,10,246.5
RC-01443,2024-12-18,Q4 2024,North America,Individual,Basic,Monthly,Referral,0.588,15,,,False,False,Active,Active,12,180
RC-01444,2024-03-15,Q1 2024,Europe,Small Business,Basic,Monthly,Organic,0.788,15,,,False,False,Active,Active,12,180
RC-01445,2024-02-17,Q1 2024,North America,Team,Premium,Monthly,Social,0.699,49,,,False,False,Active,Active,12,588
RC-01446,2024-06-07,Q2 2024,Europe,Freelancer,Basic,Annual,Social,0.282,12.75,,,True,True,At risk,At risk,12,153.0
RC-01447,2024-09-03,Q3 2024,Asia-Pacific,Individual,Standard,Monthly,Social,0.981,29,2,Product experience,False,False,Churned,Churned,2,58
RC-01448,2024-02-01,Q1 2024,Asia-Pacific,Small Business,Premium,Monthly,Social,0.675,49,,,False,False,Active,Active,12,588
RC-01449,2024-07-16,Q3 2024,Other,Individual,Basic,Annual,Paid Search,0.18,12.75,,,True,True,At risk,At risk,12,153.0
RC-01450,2024-04-24,Q2 2024,North America,Individual,Basic,Monthly,Organic,0.593,15,,,False,False,Active,Active,12,180
RC-01451,2024-09-11,Q3 2024,Europe,Small Business,Standard,Monthly,Paid Search,0.898,29,,,False,False,Active,Active,12,348
RC-01452,2024-12-26,Q4 2024,North America,Small Business,Standard,Monthly,Partner,0.288,29,8,Low usage,True,False,At risk,Churned,8,232
RC-01453,2024-09-28,Q3 2024,Europe,Small Business,Basic,Annual,Paid Search,0.533,12.75,,,False,False,Active,Renewed,12,153.0
RC-01454,2024-01-21,Q1 2024,Europe,Freelancer,Premium,Annual,Organic,0.361,41.65,,,False,False,Active,Renewed,12,499.8
RC-01455,2024-03-21,Q1 2024,Europe,Individual,Basic,Annual,Paid Search,0.667,12.75,,,False,False,Active,Renewed,12,153.0
RC-01456,2024-06-12,Q2 2024,Other,Individual,Standard,Annual,Paid Search,0.705,24.65,,,True,False,At risk,Renewed,12,295.8
RC-01457,2024-09-18,Q3 2024,Europe,Individual,Enterprise,Monthly,Organic,0.312,89,,,True,True,At risk,At risk,12,1068
RC-01458,2024-05-09,Q2 2024,Europe,Individual,Standard,Monthly,Organic,0.097,29,,,True,True,At risk,At risk,12,348
RC-01459,2024-04-15,Q2 2024,Asia-Pacific,Individual,Basic,Monthly,Organic,0.62,15,4,Low usage,False,False,Active,Churned,4,60
RC-01460,2024-05-15,Q2 2024,Europe,Small Business,Premium,Monthly,Paid Search,0.181,49,,,True,True,At risk,At risk,12,588
RC-01461,2024-03-24,Q1 2024,Asia-Pacific,Freelancer,Standard,Monthly,Organic,0.574,29,1,Alternative,False,False,Churned,Churned,1,29
RC-01462,2024-05-21,Q2 2024,Asia-Pacific,Small Business,Standard,Annual,Social,0.735,24.65,,,False,False,Active,Renewed,12,295.8
RC-01463,2024-03-08,Q1 2024,Europe,Team,Standard,Annual,Organic,0.686,24.65,,,False,False,Active,Renewed,12,295.8
RC-01464,2024-02-01,Q1 2024,North America,Small Business,Premium,Monthly,Organic,0.188,49,,,True,True,At risk,At risk,12,588
RC-01465,2024-12-14,Q4 2024,North America,Freelancer,Premium,Monthly,Social,0.596,49,,,False,False,Active,Active,12,588
RC-01466,2024-08-22,Q3 2024,North America,Individual,Basic,Annual,Paid Search,0.785,12.75,,,False,False,Active,Renewed,12,153.0
RC-01467,2024-02-11,Q1 2024,North America,Individual,Standard,Monthly,Social,0.569,29,,,False,False,Active,Active,12,348
RC-01468,2024-09-06,Q3 2024,North America,Small Business,Standard,Monthly,Partner,0.614,29,,,False,False,Active,Active,12,348
RC-01469,2024-05-11,Q2 2024,Other,Small Business,Standard,Monthly,Organic,0.687,29,,,False,False,Active,Active,12,348
RC-01470,2024-04-16,Q2 2024,North America,Individual,Basic,Monthly,Organic,0.623,15,12,Price,False,False,Active,Churned,12,180
RC-01471,2024-09-20,Q3 2024,Europe,Small Business,Basic,Monthly,Partner,0.148,15,4,Price,True,False,At risk,Churned,4,60
RC-01472,2024-03-25,Q1 2024,Europe,Freelancer,Standard,Annual,Paid Search,0.724,24.65,,,False,False,Active,Renewed,12,295.8
RC-01473,2024-06-21,Q2 2024,Asia-Pacific,Individual,Standard,Monthly,Referral,0.681,29,,,False,False,Active,Active,12,348
RC-01474,2024-03-26,Q1 2024,North America,Individual,Premium,Monthly,Social,0.588,49,,,False,False,Active,Active,12,588
RC-01475,2024-08-25,Q3 2024,Europe,Small Business,Standard,Annual,Organic,0.481,24.65,,,False,False,Active,Renewed,12,295.8
RC-01476,2024-12-12,Q4 2024,North America,Individual,Premium,Annual,Paid Search,0.541,41.65,,,False,False,Active,Renewed,12,499.8
RC-01477,2024-10-17,Q4 2024,North America,Freelancer,Standard,Monthly,Social,0.331,29,,,False,True,Active,At risk,12,348
RC-01478,2024-09-02,Q3 2024,North America,Small Business,Premium,Annual,Referral,0.827,41.65,,,False,False,Active,Renewed,12,499.8
RC-01479,2024-12-20,Q4 2024,North America,Individual,Basic,Monthly,Referral,0.475,15,,,False,False,Active,Active,12,180
RC-01480,2024-05-17,Q2 2024,Europe,Individual,Standard,Monthly,Organic,0.297,29,3,Low usage,False,False,Churned,Churned,3,87
RC-01481,2024-12-08,Q4 2024,North America,Individual,Enterprise,Annual,Referral,0.787,75.65,,,False,False,Active,Renewed,12,907.8
RC-01482,2024-08-13,Q3 2024,Europe,Individual,Premium,Monthly,Social,0.34,49,,,False,False,Active,Active,12,588
RC-01483,2024-07-08,Q3 2024,Asia-Pacific,Individual,Basic,Monthly,Social,0.521,15,,,False,True,Active,At risk,12,180
RC-01484,2024-09-23,Q3 2024,Europe,Individual,Premium,Monthly,Organic,0.52,49,,,False,False,Active,Active,12,588
RC-01485,2024-10-23,Q4 2024,Europe,Freelancer,Basic,Monthly,Organic,0.647,15,,,False,False,Active,Active,12,180
RC-01486,2024-12-19,Q4 2024,Asia-Pacific,Individual,Basic,Monthly,Organic,0.788,15,,,False,False,Active,Active,12,180
RC-01487,2024-08-10,Q3 2024,Europe,Freelancer,Premium,Annual,Organic,0.454,41.65,,,False,False,Active,Renewed,12,499.8
RC-01488,2024-11-15,Q4 2024,Europe,Individual,Premium,Monthly,Paid Search,0.725,49,,,False,True,Active,At risk,12,588
RC-01489,2024-08-24,Q3 2024,North America,Freelancer,Standard,Monthly,Referral,0.526,29,,,False,False,Active,Active,12,348
RC-01490,2024-03-10,Q1 2024,Europe,Individual,Basic,Monthly,Organic,0.587,15,,,False,False,Active,Active,12,180
RC-01491,2024-02-02,Q1 2024,North America,Individual,Standard,Annual,Organic,0.173,24.65,,,True,True,At risk,At risk,12,295.8
RC-01492,2024-12-01,Q4 2024,North America,Small Business,Basic,Monthly,Organic,0.94,15,,,False,False,Active,Active,12,180
RC-01493,2024-09-13,Q3 2024,North America,Individual,Premium,Annual,Paid Search,0.479,41.65,,,True,False,At risk,Renewed,12,499.8
RC-01494,2024-05-05,Q2 2024,Asia-Pacific,Individual,Premium,Annual,Social,0.771,41.65,,,False,False,Active,Renewed,12,499.8
RC-01495,2024-04-18,Q2 2024,Europe,Individual,Standard,Monthly,Paid Search,0.491,29,,,False,False,Active,Active,12,348
RC-01496,2024-07-27,Q3 2024,Asia-Pacific,Small Business,Basic,Monthly,Organic,0.71,15,,,True,False,At risk,Active,12,180
RC-01497,2024-12-23,Q4 2024,Europe,Freelancer,Premium,Annual,Paid Search,0.611,41.65,,,False,False,Active,Renewed,12,499.8
RC-01498,2024-11-04,Q4 2024,North America,Individual,Premium,Annual,Social,0.74,41.65,,,False,False,Active,Renewed,12,499.8
RC-01499,2024-12-13,Q4 2024,Europe,Individual,Standard,Monthly,Paid Search,0.649,29,,,False,False,Active,Active,12,348
RC-01500,2024-06-20,Q2 2024,Asia-Pacific,Small Business,Standard,Monthly,Paid Search,0.595,29,1,Low usage,False,False,Churned,Churned,1,29
RC-01501,2024-12-05,Q4 2024,Europe,Freelancer,Basic,Monthly,Paid Search,0.486,15,1,Payment issue,False,False,Churned,Churned,1,15
RC-01502,2024-11-13,Q4 2024,Europe,Small Business,Basic,Monthly,Paid Search,0.806,15,,,False,False,Active,Active,12,180
RC-01503,2024-10-13,Q4 2024,Europe,Individual,Standard,Monthly,Partner,0.851,29,,,False,False,Active,Active,12,348
RC-01504,2024-02-12,Q1 2024,Asia-Pacific,Small Business,Basic,Monthly,Organic,0.733,15,,,True,False,At risk,Active,12,180
RC-01505,2024-12-20,Q4 2024,North America,Freelancer,Basic,Monthly,Paid Search,0.332,15,7,Low usage,False,False,Active,Churned,7,105
RC-01506,2024-11-09,Q4 2024,Europe,Freelancer,Standard,Monthly,Referral,0.665,29,11,Changed needs,False,False,Active,Churned,11,319
RC-01507,2024-02-23,Q1 2024,Asia-Pacific,Individual,Standard,Monthly,Paid Search,0.872,29,,,False,False,Active,Active,12,348
RC-01508,2024-09-20,Q3 2024,North America,Individual,Standard,Annual,Referral,0.72,24.65,,,False,False,Active,Renewed,12,295.8
RC-01509,2024-07-08,Q3 2024,North America,Freelancer,Premium,Monthly,Referral,0.472,49,,,False,False,Active,Active,12,588
RC-01510,2024-04-28,Q2 2024,Asia-Pacific,Individual,Premium,Annual,Paid Search,0.93,41.65,,,False,False,Active,Renewed,12,499.8
RC-01511,2024-02-04,Q1 2024,North America,Individual,Premium,Annual,Paid Search,0.578,41.65,,,False,False,Active,Renewed,12,499.8
RC-01512,2024-10-07,Q4 2024,North America,Individual,Basic,Monthly,Organic,0.779,15,,,False,False,Active,Active,12,180
RC-01513,2024-02-18,Q1 2024,North America,Individual,Basic,Monthly,Organic,0.297,15,,,True,True,At risk,At risk,12,180
RC-01514,2024-12-19,Q4 2024,North America,Individual,Standard,Monthly,Paid Search,0.763,29,8,Price,False,False,Active,Churned,8,232
RC-01515,2024-10-05,Q4 2024,Asia-Pacific,Individual,Basic,Monthly,Paid Search,0.605,15,,,False,False,Active,Active,12,180
RC-01516,2024-05-08,Q2 2024,Europe,Individual,Standard,Monthly,Paid Search,0.764,29,,,False,False,Active,Active,12,348
RC-01517,2024-11-28,Q4 2024,North America,Individual,Standard,Monthly,Organic,0.447,29,,,True,False,At risk,Active,12,348
RC-01518,2024-05-11,Q2 2024,North America,Individual,Standard,Monthly,Social,0.086,29,12,Price,True,False,At risk,Churned,12,348
RC-01519,2024-12-13,Q4 2024,Europe,Small Business,Basic,Annual,Partner,0.271,12.75,,,True,True,At risk,At risk,12,153.0
RC-01520,2024-03-17,Q1 2024,Europe,Individual,Standard,Monthly,Organic,0.395,29,,,False,False,Active,Active,12,348
RC-01521,2024-04-09,Q2 2024,North America,Individual,Basic,Annual,Paid Search,0.876,12.75,,,False,False,Active,Renewed,12,153.0
RC-01522,2024-05-05,Q2 2024,Other,Individual,Enterprise,Annual,Paid Search,0.726,75.65,,,False,False,Active,Renewed,12,907.8
RC-01523,2024-04-19,Q2 2024,Other,Team,Premium,Annual,Partner,0.181,41.65,,,True,True,At risk,At risk,12,499.8
RC-01524,2024-11-09,Q4 2024,Asia-Pacific,Freelancer,Premium,Monthly,Partner,0.633,49,,,False,False,Active,Active,12,588
RC-01525,2024-12-06,Q4 2024,North America,Small Business,Enterprise,Monthly,Organic,0.342,89,,,True,False,At risk,Active,12,1068
RC-01526,2024-04-10,Q2 2024,Europe,Individual,Standard,Annual,Organic,0.833,24.65,,,False,False,Active,Renewed,12,295.8
RC-01527,2024-01-10,Q1 2024,Other,Small Business,Standard,Monthly,Organic,0.904,29,,,False,False,Active,Active,12,348
RC-01528,2024-11-15,Q4 2024,Other,Team,Standard,Annual,Organic,0.741,24.65,,,False,False,Active,Renewed,12,295.8
RC-01529,2024-11-05,Q4 2024,Other,Small Business,Standard,Monthly,Partner,0.6,29,,,False,False,Active,Active,12,348
RC-01530,2024-12-22,Q4 2024,North America,Team,Standard,Monthly,Organic,0.24,29,4,Payment issue,True,False,At risk,Churned,4,116
RC-01531,2024-02-04,Q1 2024,Europe,Freelancer,Standard,Annual,Paid Search,0.682,24.65,,,False,False,Active,Renewed,12,295.8
RC-01532,2024-12-27,Q4 2024,North America,Individual,Enterprise,Monthly,Organic,0.661,89,,,False,False,Active,Active,12,1068
RC-01533,2024-09-26,Q3 2024,Europe,Individual,Standard,Annual,Paid Search,0.71,24.65,,,False,False,Active,Renewed,12,295.8
RC-01534,2024-02-17,Q1 2024,North America,Freelancer,Standard,Annual,Paid Search,0.48,24.65,12,Product experience,False,False,Active,Churned,12,295.8
RC-01535,2024-08-22,Q3 2024,North America,Freelancer,Basic,Annual,Referral,0.377,12.75,,,False,False,Active,Renewed,12,153.0
RC-01536,2024-06-23,Q2 2024,North America,Small Business,Standard,Monthly,Organic,0.62,29,,,False,False,Active,Active,12,348
RC-01537,2024-10-06,Q4 2024,North America,Freelancer,Standard,Monthly,Paid Search,0.813,29,,,False,False,Active,Active,12,348
RC-01538,2024-03-02,Q1 2024,Europe,Small Business,Basic,Monthly,Referral,0.586,15,3,Price,False,False,Churned,Churned,3,45
RC-01539,2024-08-15,Q3 2024,North America,Individual,Standard,Monthly,Partner,0.574,29,,,False,False,Active,Active,12,348
RC-01540,2024-05-25,Q2 2024,Europe,Individual,Basic,Monthly,Social,0.554,15,1,Changed needs,False,False,Churned,Churned,1,15
RC-01541,2024-10-13,Q4 2024,North America,Individual,Premium,Annual,Partner,0.754,41.65,,,False,False,Active,Renewed,12,499.8
RC-01542,2024-06-08,Q2 2024,North America,Freelancer,Enterprise,Monthly,Paid Search,0.569,89,,,False,False,Active,Active,12,1068
RC-01543,2024-10-20,Q4 2024,North America,Freelancer,Standard,Monthly,Organic,0.878,29,12,Price,False,False,Active,Churned,12,348
RC-01544,2024-11-24,Q4 2024,Europe,Freelancer,Basic,Monthly,Social,0.737,15,,,False,False,Active,Active,12,180
RC-01545,2024-01-03,Q1 2024,North America,Freelancer,Premium,Annual,Organic,0.614,41.65,,,False,False,Active,Renewed,12,499.8
RC-01546,2024-09-01,Q3 2024,North America,Individual,Standard,Monthly,Organic,0.452,29,,,True,False,At risk,Active,12,348
RC-01547,2024-11-18,Q4 2024,North America,Individual,Standard,Annual,Paid Search,0.147,24.65,,,True,True,At risk,At risk,12,295.8
RC-01548,2024-04-26,Q2 2024,Other,Individual,Basic,Monthly,Paid Search,0.623,15,,,False,True,Active,At risk,12,180
RC-01549,2024-08-16,Q3 2024,Europe,Individual,Basic,Monthly,Paid Search,0.782,15,8,Changed needs,False,False,Active,Churned,8,120
RC-01550,2024-01-28,Q1 2024,Europe,Small Business,Basic,Monthly,Organic,0.305,15,11,Alternative,True,False,At risk,Churned,11,165
RC-01551,2024-08-02,Q3 2024,North America,Small Business,Standard,Annual,Paid Search,0.594,24.65,,,False,False,Active,Renewed,12,295.8
RC-01552,2024-11-16,Q4 2024,Other,Individual,Enterprise,Annual,Paid Search,0.505,75.65,3,Low usage,False,False,Churned,Churned,3,226.95
RC-01553,2024-05-22,Q2 2024,North America,Individual,Standard,Monthly,Referral,0.681,29,,,False,False,Active,Active,12,348
RC-01554,2024-12-20,Q4 2024,North America,Individual,Basic,Monthly,Referral,0.451,15,,,False,False,Active,Active,12,180
RC-01555,2024-11-08,Q4 2024,Asia-Pacific,Team,Basic,Monthly,Partner,0.376,15,1,Price,False,False,Churned,Churned,1,15
RC-01556,2024-12-06,Q4 2024,North America,Individual,Standard,Annual,Organic,0.945,24.65,,,False,False,Active,Renewed,12,295.8
RC-01557,2024-11-08,Q4 2024,North America,Team,Premium,Monthly,Paid Search,0.172,49,,,True,True,At risk,At risk,12,588
RC-01558,2024-02-12,Q1 2024,Other,Individual,Basic,Monthly,Paid Search,0.921,15,,,False,False,Active,Active,12,180
RC-01559,2024-04-04,Q2 2024,Other,Individual,Standard,Annual,Social,0.182,24.65,,,True,True,At risk,At risk,12,295.8
RC-01560,2024-03-22,Q1 2024,Europe,Small Business,Basic,Monthly,Referral,0.718,15,8,Low usage,True,False,At risk,Churned,8,120
RC-01561,2024-11-26,Q4 2024,Europe,Individual,Standard,Monthly,Organic,0.69,29,5,Low usage,False,False,Active,Churned,5,145
RC-01562,2024-08-26,Q3 2024,North America,Individual,Standard,Annual,Social,0.441,24.65,,,False,True,Active,At risk,12,295.8
RC-01563,2024-12-13,Q4 2024,Europe,Individual,Standard,Monthly,Social,0.37,29,,,False,False,Active,Active,12,348
RC-01564,2024-06-12,Q2 2024,North America,Individual,Basic,Monthly,Referral,0.407,15,,,False,False,Active,Active,12,180
RC-01565,2024-07-08,Q3 2024,Europe,Small Business,Standard,Annual,Referral,0.764,24.65,,,False,False,Active,Renewed,12,295.8
RC-01566,2024-05-19,Q2 2024,Europe,Small Business,Basic,Monthly,Organic,0.861,15,3,Low usage,False,False,Churned,Churned,3,45
RC-01567,2024-06-12,Q2 2024,Asia-Pacific,Freelancer,Standard,Annual,Organic,0.513,24.65,3,Price,False,False,Churned,Churned,3,73.95
RC-01568,2024-08-09,Q3 2024,Asia-Pacific,Individual,Standard,Monthly,Organic,0.526,29,,,False,False,Active,Active,12,348
RC-01569,2024-05-16,Q2 2024,North America,Individual,Premium,Monthly,Paid Search,0.744,49,,,False,False,Active,Active,12,588
RC-01570,2024-02-25,Q1 2024,North America,Freelancer,Premium,Monthly,Paid Search,0.848,49,9,Price,False,False,Active,Churned,9,441
RC-01571,2024-03-09,Q1 2024,Asia-Pacific,Small Business,Enterprise,Monthly,Referral,0.393,89,,,False,False,Active,Active,12,1068
RC-01572,2024-06-20,Q2 2024,Asia-Pacific,Individual,Basic,Monthly,Organic,0.905,15,,,False,True,Active,At risk,12,180
RC-01573,2024-05-06,Q2 2024,North America,Small Business,Standard,Annual,Paid Search,0.825,24.65,,,False,False,Active,Renewed,12,295.8
RC-01574,2024-03-17,Q1 2024,Asia-Pacific,Small Business,Basic,Monthly,Paid Search,0.933,15,,,False,False,Active,Active,12,180
RC-01575,2024-05-08,Q2 2024,North America,Freelancer,Basic,Monthly,Organic,0.856,15,,,False,False,Active,Active,12,180
RC-01576,2024-02-19,Q1 2024,North America,Individual,Basic,Monthly,Social,0.815,15,,,False,False,Active,Active,12,180
RC-01577,2024-09-20,Q3 2024,Other,Individual,Basic,Annual,Paid Search,0.856,12.75,,,False,True,Active,At risk,12,153.0
RC-01578,2024-11-14,Q4 2024,Europe,Individual,Basic,Monthly,Organic,0.664,15,,,False,False,Active,Active,12,180
RC-01579,2024-11-13,Q4 2024,North America,Small Business,Enterprise,Monthly,Referral,0.508,89,,,False,False,Active,Active,12,1068
RC-01580,2024-03-04,Q1 2024,North America,Small Business,Enterprise,Annual,Social,0.572,75.65,,,False,False,Active,Renewed,12,907.8
RC-01581,2024-12-09,Q4 2024,Other,Individual,Premium,Annual,Organic,0.197,41.65,,,True,True,At risk,At risk,12,499.8
RC-01582,2024-02-09,Q1 2024,Other,Small Business,Standard,Monthly,Social,0.787,29,8,Low usage,False,False,Active,Churned,8,232
RC-01583,2024-09-28,Q3 2024,North America,Team,Standard,Annual,Partner,0.586,24.65,,,False,False,Active,Renewed,12,295.8
RC-01584,2024-10-09,Q4 2024,Europe,Freelancer,Standard,Monthly,Referral,0.331,29,,,False,True,Active,At risk,12,348
RC-01585,2024-12-04,Q4 2024,Europe,Small Business,Basic,Monthly,Paid Search,0.498,15,1,Alternative,False,False,Churned,Churned,1,15
RC-01586,2024-10-08,Q4 2024,Asia-Pacific,Freelancer,Premium,Monthly,Paid Search,0.702,49,,,False,False,Active,Active,12,588
RC-01587,2024-03-21,Q1 2024,Europe,Small Business,Basic,Monthly,Paid Search,0.784,15,,,False,False,Active,Active,12,180
RC-01588,2024-12-02,Q4 2024,Asia-Pacific,Small Business,Basic,Annual,Partner,0.431,12.75,,,False,False,Active,Renewed,12,153.0
RC-01589,2024-09-16,Q3 2024,Asia-Pacific,Freelancer,Standard,Monthly,Paid Search,0.489,29,,,False,False,Active,Active,12,348
RC-01590,2024-07-03,Q3 2024,Other,Individual,Basic,Monthly,Organic,0.741,15,1,Product experience,False,False,Churned,Churned,1,15
RC-01591,2024-09-11,Q3 2024,Europe,Freelancer,Enterprise,Monthly,Paid Search,0.676,89,,,False,False,Active,Active,12,1068
RC-01592,2024-02-25,Q1 2024,Asia-Pacific,Individual,Standard,Annual,Paid Search,0.89,24.65,3,Price,False,False,Churned,Churned,3,73.95
RC-01593,2024-04-13,Q2 2024,Asia-Pacific,Freelancer,Premium,Monthly,Paid Search,0.719,49,,,False,False,Active,Active,12,588
RC-01594,2024-07-05,Q3 2024,Asia-Pacific,Individual,Basic,Monthly,Partner,0.799,15,,,False,False,Active,Active,12,180
RC-01595,2024-04-01,Q2 2024,North America,Small Business,Enterprise,Annual,Social,0.394,75.65,,,False,False,Active,Renewed,12,907.8
RC-01596,2024-11-11,Q4 2024,Asia-Pacific,Freelancer,Premium,Monthly,Social,0.48,49,,,False,False,Active,Active,12,588
RC-01597,2024-11-21,Q4 2024,Asia-Pacific,Small Business,Standard,Annual,Paid Search,0.4,24.65,,,False,False,Active,Renewed,12,295.8
RC-01598,2024-03-14,Q1 2024,Europe,Small Business,Premium,Monthly,Organic,0.776,49,,,False,False,Active,Active,12,588
RC-01599,2024-11-27,Q4 2024,North America,Freelancer,Basic,Monthly,Organic,0.684,15,11,Changed needs,False,False,Active,Churned,11,165
RC-01600,2024-12-21,Q4 2024,North America,Freelancer,Premium,Monthly,Paid Search,0.797,49,,,False,False,Active,Active,12,588
RC-01601,2024-05-13,Q2 2024,North America,Individual,Standard,Monthly,Referral,0.877,29,,,False,True,Active,At risk,12,348
RC-01602,2024-05-01,Q2 2024,North America,Small Business,Premium,Annual,Paid Search,0.786,41.65,,,False,False,Active,Renewed,12,499.8
RC-01603,2024-08-13,Q3 2024,North America,Small Business,Standard,Monthly,Social,0.713,29,,,True,False,At risk,Active,12,348
RC-01604,2024-02-27,Q1 2024,Other,Small Business,Standard,Monthly,Partner,0.735,29,,,False,False,Active,Active,12,348
RC-01605,2024-06-08,Q2 2024,Asia-Pacific,Individual,Basic,Monthly,Partner,0.501,15,7,Price,False,False,Active,Churned,7,105
RC-01606,2024-08-22,Q3 2024,North America,Team,Standard,Annual,Organic,0.657,24.65,,,False,False,Active,Renewed,12,295.8
RC-01607,2024-09-25,Q3 2024,North America,Individual,Basic,Annual,Paid Search,0.279,12.75,,,True,True,At risk,At risk,12,153.0
RC-01608,2024-12-23,Q4 2024,North America,Small Business,Premium,Monthly,Paid Search,0.587,49,,,False,False,Active,Active,12,588
RC-01609,2024-03-09,Q1 2024,Europe,Individual,Basic,Annual,Paid Search,0.898,12.75,,,False,False,Active,Renewed,12,153.0
RC-01610,2024-05-25,Q2 2024,North America,Individual,Standard,Monthly,Social,0.563,29,,,False,False,Active,Active,12,348
RC-01611,2024-10-22,Q4 2024,Asia-Pacific,Individual,Premium,Annual,Paid Search,0.668,41.65,,,False,False,Active,Renewed,12,499.8
RC-01612,2024-01-22,Q1 2024,Europe,Individual,Basic,Monthly,Social,0.516,15,5,Low usage,False,False,Active,Churned,5,75
RC-01613,2024-10-08,Q4 2024,North America,Individual,Basic,Monthly,Paid Search,0.552,15,4,Changed needs,False,False,Active,Churned,4,60
RC-01614,2024-12-05,Q4 2024,Other,Freelancer,Enterprise,Monthly,Partner,0.047,89,2,Price,False,False,Churned,Churned,2,178
RC-01615,2024-12-18,Q4 2024,North America,Individual,Standard,Monthly,Organic,0.383,29,,,False,False,Active,Active,12,348
RC-01616,2024-10-04,Q4 2024,Europe,Freelancer,Premium,Annual,Paid Search,0.22,41.65,,,True,True,At risk,At risk,12,499.8
RC-01617,2024-01-03,Q1 2024,Other,Small Business,Standard,Monthly,Paid Search,0.267,29,,,True,True,At risk,At risk,12,348
RC-01618,2024-12-20,Q4 2024,Other,Freelancer,Basic,Monthly,Paid Search,0.813,15,10,Changed needs,False,False,Active,Churned,10,150
RC-01619,2024-08-18,Q3 2024,Other,Individual,Standard,Annual,Organic,0.719,24.65,,,True,True,At risk,At risk,12,295.8
RC-01620,2024-09-24,Q3 2024,North America,Freelancer,Enterprise,Monthly,Referral,0.602,89,9,Product experience,False,False,Active,Churned,9,801
RC-01621,2024-02-01,Q1 2024,North America,Individual,Premium,Annual,Referral,0.868,41.65,,,False,False,Active,Renewed,12,499.8
RC-01622,2024-06-17,Q2 2024,Europe,Freelancer,Standard,Monthly,Paid Search,0.898,29,10,Price,False,False,Active,Churned,10,290
RC-01623,2024-10-13,Q4 2024,Europe,Individual,Basic,Monthly,Paid Search,0.936,15,,,False,False,Active,Active,12,180
RC-01624,2024-02-18,Q1 2024,North America,Individual,Standard,Monthly,Organic,0.324,29,,,True,True,At risk,At risk,12,348
RC-01625,2024-04-21,Q2 2024,Asia-Pacific,Small Business,Standard,Monthly,Paid Search,0.825,29,,,False,False,Active,Active,12,348
RC-01626,2024-07-20,Q3 2024,North America,Freelancer,Basic,Monthly,Social,0.897,15,4,Price,False,False,Active,Churned,4,60
RC-01627,2024-08-28,Q3 2024,Europe,Individual,Premium,Annual,Organic,0.9,41.65,,,False,True,Active,At risk,12,499.8
RC-01628,2024-08-24,Q3 2024,Other,Small Business,Standard,Monthly,Organic,0.659,29,,,False,False,Active,Active,12,348
RC-01629,2024-11-05,Q4 2024,Asia-Pacific,Small Business,Standard,Annual,Social,0.375,24.65,,,False,False,Active,Renewed,12,295.8
RC-01630,2024-11-19,Q4 2024,North America,Individual,Standard,Monthly,Referral,0.933,29,,,False,False,Active,Active,12,348
RC-01631,2024-03-14,Q1 2024,Europe,Freelancer,Enterprise,Monthly,Partner,0.783,89,,,False,False,Active,Active,12,1068
RC-01632,2024-11-20,Q4 2024,Asia-Pacific,Individual,Basic,Monthly,Paid Search,0.87,15,,,False,True,Active,At risk,12,180
RC-01633,2024-07-03,Q3 2024,Europe,Individual,Standard,Annual,Referral,0.154,24.65,,,True,True,At risk,At risk,12,295.8
RC-01634,2024-12-13,Q4 2024,North America,Individual,Basic,Annual,Organic,0.848,12.75,,,True,False,At risk,Renewed,12,153.0
RC-01635,2024-07-12,Q3 2024,Europe,Individual,Standard,Annual,Referral,0.751,24.65,,,False,False,Active,Renewed,12,295.8
RC-01636,2024-03-28,Q1 2024,North America,Freelancer,Basic,Monthly,Social,0.781,15,,,False,False,Active,Active,12,180
RC-01637,2024-10-04,Q4 2024,Other,Individual,Standard,Annual,Organic,0.814,24.65,,,False,False,Active,Renewed,12,295.8
RC-01638,2024-03-08,Q1 2024,Asia-Pacific,Individual,Premium,Annual,Paid Search,0.79,41.65,,,False,False,Active,Renewed,12,499.8
RC-01639,2024-03-27,Q1 2024,Asia-Pacific,Individual,Premium,Monthly,Organic,0.657,49,,,False,False,Active,Active,12,588
RC-01640,2024-10-10,Q4 2024,Asia-Pacific,Individual,Premium,Monthly,Social,0.681,49,,,False,True,Active,At risk,12,588
RC-01641,2024-12-17,Q4 2024,North America,Individual,Standard,Monthly,Paid Search,0.382,29,,,False,False,Active,Active,12,348
RC-01642,2024-04-27,Q2 2024,North America,Individual,Basic,Annual,Social,0.585,12.75,,,False,False,Active,Renewed,12,153.0
RC-01643,2024-07-17,Q3 2024,Asia-Pacific,Individual,Basic,Monthly,Organic,0.377,15,,,False,False,Active,Active,12,180
RC-01644,2024-04-04,Q2 2024,Asia-Pacific,Individual,Premium,Monthly,Referral,0.594,49,,,False,False,Active,Active,12,588
RC-01645,2024-11-04,Q4 2024,Europe,Small Business,Enterprise,Annual,Social,0.811,75.65,,,False,False,Active,Renewed,12,907.8
RC-01646,2024-05-24,Q2 2024,Europe,Individual,Enterprise,Annual,Partner,0.44,75.65,,,False,False,Active,Renewed,12,907.8
RC-01647,2024-08-25,Q3 2024,North America,Individual,Standard,Monthly,Social,0.428,29,,,False,False,Active,Active,12,348
RC-01648,2024-07-10,Q3 2024,North America,Individual,Basic,Monthly,Paid Search,0.289,15,2,Alternative,False,False,Churned,Churned,2,30
RC-01649,2024-12-02,Q4 2024,Other,Individual,Basic,Annual,Paid Search,0.663,12.75,,,False,False,Active,Renewed,12,153.0
RC-01650,2024-05-27,Q2 2024,North America,Freelancer,Premium,Annual,Organic,0.37,41.65,1,Alternative,False,False,Churned,Churned,1,41.65
RC-01651,2024-04-11,Q2 2024,Europe,Team,Basic,Monthly,Organic,0.479,15,,,False,False,Active,Active,12,180
RC-01652,2024-02-15,Q1 2024,Europe,Individual,Basic,Monthly,Partner,0.302,15,,,True,True,At risk,At risk,12,180
RC-01653,2024-05-13,Q2 2024,Europe,Individual,Standard,Annual,Paid Search,0.24,24.65,,,True,True,At risk,At risk,12,295.8
RC-01654,2024-02-20,Q1 2024,Asia-Pacific,Small Business,Basic,Monthly,Organic,0.75,15,,,True,True,At risk,At risk,12,180
RC-01655,2024-07-02,Q3 2024,Asia-Pacific,Individual,Standard,Monthly,Social,0.346,29,,,False,False,Active,Active,12,348
RC-01656,2024-01-11,Q1 2024,Other,Freelancer,Basic,Monthly,Social,0.824,15,,,False,True,Active,At risk,12,180
RC-01657,2024-10-05,Q4 2024,North America,Freelancer,Premium,Annual,Paid Search,0.513,41.65,,,False,False,Active,Renewed,12,499.8
RC-01658,2024-02-15,Q1 2024,Asia-Pacific,Freelancer,Basic,Monthly,Paid Search,0.525,15,,,False,False,Active,Active,12,180
RC-01659,2024-09-28,Q3 2024,Asia-Pacific,Small Business,Basic,Annual,Referral,0.196,12.75,,,True,True,At risk,At risk,12,153.0
RC-01660,2024-06-27,Q2 2024,Asia-Pacific,Individual,Basic,Monthly,Partner,0.294,15,2,Price,False,False,Churned,Churned,2,30
RC-01661,2024-06-23,Q2 2024,Europe,Individual,Standard,Annual,Organic,0.178,24.65,,,True,True,At risk,At risk,12,295.8
RC-01662,2024-01-15,Q1 2024,North America,Freelancer,Standard,Monthly,Organic,0.856,29,,,False,False,Active,Active,12,348
RC-01663,2024-12-02,Q4 2024,Other,Small Business,Standard,Monthly,Paid Search,0.572,29,,,False,False,Active,Active,12,348
RC-01664,2024-04-16,Q2 2024,Europe,Individual,Basic,Monthly,Paid Search,0.264,15,6,Alternative,True,False,At risk,Churned,6,90
RC-01665,2024-09-01,Q3 2024,Europe,Small Business,Basic,Monthly,Referral,0.506,15,2,Product experience,False,False,Churned,Churned,2,30
RC-01666,2024-10-09,Q4 2024,Europe,Individual,Premium,Annual,Social,0.697,41.65,,,False,False,Active,Renewed,12,499.8
RC-01667,2024-07-18,Q3 2024,North America,Individual,Premium,Annual,Organic,0.754,41.65,,,False,False,Active,Renewed,12,499.8
RC-01668,2024-10-27,Q4 2024,North America,Small Business,Enterprise,Annual,Partner,0.816,75.65,,,False,False,Active,Renewed,12,907.8
RC-01669,2024-08-14,Q3 2024,North America,Freelancer,Basic,Monthly,Organic,0.748,15,,,False,False,Active,Active,12,180
RC-01670,2024-02-04,Q1 2024,Asia-Pacific,Freelancer,Standard,Monthly,Partner,0.393,29,,,False,False,Active,Active,12,348
RC-01671,2024-10-20,Q4 2024,North America,Individual,Basic,Monthly,Organic,0.801,15,7,Alternative,False,False,Active,Churned,7,105
RC-01672,2024-05-27,Q2 2024,Europe,Small Business,Premium,Monthly,Referral,0.238,49,,,True,True,At risk,At risk,12,588
RC-01673,2024-11-13,Q4 2024,North America,Freelancer,Basic,Annual,Paid Search,0.546,12.75,,,False,False,Active,Renewed,12,153.0
RC-01674,2024-02-07,Q1 2024,Europe,Individual,Standard,Monthly,Organic,0.406,29,,,False,False,Active,Active,12,348
RC-01675,2024-02-01,Q1 2024,Asia-Pacific,Small Business,Standard,Monthly,Paid Search,0.071,29,8,Payment issue,True,False,At risk,Churned,8,232
RC-01676,2024-07-02,Q3 2024,Other,Small Business,Standard,Monthly,Referral,0.132,29,11,Alternative,True,False,At risk,Churned,11,319
RC-01677,2024-11-05,Q4 2024,North America,Individual,Basic,Annual,Referral,0.647,12.75,,,False,False,Active,Renewed,12,153.0
RC-01678,2024-03-05,Q1 2024,Europe,Freelancer,Basic,Monthly,Organic,0.753,15,7,Low usage,True,False,At risk,Churned,7,105
RC-01679,2024-09-28,Q3 2024,North America,Small Business,Premium,Annual,Referral,0.425,41.65,12,Price,False,False,Active,Churned,12,499.8
RC-01680,2024-04-21,Q2 2024,North America,Individual,Standard,Annual,Paid Search,0.908,24.65,,,False,False,Active,Renewed,12,295.8
RC-01681,2024-01-15,Q1 2024,Asia-Pacific,Individual,Basic,Monthly,Paid Search,0.777,15,7,Alternative,False,False,Active,Churned,7,105
RC-01682,2024-07-17,Q3 2024,Asia-Pacific,Freelancer,Premium,Annual,Social,0.804,41.65,,,False,False,Active,Renewed,12,499.8
RC-01683,2024-04-15,Q2 2024,Europe,Individual,Premium,Annual,Paid Search,0.848,41.65,,,False,True,Active,At risk,12,499.8
RC-01684,2024-04-05,Q2 2024,North America,Individual,Premium,Annual,Paid Search,0.603,41.65,,,False,True,Active,At risk,12,499.8
RC-01685,2024-01-09,Q1 2024,Asia-Pacific,Individual,Standard,Annual,Social,0.816,24.65,3,Alternative,False,False,Churned,Churned,3,73.95
RC-01686,2024-07-26,Q3 2024,Europe,Individual,Standard,Monthly,Organic,0.94,29,,,False,False,Active,Active,12,348
RC-01687,2024-09-25,Q3 2024,Asia-Pacific,Individual,Basic,Monthly,Organic,0.22,15,,,True,True,At risk,At risk,12,180
RC-01688,2024-11-16,Q4 2024,North America,Individual,Enterprise,Annual,Organic,0.522,75.65,,,False,False,Active,Renewed,12,907.8
RC-01689,2024-12-06,Q4 2024,North America,Small Business,Premium,Monthly,Organic,0.212,49,1,Payment issue,False,False,Churned,Churned,1,49
RC-01690,2024-08-27,Q3 2024,Asia-Pacific,Individual,Standard,Monthly,Organic,0.572,29,4,Low usage,False,False,Active,Churned,4,116
RC-01691,2024-07-22,Q3 2024,Europe,Individual,Basic,Monthly,Organic,0.747,15,4,Alternative,False,False,Active,Churned,4,60
RC-01692,2024-04-04,Q2 2024,Asia-Pacific,Individual,Basic,Monthly,Paid Search,0.515,15,,,False,False,Active,Active,12,180
RC-01693,2024-10-14,Q4 2024,Europe,Individual,Standard,Monthly,Referral,0.464,29,,,False,False,Active,Active,12,348
RC-01694,2024-09-02,Q3 2024,Europe,Individual,Standard,Annual,Organic,0.446,24.65,,,False,False,Active,Renewed,12,295.8
RC-01695,2024-08-13,Q3 2024,Europe,Small Business,Premium,Monthly,Organic,0.851,49,,,False,False,Active,Active,12,588
RC-01696,2024-11-18,Q4 2024,Europe,Freelancer,Enterprise,Monthly,Organic,0.822,89,,,True,False,At risk,Active,12,1068
RC-01697,2024-12-21,Q4 2024,Europe,Small Business,Standard,Monthly,Referral,0.726,29,,,True,False,At risk,Active,12,348
RC-01698,2024-07-26,Q3 2024,North America,Individual,Basic,Monthly,Paid Search,0.632,15,4,Low usage,False,False,Active,Churned,4,60
RC-01699,2024-10-04,Q4 2024,Europe,Small Business,Premium,Monthly,Organic,0.939,49,,,False,False,Active,Active,12,588
RC-01700,2024-01-07,Q1 2024,Europe,Individual,Standard,Monthly,Social,0.899,29,,,False,False,Active,Active,12,348
RC-01701,2024-04-20,Q2 2024,North America,Freelancer,Enterprise,Annual,Organic,0.646,75.65,,,False,False,Active,Renewed,12,907.8
RC-01702,2024-02-28,Q1 2024,Europe,Individual,Premium,Monthly,Referral,0.935,49,,,False,False,Active,Active,12,588
RC-01703,2024-01-16,Q1 2024,Europe,Individual,Standard,Monthly,Referral,0.749,29,,,False,False,Active,Active,12,348
RC-01704,2024-12-21,Q4 2024,Other,Team,Premium,Annual,Organic,0.299,41.65,,,True,True,At risk,At risk,12,499.8
RC-01705,2024-12-12,Q4 2024,Europe,Individual,Basic,Monthly,Referral,0.621,15,,,False,False,Active,Active,12,180
RC-01706,2024-02-21,Q1 2024,North America,Freelancer,Premium,Monthly,Referral,0.715,49,,,False,False,Active,Active,12,588
RC-01707,2024-01-21,Q1 2024,North America,Individual,Standard,Annual,Organic,0.647,24.65,,,False,False,Active,Renewed,12,295.8
RC-01708,2024-09-12,Q3 2024,North America,Individual,Standard,Monthly,Paid Search,0.682,29,12,Low usage,False,False,Active,Churned,12,348
RC-01709,2024-05-06,Q2 2024,North America,Freelancer,Premium,Annual,Referral,0.704,41.65,,,False,False,Active,Renewed,12,499.8
RC-01710,2024-04-01,Q2 2024,Europe,Freelancer,Premium,Annual,Partner,0.227,41.65,,,True,True,At risk,At risk,12,499.8
RC-01711,2024-12-28,Q4 2024,Europe,Freelancer,Standard,Monthly,Paid Search,0.243,29,,,True,True,At risk,At risk,12,348
RC-01712,2024-09-26,Q3 2024,Asia-Pacific,Small Business,Premium,Annual,Referral,0.659,41.65,,,False,False,Active,Renewed,12,499.8
RC-01713,2024-10-10,Q4 2024,North America,Individual,Premium,Annual,Organic,0.781,41.65,,,False,False,Active,Renewed,12,499.8
RC-01714,2024-04-22,Q2 2024,North America,Individual,Standard,Monthly,Paid Search,0.645,29,,,False,False,Active,Active,12,348
RC-01715,2024-08-08,Q3 2024,Asia-Pacific,Individual,Enterprise,Annual,Referral,0.725,75.65,,,False,False,Active,Renewed,12,907.8
RC-01716,2024-05-12,Q2 2024,Europe,Individual,Basic,Annual,Organic,0.706,12.75,,,False,False,Active,Renewed,12,153.0
RC-01717,2024-05-03,Q2 2024,Europe,Freelancer,Premium,Monthly,Paid Search,0.904,49,,,False,False,Active,Active,12,588
RC-01718,2024-09-15,Q3 2024,North America,Small Business,Basic,Monthly,Paid Search,0.826,15,6,Changed needs,False,False,Active,Churned,6,90
RC-01719,2024-12-07,Q4 2024,Europe,Team,Basic,Monthly,Referral,0.621,15,1,Changed needs,False,False,Churned,Churned,1,15
RC-01720,2024-03-22,Q1 2024,Europe,Individual,Standard,Monthly,Paid Search,0.912,29,,,False,False,Active,Active,12,348
RC-01721,2024-09-07,Q3 2024,Europe,Individual,Premium,Annual,Social,0.794,41.65,,,False,False,Active,Renewed,12,499.8
RC-01722,2024-08-12,Q3 2024,Europe,Individual,Basic,Annual,Organic,0.455,12.75,,,False,False,Active,Renewed,12,153.0
RC-01723,2024-05-24,Q2 2024,North America,Individual,Premium,Monthly,Paid Search,0.489,49,,,False,False,Active,Active,12,588
RC-01724,2024-07-10,Q3 2024,Europe,Team,Standard,Annual,Organic,0.679,24.65,,,False,False,Active,Renewed,12,295.8
RC-01725,2024-11-02,Q4 2024,North America,Individual,Premium,Annual,Organic,0.572,41.65,,,False,False,Active,Renewed,12,499.8
RC-01726,2024-10-14,Q4 2024,Europe,Small Business,Standard,Monthly,Referral,0.326,29,,,True,True,At risk,At risk,12,348
RC-01727,2024-09-06,Q3 2024,Europe,Small Business,Basic,Monthly,Social,0.826,15,12,Alternative,True,False,At risk,Churned,12,180
RC-01728,2024-12-01,Q4 2024,North America,Small Business,Premium,Annual,Organic,0.316,41.65,,,True,True,At risk,At risk,12,499.8
RC-01729,2024-09-13,Q3 2024,Asia-Pacific,Freelancer,Standard,Annual,Paid Search,0.682,24.65,5,Low usage,False,False,Active,Churned,5,123.25
RC-01730,2024-05-06,Q2 2024,Other,Individual,Standard,Annual,Referral,0.417,24.65,,,False,False,Active,Renewed,12,295.8
RC-01731,2024-09-18,Q3 2024,Europe,Small Business,Premium,Monthly,Partner,0.72,49,1,Product experience,False,False,Churned,Churned,1,49
RC-01732,2024-03-26,Q1 2024,North America,Individual,Enterprise,Annual,Social,0.345,75.65,,,False,False,Active,Renewed,12,907.8
RC-01733,2024-11-27,Q4 2024,Europe,Small Business,Standard,Monthly,Paid Search,0.788,29,,,False,False,Active,Active,12,348
RC-01734,2024-12-03,Q4 2024,Europe,Freelancer,Standard,Annual,Organic,0.975,24.65,,,False,False,Active,Renewed,12,295.8
RC-01735,2024-10-23,Q4 2024,North America,Individual,Premium,Monthly,Referral,0.456,49,,,False,False,Active,Active,12,588
RC-01736,2024-11-06,Q4 2024,Asia-Pacific,Individual,Premium,Annual,Social,0.631,41.65,,,False,False,Active,Renewed,12,499.8
RC-01737,2024-08-23,Q3 2024,North America,Small Business,Enterprise,Annual,Referral,0.616,75.65,2,Price,False,False,Churned,Churned,2,151.3
RC-01738,2024-02-17,Q1 2024,Asia-Pacific,Individual,Premium,Annual,Paid Search,0.287,41.65,,,True,True,At risk,At risk,12,499.8
RC-01739,2024-06-12,Q2 2024,Asia-Pacific,Individual,Standard,Annual,Social,0.823,24.65,,,False,False,Active,Renewed,12,295.8
RC-01740,2024-12-03,Q4 2024,North America,Team,Standard,Annual,Organic,0.708,24.65,,,False,False,Active,Renewed,12,295.8
RC-01741,2024-06-20,Q2 2024,North America,Individual,Premium,Monthly,Organic,0.633,49,,,False,False,Active,Active,12,588
RC-01742,2024-04-10,Q2 2024,North America,Individual,Basic,Monthly,Partner,0.466,15,,,False,False,Active,Active,12,180
RC-01743,2024-12-11,Q4 2024,Other,Individual,Basic,Annual,Paid Search,0.697,12.75,,,False,False,Active,Renewed,12,153.0
RC-01744,2024-01-17,Q1 2024,Other,Individual,Standard,Monthly,Organic,0.174,29,,,True,True,At risk,At risk,12,348
RC-01745,2024-03-12,Q1 2024,Europe,Individual,Standard,Monthly,Paid Search,0.734,29,,,False,False,Active,Active,12,348
RC-01746,2024-03-13,Q1 2024,North America,Individual,Basic,Monthly,Social,0.589,15,1,Low usage,False,False,Churned,Churned,1,15
RC-01747,2024-03-13,Q1 2024,North America,Freelancer,Standard,Monthly,Social,0.495,29,,,False,False,Active,Active,12,348
RC-01748,2024-01-13,Q1 2024,Europe,Individual,Premium,Annual,Social,0.355,41.65,,,False,False,Active,Renewed,12,499.8
RC-01749,2024-12-25,Q4 2024,Asia-Pacific,Individual,Standard,Monthly,Referral,0.434,29,,,False,False,Active,Active,12,348
RC-01750,2024-07-06,Q3 2024,Asia-Pacific,Freelancer,Standard,Monthly,Paid Search,0.226,29,,,True,True,At risk,At risk,12,348
RC-01751,2024-03-08,Q1 2024,Europe,Small Business,Standard,Annual,Organic,0.51,24.65,,,False,True,Active,At risk,12,295.8
RC-01752,2024-04-27,Q2 2024,Europe,Individual,Standard,Annual,Social,0.483,24.65,,,False,False,Active,Renewed,12,295.8
RC-01753,2024-09-20,Q3 2024,Asia-Pacific,Freelancer,Basic,Monthly,Organic,0.863,15,,,False,False,Active,Active,12,180
RC-01754,2024-01-13,Q1 2024,Europe,Team,Basic,Monthly,Referral,0.261,15,,,True,True,At risk,At risk,12,180
RC-01755,2024-08-04,Q3 2024,Asia-Pacific,Freelancer,Standard,Monthly,Partner,0.78,29,9,Price,False,False,Active,Churned,9,261
RC-01756,2024-11-16,Q4 2024,North America,Small Business,Basic,Annual,Paid Search,0.468,12.75,8,Low usage,False,False,Active,Churned,8,102.0
RC-01757,2024-05-15,Q2 2024,North America,Individual,Premium,Annual,Paid Search,0.877,41.65,,,False,False,Active,Renewed,12,499.8
RC-01758,2024-03-24,Q1 2024,North America,Small Business,Basic,Monthly,Organic,0.823,15,,,False,False,Active,Active,12,180
RC-01759,2024-09-02,Q3 2024,Other,Freelancer,Standard,Monthly,Organic,0.657,29,,,False,False,Active,Active,12,348
RC-01760,2024-08-03,Q3 2024,Europe,Individual,Standard,Annual,Organic,0.561,24.65,,,False,False,Active,Renewed,12,295.8
RC-01761,2024-06-03,Q2 2024,Other,Small Business,Basic,Monthly,Referral,0.767,15,,,False,True,Active,At risk,12,180
RC-01762,2024-01-04,Q1 2024,Asia-Pacific,Individual,Premium,Annual,Referral,0.853,41.65,,,False,False,Active,Renewed,12,499.8
RC-01763,2024-07-11,Q3 2024,Europe,Small Business,Basic,Monthly,Organic,0.654,15,9,Product experience,False,False,Active,Churned,9,135
RC-01764,2024-09-25,Q3 2024,North America,Individual,Standard,Monthly,Paid Search,0.445,29,,,False,False,Active,Active,12,348
RC-01765,2024-08-22,Q3 2024,North America,Team,Premium,Monthly,Partner,0.272,49,,,True,True,At risk,At risk,12,588
RC-01766,2024-10-22,Q4 2024,Europe,Freelancer,Enterprise,Annual,Social,0.071,75.65,9,Price,True,False,At risk,Churned,9,680.85
RC-01767,2024-09-02,Q3 2024,Europe,Individual,Premium,Annual,Referral,0.349,41.65,,,False,True,Active,At risk,12,499.8
RC-01768,2024-12-24,Q4 2024,Asia-Pacific,Team,Premium,Annual,Social,0.145,41.65,,,True,True,At risk,At risk,12,499.8
RC-01769,2024-03-21,Q1 2024,North America,Freelancer,Basic,Monthly,Referral,0.482,15,,,False,False,Active,Active,12,180
RC-01770,2024-11-07,Q4 2024,North America,Individual,Enterprise,Annual,Partner,0.379,75.65,,,False,False,Active,Renewed,12,907.8
RC-01771,2024-06-21,Q2 2024,Other,Individual,Basic,Monthly,Referral,0.571,15,,,False,False,Active,Active,12,180
RC-01772,2024-03-22,Q1 2024,North America,Freelancer,Basic,Monthly,Paid Search,0.701,15,,,True,False,At risk,Active,12,180
RC-01773,2024-11-17,Q4 2024,Other,Individual,Basic,Monthly,Organic,0.576,15,,,True,False,At risk,Active,12,180
RC-01774,2024-10-21,Q4 2024,Asia-Pacific,Individual,Standard,Monthly,Organic,0.509,29,11,Low usage,False,False,Active,Churned,11,319
RC-01775,2024-05-19,Q2 2024,North America,Individual,Premium,Annual,Organic,0.815,41.65,,,True,False,At risk,Renewed,12,499.8
RC-01776,2024-03-16,Q1 2024,Other,Individual,Basic,Monthly,Organic,0.635,15,,,False,False,Active,Active,12,180
RC-01777,2024-07-18,Q3 2024,Asia-Pacific,Individual,Basic,Monthly,Social,0.564,15,6,Low usage,False,False,Active,Churned,6,90
RC-01778,2024-12-11,Q4 2024,Europe,Individual,Basic,Monthly,Referral,0.542,15,,,False,False,Active,Active,12,180
RC-01779,2024-11-12,Q4 2024,North America,Individual,Basic,Monthly,Social,0.432,15,1,Low usage,False,False,Churned,Churned,1,15
RC-01780,2024-05-17,Q2 2024,North America,Individual,Premium,Monthly,Paid Search,0.6,49,,,False,False,Active,Active,12,588
RC-01781,2024-12-21,Q4 2024,Other,Individual,Standard,Monthly,Social,0.536,29,,,False,False,Active,Active,12,348
RC-01782,2024-10-21,Q4 2024,Europe,Individual,Standard,Monthly,Social,0.794,29,,,False,False,Active,Active,12,348
RC-01783,2024-08-12,Q3 2024,North America,Freelancer,Premium,Annual,Organic,0.755,41.65,4,Alternative,False,False,Active,Churned,4,166.6
RC-01784,2024-12-03,Q4 2024,Other,Individual,Standard,Monthly,Referral,0.441,29,,,False,False,Active,Active,12,348
RC-01785,2024-04-15,Q2 2024,North America,Freelancer,Premium,Monthly,Organic,0.185,49,2,Low usage,False,False,Churned,Churned,2,98
RC-01786,2024-07-13,Q3 2024,North America,Individual,Enterprise,Annual,Partner,0.503,75.65,,,False,False,Active,Renewed,12,907.8
RC-01787,2024-11-27,Q4 2024,North America,Individual,Standard,Monthly,Social,0.623,29,,,False,False,Active,Active,12,348
RC-01788,2024-08-22,Q3 2024,North America,Small Business,Standard,Annual,Referral,0.409,24.65,,,False,False,Active,Renewed,12,295.8
RC-01789,2024-10-20,Q4 2024,North America,Small Business,Standard,Annual,Organic,0.81,24.65,,,False,False,Active,Renewed,12,295.8
RC-01790,2024-02-23,Q1 2024,Asia-Pacific,Small Business,Basic,Monthly,Organic,0.614,15,8,Price,False,False,Active,Churned,8,120
RC-01791,2024-05-10,Q2 2024,North America,Small Business,Standard,Annual,Organic,0.806,24.65,,,False,False,Active,Renewed,12,295.8
RC-01792,2024-03-16,Q1 2024,Europe,Small Business,Basic,Monthly,Referral,0.725,15,5,Price,False,False,Active,Churned,5,75
RC-01793,2024-03-06,Q1 2024,Europe,Freelancer,Basic,Monthly,Partner,0.74,15,,,False,False,Active,Active,12,180
RC-01794,2024-03-25,Q1 2024,North America,Individual,Standard,Annual,Paid Search,0.866,24.65,,,False,False,Active,Renewed,12,295.8
RC-01795,2024-10-17,Q4 2024,North America,Freelancer,Standard,Monthly,Organic,0.284,29,,,True,True,At risk,At risk,12,348
RC-01796,2024-11-15,Q4 2024,Europe,Small Business,Standard,Annual,Social,0.803,24.65,1,Alternative,False,False,Churned,Churned,1,24.65
RC-01797,2024-01-11,Q1 2024,North America,Individual,Standard,Monthly,Partner,0.544,29,,,False,True,Active,At risk,12,348
RC-01798,2024-12-21,Q4 2024,North America,Small Business,Standard,Monthly,Partner,0.864,29,,,False,False,Active,Active,12,348
RC-01799,2024-11-07,Q4 2024,Europe,Small Business,Basic,Monthly,Organic,0.184,15,11,Low usage,True,False,At risk,Churned,11,165
RC-01800,2024-05-25,Q2 2024,Europe,Small Business,Standard,Monthly,Organic,0.569,29,,,False,False,Active,Active,12,348
RC-01801,2024-05-03,Q2 2024,Europe,Small Business,Basic,Annual,Organic,0.481,12.75,,,False,False,Active,Renewed,12,153.0
RC-01802,2024-02-25,Q1 2024,Europe,Individual,Basic,Monthly,Organic,0.422,15,,,False,False,Active,Active,12,180
RC-01803,2024-04-06,Q2 2024,Europe,Small Business,Basic,Monthly,Organic,0.746,15,,,False,False,Active,Active,12,180
RC-01804,2024-04-22,Q2 2024,Asia-Pacific,Team,Premium,Monthly,Social,0.791,49,,,False,False,Active,Active,12,588
RC-01805,2024-04-14,Q2 2024,North America,Individual,Premium,Annual,Referral,0.994,41.65,,,False,False,Active,Renewed,12,499.8
RC-01806,2024-05-11,Q2 2024,Europe,Individual,Standard,Annual,Paid Search,0.967,24.65,,,True,False,At risk,Renewed,12,295.8
RC-01807,2024-11-22,Q4 2024,North America,Individual,Basic,Monthly,Referral,0.671,15,,,False,False,Active,Active,12,180
RC-01808,2024-05-11,Q2 2024,North America,Individual,Enterprise,Annual,Organic,0.807,75.65,,,False,False,Active,Renewed,12,907.8
RC-01809,2024-07-09,Q3 2024,Europe,Freelancer,Basic,Monthly,Paid Search,0.501,15,,,False,False,Active,Active,12,180
RC-01810,2024-10-10,Q4 2024,North America,Individual,Basic,Monthly,Referral,0.499,15,,,False,False,Active,Active,12,180
RC-01811,2024-05-15,Q2 2024,Europe,Freelancer,Basic,Monthly,Organic,0.956,15,,,False,False,Active,Active,12,180
RC-01812,2024-10-27,Q4 2024,Other,Individual,Basic,Monthly,Paid Search,0.523,15,,,False,False,Active,Active,12,180
RC-01813,2024-01-23,Q1 2024,North America,Individual,Basic,Annual,Organic,0.512,12.75,1,Price,False,False,Churned,Churned,1,12.75
RC-01814,2024-02-26,Q1 2024,North America,Freelancer,Standard,Monthly,Organic,0.416,29,,,False,False,Active,Active,12,348
RC-01815,2024-03-22,Q1 2024,Other,Individual,Standard,Monthly,Paid Search,0.752,29,,,False,False,Active,Active,12,348
RC-01816,2024-12-21,Q4 2024,Europe,Freelancer,Basic,Monthly,Social,0.63,15,10,Alternative,False,False,Active,Churned,10,150
RC-01817,2024-08-01,Q3 2024,North America,Individual,Standard,Monthly,Organic,0.776,29,,,False,False,Active,Active,12,348
RC-01818,2024-11-20,Q4 2024,Other,Freelancer,Standard,Annual,Partner,0.797,24.65,,,False,False,Active,Renewed,12,295.8
RC-01819,2024-12-22,Q4 2024,Asia-Pacific,Individual,Premium,Monthly,Organic,0.417,49,,,False,False,Active,Active,12,588
RC-01820,2024-04-24,Q2 2024,North America,Small Business,Standard,Monthly,Social,0.489,29,,,False,False,Active,Active,12,348
RC-01821,2024-08-15,Q3 2024,Asia-Pacific,Individual,Standard,Monthly,Paid Search,0.425,29,1,Product experience,False,False,Churned,Churned,1,29
RC-01822,2024-11-12,Q4 2024,Europe,Freelancer,Premium,Annual,Organic,0.611,41.65,,,False,False,Active,Renewed,12,499.8
RC-01823,2024-02-25,Q1 2024,North America,Freelancer,Premium,Monthly,Referral,0.548,49,2,Changed needs,False,False,Churned,Churned,2,98
RC-01824,2024-05-12,Q2 2024,Other,Individual,Premium,Monthly,Organic,0.25,49,6,Low usage,True,False,At risk,Churned,6,294
RC-01825,2024-08-24,Q3 2024,North America,Small Business,Basic,Monthly,Organic,0.404,15,,,False,False,Active,Active,12,180
RC-01826,2024-01-15,Q1 2024,Asia-Pacific,Freelancer,Standard,Monthly,Paid Search,0.357,29,,,False,False,Active,Active,12,348
RC-01827,2024-07-16,Q3 2024,Europe,Individual,Premium,Annual,Partner,0.775,41.65,,,False,False,Active,Renewed,12,499.8
RC-01828,2024-03-25,Q1 2024,Other,Individual,Enterprise,Annual,Paid Search,0.508,75.65,,,False,False,Active,Renewed,12,907.8
RC-01829,2024-11-25,Q4 2024,Asia-Pacific,Individual,Basic,Monthly,Referral,0.633,15,,,False,False,Active,Active,12,180
RC-01830,2024-11-03,Q4 2024,Asia-Pacific,Freelancer,Premium,Monthly,Paid Search,0.384,49,,,False,False,Active,Active,12,588
RC-01831,2024-09-18,Q3 2024,Europe,Freelancer,Standard,Annual,Organic,0.471,24.65,2,Price,False,False,Churned,Churned,2,49.3
RC-01832,2024-06-22,Q2 2024,Europe,Individual,Standard,Monthly,Referral,0.63,29,1,Price,False,False,Churned,Churned,1,29
RC-01833,2024-10-06,Q4 2024,Asia-Pacific,Team,Standard,Monthly,Organic,0.65,29,5,Price,False,False,Active,Churned,5,145
RC-01834,2024-08-12,Q3 2024,Europe,Team,Standard,Monthly,Organic,0.748,29,,,False,False,Active,Active,12,348
RC-01835,2024-12-06,Q4 2024,Europe,Small Business,Basic,Monthly,Referral,0.713,15,3,Low usage,False,False,Churned,Churned,3,45
RC-01836,2024-02-28,Q1 2024,North America,Individual,Standard,Annual,Social,0.818,24.65,,,False,False,Active,Renewed,12,295.8
RC-01837,2024-10-08,Q4 2024,Europe,Individual,Basic,Monthly,Paid Search,0.447,15,,,False,False,Active,Active,12,180
RC-01838,2024-03-05,Q1 2024,North America,Individual,Basic,Monthly,Social,0.818,15,9,Alternative,False,False,Active,Churned,9,135
RC-01839,2024-03-20,Q1 2024,Europe,Team,Standard,Monthly,Organic,0.517,29,10,Price,False,False,Active,Churned,10,290
RC-01840,2024-01-13,Q1 2024,North America,Small Business,Standard,Annual,Referral,0.723,24.65,5,Alternative,False,False,Active,Churned,5,123.25
RC-01841,2024-09-20,Q3 2024,North America,Small Business,Basic,Monthly,Referral,0.512,15,,,False,False,Active,Active,12,180
RC-01842,2024-03-02,Q1 2024,Asia-Pacific,Freelancer,Premium,Monthly,Paid Search,0.557,49,,,False,False,Active,Active,12,588
RC-01843,2024-10-02,Q4 2024,North America,Individual,Basic,Monthly,Organic,0.241,15,1,Price,False,False,Churned,Churned,1,15
RC-01844,2024-09-25,Q3 2024,Other,Small Business,Basic,Monthly,Partner,0.235,15,5,Low usage,True,False,At risk,Churned,5,75
RC-01845,2024-06-05,Q2 2024,Asia-Pacific,Individual,Premium,Monthly,Social,0.673,49,,,False,False,Active,Active,12,588
RC-01846,2024-05-05,Q2 2024,North America,Small Business,Premium,Annual,Organic,0.68,41.65,,,False,False,Active,Renewed,12,499.8
RC-01847,2024-04-08,Q2 2024,Europe,Individual,Basic,Monthly,Organic,0.891,15,,,False,False,Active,Active,12,180
RC-01848,2024-06-16,Q2 2024,North America,Individual,Standard,Monthly,Partner,0.438,29,,,False,False,Active,Active,12,348
RC-01849,2024-06-03,Q2 2024,North America,Small Business,Standard,Annual,Organic,0.974,24.65,,,False,False,Active,Renewed,12,295.8
RC-01850,2024-04-18,Q2 2024,Europe,Individual,Premium,Monthly,Paid Search,0.281,49,11,Product experience,True,False,At risk,Churned,11,539
RC-01851,2024-02-22,Q1 2024,North America,Individual,Basic,Annual,Paid Search,0.47,12.75,,,True,False,At risk,Renewed,12,153.0
RC-01852,2024-06-04,Q2 2024,Europe,Individual,Standard,Monthly,Organic,0.618,29,,,False,False,Active,Active,12,348
RC-01853,2024-11-03,Q4 2024,Asia-Pacific,Individual,Standard,Monthly,Referral,0.266,29,,,True,True,At risk,At risk,12,348
RC-01854,2024-07-24,Q3 2024,North America,Small Business,Premium,Monthly,Organic,0.893,49,,,False,True,Active,At risk,12,588
RC-01855,2024-07-17,Q3 2024,Asia-Pacific,Freelancer,Standard,Monthly,Paid Search,0.644,29,7,Price,False,False,Active,Churned,7,203
RC-01856,2024-12-03,Q4 2024,Asia-Pacific,Freelancer,Basic,Monthly,Social,0.363,15,,,False,False,Active,Active,12,180
RC-01857,2024-10-07,Q4 2024,North America,Freelancer,Basic,Monthly,Paid Search,0.784,15,8,Alternative,False,False,Active,Churned,8,120
RC-01858,2024-05-21,Q2 2024,Europe,Small Business,Basic,Monthly,Paid Search,0.36,15,,,False,False,Active,Active,12,180
RC-01859,2024-09-05,Q3 2024,North America,Individual,Premium,Monthly,Paid Search,0.8,49,7,Low usage,False,False,Active,Churned,7,343
RC-01860,2024-05-08,Q2 2024,North America,Freelancer,Standard,Monthly,Social,0.603,29,,,False,False,Active,Active,12,348
RC-01861,2024-09-03,Q3 2024,North America,Freelancer,Standard,Monthly,Organic,0.413,29,,,False,False,Active,Active,12,348
RC-01862,2024-05-02,Q2 2024,Europe,Individual,Basic,Monthly,Referral,0.893,15,,,False,False,Active,Active,12,180
RC-01863,2024-01-25,Q1 2024,Asia-Pacific,Freelancer,Basic,Monthly,Organic,0.891,15,,,False,False,Active,Active,12,180
RC-01864,2024-09-01,Q3 2024,Other,Small Business,Standard,Monthly,Organic,0.341,29,,,False,False,Active,Active,12,348
RC-01865,2024-05-04,Q2 2024,North America,Team,Standard,Monthly,Referral,0.798,29,6,Low usage,False,False,Active,Churned,6,174
RC-01866,2024-12-04,Q4 2024,North America,Individual,Enterprise,Monthly,Paid Search,0.627,89,,,False,False,Active,Active,12,1068
RC-01867,2024-12-13,Q4 2024,North America,Individual,Standard,Monthly,Paid Search,0.87,29,,,False,False,Active,Active,12,348
RC-01868,2024-11-14,Q4 2024,North America,Freelancer,Basic,Monthly,Partner,0.592,15,4,Price,False,False,Active,Churned,4,60
RC-01869,2024-12-27,Q4 2024,Europe,Freelancer,Standard,Monthly,Social,0.893,29,,,False,False,Active,Active,12,348
RC-01870,2024-02-16,Q1 2024,Asia-Pacific,Freelancer,Basic,Monthly,Organic,0.881,15,,,False,False,Active,Active,12,180
RC-01871,2024-04-02,Q2 2024,North America,Individual,Standard,Monthly,Referral,0.502,29,,,False,False,Active,Active,12,348
RC-01872,2024-08-15,Q3 2024,Asia-Pacific,Individual,Enterprise,Annual,Referral,0.611,75.65,,,False,False,Active,Renewed,12,907.8
RC-01873,2024-10-17,Q4 2024,North America,Team,Standard,Monthly,Organic,0.799,29,,,False,False,Active,Active,12,348
RC-01874,2024-04-28,Q2 2024,Asia-Pacific,Individual,Standard,Annual,Organic,0.684,24.65,,,False,False,Active,Renewed,12,295.8
RC-01875,2024-12-26,Q4 2024,Asia-Pacific,Team,Enterprise,Monthly,Referral,0.737,89,,,False,False,Active,Active,12,1068
RC-01876,2024-08-23,Q3 2024,Europe,Individual,Basic,Monthly,Social,0.724,15,,,False,True,Active,At risk,12,180
RC-01877,2024-12-09,Q4 2024,North America,Freelancer,Basic,Monthly,Referral,0.765,15,,,False,True,Active,At risk,12,180
RC-01878,2024-06-02,Q2 2024,North America,Individual,Basic,Monthly,Organic,0.874,15,1,Changed needs,False,False,Churned,Churned,1,15
RC-01879,2024-08-27,Q3 2024,Europe,Individual,Enterprise,Monthly,Organic,0.416,89,,,False,False,Active,Active,12,1068
RC-01880,2024-04-26,Q2 2024,North America,Small Business,Premium,Annual,Organic,0.868,41.65,,,False,False,Active,Renewed,12,499.8
RC-01881,2024-12-16,Q4 2024,Asia-Pacific,Individual,Premium,Monthly,Paid Search,0.627,49,,,False,False,Active,Active,12,588
RC-01882,2024-11-23,Q4 2024,North America,Individual,Standard,Annual,Partner,0.298,24.65,,,True,True,At risk,At risk,12,295.8
RC-01883,2024-07-28,Q3 2024,North America,Small Business,Premium,Annual,Paid Search,0.921,41.65,,,False,False,Active,Renewed,12,499.8
RC-01884,2024-04-26,Q2 2024,Europe,Small Business,Premium,Monthly,Organic,0.922,49,,,False,False,Active,Active,12,588
RC-01885,2024-08-04,Q3 2024,Asia-Pacific,Small Business,Premium,Monthly,Organic,0.387,49,,,False,False,Active,Active,12,588
RC-01886,2024-12-18,Q4 2024,Europe,Individual,Standard,Annual,Social,0.885,24.65,,,False,False,Active,Renewed,12,295.8
RC-01887,2024-05-28,Q2 2024,North America,Individual,Basic,Monthly,Referral,0.71,15,9,Low usage,True,False,At risk,Churned,9,135
RC-01888,2024-10-13,Q4 2024,North America,Individual,Basic,Annual,Organic,0.674,12.75,,,False,True,Active,At risk,12,153.0
RC-01889,2024-08-02,Q3 2024,Asia-Pacific,Individual,Standard,Monthly,Organic,0.546,29,3,Price,False,False,Churned,Churned,3,87
RC-01890,2024-09-12,Q3 2024,Asia-Pacific,Individual,Basic,Monthly,Paid Search,0.86,15,,,False,False,Active,Active,12,180
RC-01891,2024-03-10,Q1 2024,North America,Individual,Basic,Monthly,Organic,0.68,15,11,Payment issue,False,False,Active,Churned,11,165
RC-01892,2024-01-13,Q1 2024,Other,Individual,Premium,Annual,Organic,0.918,41.65,10,Alternative,False,False,Active,Churned,10,416.5
RC-01893,2024-09-15,Q3 2024,Europe,Freelancer,Premium,Monthly,Paid Search,0.779,49,,,False,False,Active,Active,12,588
RC-01894,2024-09-01,Q3 2024,Asia-Pacific,Individual,Standard,Annual,Social,0.658,24.65,,,True,False,At risk,Renewed,12,295.8
RC-01895,2024-04-26,Q2 2024,Europe,Freelancer,Enterprise,Monthly,Referral,0.899,89,,,False,True,Active,At risk,12,1068
RC-01896,2024-12-09,Q4 2024,Europe,Individual,Basic,Monthly,Referral,0.262,15,,,True,True,At risk,At risk,12,180
RC-01897,2024-09-14,Q3 2024,North America,Individual,Standard,Annual,Referral,0.217,24.65,,,True,True,At risk,At risk,12,295.8
RC-01898,2024-05-07,Q2 2024,North America,Individual,Basic,Monthly,Paid Search,0.74,15,,,False,False,Active,Active,12,180
RC-01899,2024-12-17,Q4 2024,Asia-Pacific,Freelancer,Enterprise,Monthly,Referral,0.086,89,,,True,True,At risk,At risk,12,1068
RC-01900,2024-03-06,Q1 2024,Europe,Small Business,Premium,Monthly,Social,0.506,49,,,False,False,Active,Active,12,588
RC-01901,2024-08-15,Q3 2024,Europe,Team,Premium,Monthly,Organic,0.521,49,,,False,False,Active,Active,12,588
RC-01902,2024-06-15,Q2 2024,North America,Individual,Basic,Monthly,Paid Search,0.879,15,,,False,False,Active,Active,12,180
RC-01903,2024-11-22,Q4 2024,North America,Small Business,Basic,Monthly,Social,0.233,15,,,True,True,At risk,At risk,12,180
RC-01904,2024-03-24,Q1 2024,Asia-Pacific,Team,Basic,Monthly,Organic,0.394,15,1,Product experience,False,False,Churned,Churned,1,15
RC-01905,2024-03-09,Q1 2024,North America,Individual,Basic,Monthly,Paid Search,0.723,15,4,Price,False,False,Active,Churned,4,60
RC-01906,2024-02-22,Q1 2024,Europe,Small Business,Standard,Monthly,Partner,0.373,29,,,False,False,Active,Active,12,348
RC-01907,2024-06-21,Q2 2024,Asia-Pacific,Freelancer,Enterprise,Monthly,Organic,0.467,89,1,Payment issue,False,False,Churned,Churned,1,89
RC-01908,2024-12-01,Q4 2024,North America,Individual,Premium,Monthly,Organic,0.85,49,,,False,False,Active,Active,12,588
RC-01909,2024-08-15,Q3 2024,North America,Individual,Standard,Monthly,Partner,0.741,29,,,False,False,Active,Active,12,348
RC-01910,2024-11-22,Q4 2024,Europe,Individual,Premium,Monthly,Paid Search,0.832,49,,,False,False,Active,Active,12,588
RC-01911,2024-07-27,Q3 2024,North America,Freelancer,Standard,Annual,Social,0.72,24.65,,,False,False,Active,Renewed,12,295.8
RC-01912,2024-12-20,Q4 2024,North America,Freelancer,Basic,Monthly,Paid Search,0.704,15,,,False,False,Active,Active,12,180
RC-01913,2024-03-12,Q1 2024,North America,Small Business,Basic,Monthly,Partner,0.447,15,,,False,False,Active,Active,12,180
RC-01914,2024-04-19,Q2 2024,Europe,Freelancer,Standard,Annual,Organic,0.467,24.65,,,False,False,Active,Renewed,12,295.8
RC-01915,2024-07-04,Q3 2024,Other,Small Business,Standard,Monthly,Referral,0.442,29,,,False,False,Active,Active,12,348
RC-01916,2024-01-05,Q1 2024,North America,Individual,Standard,Monthly,Paid Search,0.636,29,4,Changed needs,False,False,Active,Churned,4,116
RC-01917,2024-02-04,Q1 2024,North America,Small Business,Standard,Annual,Organic,0.635,24.65,,,False,False,Active,Renewed,12,295.8
RC-01918,2024-04-01,Q2 2024,North America,Team,Basic,Monthly,Referral,0.737,15,,,False,False,Active,Active,12,180
RC-01919,2024-02-14,Q1 2024,Europe,Freelancer,Enterprise,Annual,Social,0.518,75.65,,,False,False,Active,Renewed,12,907.8
RC-01920,2024-03-27,Q1 2024,Europe,Individual,Standard,Monthly,Referral,0.584,29,,,False,False,Active,Active,12,348
RC-01921,2024-09-25,Q3 2024,Asia-Pacific,Individual,Basic,Monthly,Referral,0.352,15,11,Low usage,False,False,Active,Churned,11,165
RC-01922,2024-11-05,Q4 2024,North America,Freelancer,Basic,Monthly,Paid Search,0.519,15,,,False,False,Active,Active,12,180
RC-01923,2024-04-13,Q2 2024,Asia-Pacific,Small Business,Premium,Annual,Paid Search,0.27,41.65,,,True,True,At risk,At risk,12,499.8
RC-01924,2024-05-14,Q2 2024,Europe,Team,Standard,Annual,Social,0.91,24.65,,,False,False,Active,Renewed,12,295.8
RC-01925,2024-03-03,Q1 2024,Europe,Individual,Premium,Monthly,Social,0.53,49,,,False,False,Active,Active,12,588
RC-01926,2024-06-01,Q2 2024,Europe,Small Business,Enterprise,Annual,Paid Search,0.152,75.65,,,True,True,At risk,At risk,12,907.8
RC-01927,2024-05-25,Q2 2024,North America,Team,Standard,Monthly,Organic,0.404,29,,,False,False,Active,Active,12,348
RC-01928,2024-07-12,Q3 2024,Europe,Small Business,Standard,Monthly,Paid Search,0.706,29,,,False,False,Active,Active,12,348
RC-01929,2024-12-22,Q4 2024,North America,Individual,Basic,Monthly,Referral,0.811,15,9,Changed needs,False,False,Active,Churned,9,135
RC-01930,2024-02-09,Q1 2024,Europe,Small Business,Enterprise,Annual,Social,0.478,75.65,1,Alternative,False,False,Churned,Churned,1,75.65
RC-01931,2024-12-07,Q4 2024,Other,Small Business,Standard,Monthly,Organic,0.785,29,,,False,False,Active,Active,12,348
RC-01932,2024-03-23,Q1 2024,North America,Individual,Standard,Annual,Paid Search,0.472,24.65,,,False,False,Active,Renewed,12,295.8
RC-01933,2024-05-23,Q2 2024,North America,Individual,Standard,Monthly,Organic,0.808,29,,,False,False,Active,Active,12,348
RC-01934,2024-11-02,Q4 2024,North America,Freelancer,Enterprise,Annual,Paid Search,0.907,75.65,9,Low usage,False,False,Active,Churned,9,680.85
RC-01935,2024-06-26,Q2 2024,Asia-Pacific,Individual,Basic,Monthly,Social,0.467,15,,,False,False,Active,Active,12,180
RC-01936,2024-05-20,Q2 2024,North America,Individual,Standard,Monthly,Paid Search,0.511,29,,,False,False,Active,Active,12,348
RC-01937,2024-04-05,Q2 2024,North America,Small Business,Standard,Monthly,Social,0.137,29,,,True,True,At risk,At risk,12,348
RC-01938,2024-08-17,Q3 2024,North America,Individual,Standard,Monthly,Partner,0.604,29,,,False,False,Active,Active,12,348
RC-01939,2024-05-18,Q2 2024,Europe,Individual,Basic,Monthly,Social,0.699,15,,,False,False,Active,Active,12,180
RC-01940,2024-04-02,Q2 2024,Other,Individual,Basic,Monthly,Social,0.335,15,,,True,True,At risk,At risk,12,180
RC-01941,2024-04-02,Q2 2024,North America,Small Business,Basic,Monthly,Organic,0.077,15,8,Price,True,False,At risk,Churned,8,120
RC-01942,2024-12-06,Q4 2024,Europe,Individual,Enterprise,Annual,Paid Search,0.298,75.65,,,True,True,At risk,At risk,12,907.8
RC-01943,2024-04-25,Q2 2024,Europe,Small Business,Basic,Monthly,Paid Search,0.441,15,,,True,False,At risk,Active,12,180
RC-01944,2024-05-08,Q2 2024,Europe,Freelancer,Basic,Monthly,Social,0.3,15,,,True,True,At risk,At risk,12,180
RC-01945,2024-06-08,Q2 2024,Europe,Individual,Standard,Monthly,Paid Search,0.333,29,,,False,True,Active,At risk,12,348
RC-01946,2024-06-11,Q2 2024,Europe,Small Business,Standard,Monthly,Organic,0.285,29,8,Price,True,False,At risk,Churned,8,232
RC-01947,2024-08-27,Q3 2024,Asia-Pacific,Individual,Basic,Annual,Referral,0.1,12.75,,,True,True,At risk,At risk,12,153.0
RC-01948,2024-11-15,Q4 2024,Asia-Pacific,Individual,Basic,Monthly,Partner,0.825,15,,,False,False,Active,Active,12,180
RC-01949,2024-01-06,Q1 2024,North America,Individual,Basic,Monthly,Organic,0.644,15,10,Low usage,False,False,Active,Churned,10,150
RC-01950,2024-12-10,Q4 2024,Other,Individual,Basic,Monthly,Organic,0.716,15,,,False,False,Active,Active,12,180
RC-01951,2024-06-04,Q2 2024,Other,Individual,Standard,Monthly,Referral,0.565,29,,,False,False,Active,Active,12,348
RC-01952,2024-02-02,Q1 2024,Europe,Small Business,Standard,Monthly,Referral,0.501,29,,,False,False,Active,Active,12,348
RC-01953,2024-06-13,Q2 2024,Asia-Pacific,Individual,Enterprise,Annual,Social,0.772,75.65,,,False,False,Active,Renewed,12,907.8
RC-01954,2024-07-26,Q3 2024,North America,Individual,Basic,Annual,Paid Search,0.636,12.75,1,Low usage,False,False,Churned,Churned,1,12.75
RC-01955,2024-07-18,Q3 2024,North America,Small Business,Premium,Monthly,Partner,0.84,49,3,Alternative,False,False,Churned,Churned,3,147
RC-01956,2024-01-07,Q1 2024,Europe,Freelancer,Premium,Monthly,Referral,0.669,49,,,True,False,At risk,Active,12,588
RC-01957,2024-12-19,Q4 2024,Asia-Pacific,Individual,Standard,Annual,Referral,0.421,24.65,,,False,False,Active,Renewed,12,295.8
RC-01958,2024-09-08,Q3 2024,Other,Freelancer,Standard,Monthly,Organic,0.515,29,,,False,False,Active,Active,12,348
RC-01959,2024-12-18,Q4 2024,Asia-Pacific,Small Business,Standard,Monthly,Social,0.746,29,,,True,False,At risk,Active,12,348
RC-01960,2024-10-19,Q4 2024,North America,Team,Standard,Monthly,Organic,0.594,29,,,False,False,Active,Active,12,348
RC-01961,2024-04-24,Q2 2024,Asia-Pacific,Individual,Basic,Monthly,Social,0.352,15,9,Low usage,False,False,Active,Churned,9,135
RC-01962,2024-12-21,Q4 2024,Europe,Small Business,Basic,Monthly,Referral,0.494,15,,,False,False,Active,Active,12,180
RC-01963,2024-10-10,Q4 2024,Europe,Individual,Basic,Annual,Social,0.827,12.75,2,Low usage,False,False,Churned,Churned,2,25.5
RC-01964,2024-11-16,Q4 2024,North America,Individual,Premium,Monthly,Partner,0.923,49,,,False,False,Active,Active,12,588
RC-01965,2024-06-27,Q2 2024,Asia-Pacific,Individual,Enterprise,Monthly,Referral,0.598,89,,,False,False,Active,Active,12,1068
RC-01966,2024-12-08,Q4 2024,North America,Small Business,Standard,Annual,Organic,0.604,24.65,,,False,False,Active,Renewed,12,295.8
RC-01967,2024-08-16,Q3 2024,North America,Individual,Basic,Monthly,Partner,0.414,15,,,False,False,Active,Active,12,180
RC-01968,2024-05-25,Q2 2024,North America,Individual,Basic,Monthly,Partner,0.858,15,,,False,False,Active,Active,12,180
RC-01969,2024-12-16,Q4 2024,Asia-Pacific,Small Business,Basic,Monthly,Partner,0.33,15,12,Price,False,False,Active,Churned,12,180
RC-01970,2024-04-12,Q2 2024,North America,Small Business,Premium,Monthly,Paid Search,0.554,49,4,Price,False,False,Active,Churned,4,196
RC-01971,2024-12-07,Q4 2024,North America,Individual,Standard,Monthly,Organic,0.446,29,1,Changed needs,False,False,Churned,Churned,1,29
RC-01972,2024-08-06,Q3 2024,North America,Individual,Basic,Monthly,Paid Search,0.918,15,,,False,False,Active,Active,12,180
RC-01973,2024-02-05,Q1 2024,Asia-Pacific,Individual,Basic,Annual,Organic,0.488,12.75,,,True,False,At risk,Renewed,12,153.0
RC-01974,2024-02-09,Q1 2024,North America,Freelancer,Premium,Monthly,Social,0.761,49,,,False,False,Active,Active,12,588
RC-01975,2024-02-09,Q1 2024,North America,Freelancer,Standard,Annual,Partner,0.762,24.65,,,False,False,Active,Renewed,12,295.8
RC-01976,2024-03-21,Q1 2024,Asia-Pacific,Freelancer,Standard,Annual,Paid Search,0.924,24.65,11,Payment issue,False,False,Active,Churned,11,271.15
RC-01977,2024-03-09,Q1 2024,North America,Individual,Standard,Annual,Organic,0.579,24.65,,,False,False,Active,Renewed,12,295.8
RC-01978,2024-03-04,Q1 2024,North America,Individual,Basic,Annual,Paid Search,0.811,12.75,10,Changed needs,False,False,Active,Churned,10,127.5
RC-01979,2024-07-08,Q3 2024,Europe,Freelancer,Basic,Monthly,Social,0.937,15,,,False,False,Active,Active,12,180
RC-01980,2024-02-15,Q1 2024,Asia-Pacific,Freelancer,Standard,Annual,Organic,0.214,24.65,3,Price,False,False,Churned,Churned,3,73.95
RC-01981,2024-12-28,Q4 2024,Asia-Pacific,Individual,Basic,Monthly,Referral,0.825,15,6,Payment issue,False,False,Active,Churned,6,90
RC-01982,2024-10-15,Q4 2024,Asia-Pacific,Individual,Basic,Monthly,Social,0.732,15,,,False,False,Active,Active,12,180
RC-01983,2024-10-13,Q4 2024,North America,Small Business,Basic,Annual,Organic,0.265,12.75,11,Low usage,True,False,At risk,Churned,11,140.25
RC-01984,2024-12-15,Q4 2024,Asia-Pacific,Individual,Basic,Monthly,Referral,0.549,15,12,Low usage,False,False,Active,Churned,12,180
RC-01985,2024-04-28,Q2 2024,Asia-Pacific,Individual,Standard,Monthly,Organic,0.653,29,,,False,False,Active,Active,12,348
RC-01986,2024-08-20,Q3 2024,Other,Individual,Basic,Annual,Paid Search,0.574,12.75,,,False,False,Active,Renewed,12,153.0
RC-01987,2024-10-19,Q4 2024,North America,Team,Standard,Monthly,Organic,0.285,29,,,True,True,At risk,At risk,12,348
RC-01988,2024-09-05,Q3 2024,North America,Freelancer,Enterprise,Annual,Social,0.359,75.65,,,False,False,Active,Renewed,12,907.8
RC-01989,2024-09-01,Q3 2024,North America,Individual,Standard,Monthly,Organic,0.774,29,1,Low usage,False,False,Churned,Churned,1,29
RC-01990,2024-11-07,Q4 2024,North America,Freelancer,Standard,Monthly,Social,0.321,29,,,True,True,At risk,At risk,12,348
RC-01991,2024-05-23,Q2 2024,North America,Individual,Basic,Monthly,Paid Search,0.329,15,,,True,True,At risk,At risk,12,180
RC-01992,2024-12-18,Q4 2024,North America,Individual,Standard,Annual,Paid Search,0.214,24.65,1,Product experience,False,False,Churned,Churned,1,24.65
RC-01993,2024-08-05,Q3 2024,North America,Freelancer,Premium,Monthly,Social,0.475,49,,,False,False,Active,Active,12,588
RC-01994,2024-10-17,Q4 2024,Asia-Pacific,Freelancer,Premium,Annual,Referral,0.516,41.65,,,False,False,Active,Renewed,12,499.8
RC-01995,2024-03-11,Q1 2024,Other,Small Business,Premium,Monthly,Organic,0.616,49,,,False,False,Active,Active,12,588
RC-01996,2024-07-06,Q3 2024,North America,Individual,Premium,Monthly,Social,0.672,49,,,False,False,Active,Active,12,588
RC-01997,2024-07-23,Q3 2024,Europe,Individual,Premium,Monthly,Organic,0.749,49,,,False,False,Active,Active,12,588
RC-01998,2024-09-06,Q3 2024,North America,Small Business,Premium,Annual,Organic,0.392,41.65,,,False,False,Active,Renewed,12,499.8
RC-01999,2024-12-25,Q4 2024,North America,Individual,Basic,Monthly,Referral,0.706,15,,,False,False,Active,Active,12,180
RC-02000,2024-03-21,Q1 2024,Asia-Pacific,Freelancer,Standard,Monthly,Social,0.276,29,,,True,True,At risk,At risk,12,348
RC-02001,2024-12-07,Q4 2024,North America,Individual,Basic,Monthly,Organic,0.448,15,,,True,False,At risk,Active,12,180
RC-02002,2024-07-07,Q3 2024,North America,Freelancer,Standard,Monthly,Paid Search,0.385,29,,,False,False,Active,Active,12,348
RC-02003,2024-09-14,Q3 2024,North America,Individual,Standard,Monthly,Organic,0.449,29,,,False,False,Active,Active,12,348
RC-02004,2024-03-05,Q1 2024,Europe,Small Business,Basic,Monthly,Organic,0.563,15,9,Low usage,False,False,Active,Churned,9,135
RC-02005,2024-02-06,Q1 2024,Europe,Individual,Standard,Monthly,Paid Search,0.369,29,,,False,False,Active,Active,12,348
RC-02006,2024-10-17,Q4 2024,North America,Freelancer,Standard,Monthly,Social,0.779,29,,,False,False,Active,Active,12,348
RC-02007,2024-08-01,Q3 2024,Asia-Pacific,Individual,Basic,Monthly,Organic,0.685,15,,,False,True,Active,At risk,12,180
RC-02008,2024-11-11,Q4 2024,Europe,Freelancer,Enterprise,Annual,Paid Search,0.57,75.65,11,Price,False,False,Active,Churned,11,832.15
RC-02009,2024-02-15,Q1 2024,Asia-Pacific,Freelancer,Basic,Monthly,Partner,0.818,15,,,False,False,Active,Active,12,180
RC-02010,2024-11-27,Q4 2024,North America,Freelancer,Standard,Annual,Paid Search,0.423,24.65,,,False,False,Active,Renewed,12,295.8
RC-02011,2024-06-25,Q2 2024,North America,Individual,Enterprise,Annual,Paid Search,0.505,75.65,,,False,False,Active,Renewed,12,907.8
RC-02012,2024-08-08,Q3 2024,North America,Individual,Basic,Monthly,Organic,0.977,15,,,False,False,Active,Active,12,180
RC-02013,2024-04-22,Q2 2024,Europe,Freelancer,Standard,Annual,Referral,0.472,24.65,8,Price,False,False,Active,Churned,8,197.2
RC-02014,2024-04-25,Q2 2024,North America,Team,Standard,Monthly,Partner,0.61,29,,,False,False,Active,Active,12,348
RC-02015,2024-12-23,Q4 2024,Europe,Freelancer,Premium,Annual,Paid Search,0.705,41.65,,,False,False,Active,Renewed,12,499.8
RC-02016,2024-02-24,Q1 2024,Asia-Pacific,Freelancer,Basic,Monthly,Social,0.749,15,,,False,False,Active,Active,12,180
RC-02017,2024-06-12,Q2 2024,North America,Freelancer,Basic,Monthly,Organic,0.78,15,,,False,False,Active,Active,12,180
RC-02018,2024-10-21,Q4 2024,Europe,Team,Basic,Annual,Partner,0.296,12.75,,,True,True,At risk,At risk,12,153.0
RC-02019,2024-07-24,Q3 2024,North America,Individual,Enterprise,Annual,Social,0.932,75.65,,,False,False,Active,Renewed,12,907.8
RC-02020,2024-12-19,Q4 2024,North America,Small Business,Premium,Monthly,Referral,0.875,49,,,False,False,Active,Active,12,588
RC-02021,2024-09-28,Q3 2024,Asia-Pacific,Individual,Standard,Monthly,Paid Search,0.741,29,,,False,False,Active,Active,12,348
RC-02022,2024-10-20,Q4 2024,Asia-Pacific,Individual,Standard,Monthly,Organic,0.771,29,,,False,False,Active,Active,12,348
RC-02023,2024-01-16,Q1 2024,Other,Freelancer,Basic,Monthly,Organic,0.672,15,10,Price,False,False,Active,Churned,10,150
RC-02024,2024-07-13,Q3 2024,North America,Freelancer,Basic,Monthly,Paid Search,0.356,15,,,False,False,Active,Active,12,180
RC-02025,2024-10-25,Q4 2024,Europe,Freelancer,Basic,Monthly,Organic,0.59,15,,,False,False,Active,Active,12,180
RC-02026,2024-08-15,Q3 2024,Asia-Pacific,Small Business,Premium,Monthly,Paid Search,0.489,49,,,False,False,Active,Active,12,588
RC-02027,2024-03-01,Q1 2024,Other,Individual,Basic,Monthly,Referral,0.829,15,,,False,False,Active,Active,12,180
RC-02028,2024-07-19,Q3 2024,Europe,Individual,Standard,Annual,Paid Search,0.295,24.65,,,True,True,At risk,At risk,12,295.8
RC-02029,2024-05-03,Q2 2024,Europe,Individual,Enterprise,Annual,Paid Search,0.56,75.65,,,False,False,Active,Renewed,12,907.8
RC-02030,2024-05-15,Q2 2024,Europe,Freelancer,Basic,Monthly,Social,0.768,15,8,Low usage,False,False,Active,Churned,8,120
RC-02031,2024-05-17,Q2 2024,Europe,Individual,Basic,Monthly,Organic,0.543,15,4,Low usage,False,False,Active,Churned,4,60
RC-02032,2024-10-25,Q4 2024,Europe,Freelancer,Standard,Monthly,Organic,0.544,29,,,False,False,Active,Active,12,348
RC-02033,2024-12-16,Q4 2024,Europe,Small Business,Standard,Monthly,Organic,0.633,29,,,False,False,Active,Active,12,348
RC-02034,2024-09-11,Q3 2024,North America,Freelancer,Premium,Annual,Organic,0.71,41.65,,,False,False,Active,Renewed,12,499.8
RC-02035,2024-10-04,Q4 2024,North America,Freelancer,Standard,Monthly,Paid Search,0.208,29,3,Price,False,False,Churned,Churned,3,87
RC-02036,2024-12-23,Q4 2024,North America,Team,Standard,Monthly,Referral,0.1,29,,,True,True,At risk,At risk,12,348
RC-02037,2024-03-13,Q1 2024,Other,Freelancer,Standard,Monthly,Referral,0.811,29,,,False,False,Active,Active,12,348
RC-02038,2024-12-01,Q4 2024,Other,Freelancer,Premium,Annual,Referral,0.312,41.65,,,True,True,At risk,At risk,12,499.8
RC-02039,2024-04-25,Q2 2024,Asia-Pacific,Freelancer,Standard,Monthly,Organic,0.935,29,,,False,True,Active,At risk,12,348
RC-02040,2024-01-22,Q1 2024,Other,Individual,Basic,Monthly,Organic,0.745,15,,,False,False,Active,Active,12,180
RC-02041,2024-01-19,Q1 2024,Other,Individual,Standard,Monthly,Paid Search,0.355,29,,,False,False,Active,Active,12,348
RC-02042,2024-09-03,Q3 2024,Asia-Pacific,Individual,Standard,Monthly,Organic,0.942,29,,,False,False,Active,Active,12,348
RC-02043,2024-06-09,Q2 2024,Europe,Individual,Enterprise,Annual,Referral,0.428,75.65,,,False,False,Active,Renewed,12,907.8
RC-02044,2024-01-10,Q1 2024,Europe,Individual,Standard,Monthly,Paid Search,0.847,29,,,False,False,Active,Active,12,348
RC-02045,2024-08-27,Q3 2024,North America,Small Business,Premium,Annual,Partner,0.644,41.65,,,False,False,Active,Renewed,12,499.8
RC-02046,2024-11-05,Q4 2024,Europe,Individual,Standard,Monthly,Social,0.365,29,,,True,False,At risk,Active,12,348
RC-02047,2024-10-26,Q4 2024,Europe,Individual,Standard,Annual,Organic,0.935,24.65,4,Changed needs,False,False,Active,Churned,4,98.6
RC-02048,2024-11-24,Q4 2024,Asia-Pacific,Individual,Premium,Annual,Organic,0.81,41.65,,,False,False,Active,Renewed,12,499.8
RC-02049,2024-02-28,Q1 2024,Asia-Pacific,Small Business,Basic,Monthly,Social,0.396,15,,,False,False,Active,Active,12,180
RC-02050,2024-07-22,Q3 2024,Asia-Pacific,Small Business,Basic,Monthly,Referral,0.704,15,,,False,True,Active,At risk,12,180
RC-02051,2024-02-20,Q1 2024,Europe,Small Business,Standard,Annual,Partner,0.31,24.65,,,True,True,At risk,At risk,12,295.8
RC-02052,2024-06-19,Q2 2024,North America,Freelancer,Premium,Annual,Social,0.533,41.65,,,False,False,Active,Renewed,12,499.8
RC-02053,2024-03-06,Q1 2024,Europe,Freelancer,Premium,Annual,Partner,0.822,41.65,,,False,False,Active,Renewed,12,499.8
RC-02054,2024-12-24,Q4 2024,North America,Individual,Standard,Annual,Paid Search,0.691,24.65,,,False,False,Active,Renewed,12,295.8
RC-02055,2024-08-20,Q3 2024,Europe,Individual,Enterprise,Monthly,Organic,0.838,89,,,False,False,Active,Active,12,1068
RC-02056,2024-11-04,Q4 2024,North America,Individual,Basic,Monthly,Social,0.564,15,,,False,False,Active,Active,12,180
RC-02057,2024-05-27,Q2 2024,Other,Team,Standard,Annual,Paid Search,0.501,24.65,7,Price,False,False,Active,Churned,7,172.55
RC-02058,2024-11-17,Q4 2024,Europe,Freelancer,Standard,Annual,Paid Search,0.529,24.65,10,Price,False,False,Active,Churned,10,246.5
RC-02059,2024-05-05,Q2 2024,Europe,Individual,Standard,Annual,Referral,0.562,24.65,,,False,False,Active,Renewed,12,295.8
RC-02060,2024-04-16,Q2 2024,Other,Small Business,Standard,Annual,Referral,0.21,24.65,,,True,True,At risk,At risk,12,295.8
RC-02061,2024-06-03,Q2 2024,Asia-Pacific,Individual,Basic,Annual,Social,0.554,12.75,,,False,False,Active,Renewed,12,153.0
RC-02062,2024-10-21,Q4 2024,North America,Small Business,Basic,Monthly,Referral,0.249,15,11,Product experience,True,False,At risk,Churned,11,165
RC-02063,2024-03-23,Q1 2024,North America,Individual,Basic,Monthly,Organic,0.251,15,4,Product experience,True,False,At risk,Churned,4,60
RC-02064,2024-01-20,Q1 2024,North America,Individual,Standard,Monthly,Organic,0.894,29,2,Low usage,False,False,Churned,Churned,2,58
RC-02065,2024-03-06,Q1 2024,Other,Individual,Basic,Monthly,Paid Search,0.494,15,6,Product experience,False,False,Active,Churned,6,90
RC-02066,2024-10-12,Q4 2024,Europe,Individual,Basic,Annual,Social,0.85,12.75,,,False,False,Active,Renewed,12,153.0
RC-02067,2024-01-18,Q1 2024,North America,Individual,Standard,Annual,Partner,0.453,24.65,,,False,False,Active,Renewed,12,295.8
RC-02068,2024-01-02,Q1 2024,Other,Small Business,Premium,Annual,Organic,0.261,41.65,,,True,True,At risk,At risk,12,499.8
RC-02069,2024-03-14,Q1 2024,Europe,Individual,Basic,Annual,Social,0.754,12.75,7,Price,False,False,Active,Churned,7,89.25
RC-02070,2024-06-02,Q2 2024,North America,Team,Basic,Monthly,Paid Search,0.719,15,,,True,False,At risk,Active,12,180
RC-02071,2024-06-25,Q2 2024,Asia-Pacific,Individual,Premium,Annual,Organic,0.662,41.65,,,False,False,Active,Renewed,12,499.8
RC-02072,2024-01-17,Q1 2024,Asia-Pacific,Individual,Basic,Monthly,Organic,0.538,15,4,Low usage,False,False,Active,Churned,4,60
RC-02073,2024-01-01,Q1 2024,Europe,Individual,Basic,Monthly,Referral,0.216,15,,,True,True,At risk,At risk,12,180
RC-02074,2024-06-27,Q2 2024,Europe,Small Business,Basic,Monthly,Organic,0.567,15,,,False,False,Active,Active,12,180
RC-02075,2024-11-20,Q4 2024,Other,Small Business,Standard,Annual,Organic,0.796,24.65,,,False,False,Active,Renewed,12,295.8
RC-02076,2024-11-03,Q4 2024,North America,Individual,Basic,Monthly,Social,0.396,15,,,False,False,Active,Active,12,180
RC-02077,2024-11-12,Q4 2024,Europe,Individual,Premium,Annual,Organic,0.509,41.65,,,False,False,Active,Renewed,12,499.8
RC-02078,2024-04-25,Q2 2024,North America,Small Business,Standard,Annual,Social,0.854,24.65,12,Product experience,False,False,Active,Churned,12,295.8
RC-02079,2024-07-02,Q3 2024,North America,Team,Premium,Monthly,Referral,0.674,49,7,Payment issue,False,False,Active,Churned,7,343
RC-02080,2024-10-06,Q4 2024,Europe,Individual,Basic,Monthly,Partner,0.682,15,1,Price,False,False,Churned,Churned,1,15
RC-02081,2024-02-20,Q1 2024,North America,Small Business,Standard,Monthly,Referral,0.425,29,,,False,False,Active,Active,12,348
RC-02082,2024-01-08,Q1 2024,Europe,Individual,Standard,Monthly,Paid Search,0.662,29,,,False,False,Active,Active,12,348
RC-02083,2024-04-14,Q2 2024,Asia-Pacific,Individual,Premium,Monthly,Paid Search,0.781,49,10,Payment issue,False,False,Active,Churned,10,490
RC-02084,2024-09-01,Q3 2024,Europe,Individual,Basic,Monthly,Social,0.742,15,,,False,False,Active,Active,12,180
RC-02085,2024-07-01,Q3 2024,North America,Freelancer,Standard,Annual,Paid Search,0.455,24.65,,,True,False,At risk,Renewed,12,295.8
RC-02086,2024-02-11,Q1 2024,Europe,Team,Basic,Monthly,Social,0.652,15,,,False,False,Active,Active,12,180
RC-02087,2024-12-22,Q4 2024,Europe,Team,Standard,Monthly,Organic,0.63,29,,,False,False,Active,Active,12,348
RC-02088,2024-02-10,Q1 2024,North America,Small Business,Standard,Monthly,Paid Search,0.228,29,,,True,True,At risk,At risk,12,348
RC-02089,2024-04-17,Q2 2024,Asia-Pacific,Freelancer,Premium,Annual,Paid Search,0.477,41.65,,,False,True,Active,At risk,12,499.8
RC-02090,2024-06-13,Q2 2024,Europe,Individual,Basic,Monthly,Social,0.798,15,,,False,False,Active,Active,12,180
RC-02091,2024-06-21,Q2 2024,Other,Small Business,Standard,Annual,Partner,0.639,24.65,,,False,False,Active,Renewed,12,295.8
RC-02092,2024-02-08,Q1 2024,North America,Freelancer,Basic,Monthly,Organic,0.764,15,,,False,False,Active,Active,12,180
RC-02093,2024-06-25,Q2 2024,North America,Small Business,Premium,Monthly,Partner,0.777,49,,,False,False,Active,Active,12,588
RC-02094,2024-05-26,Q2 2024,North America,Small Business,Standard,Monthly,Referral,0.365,29,,,False,False,Active,Active,12,348
RC-02095,2024-04-20,Q2 2024,Asia-Pacific,Small Business,Standard,Annual,Paid Search,0.743,24.65,,,False,False,Active,Renewed,12,295.8
RC-02096,2024-12-26,Q4 2024,Asia-Pacific,Freelancer,Basic,Monthly,Referral,0.624,15,5,Product experience,False,False,Active,Churned,5,75
RC-02097,2024-03-04,Q1 2024,North America,Individual,Basic,Monthly,Referral,0.76,15,,,False,False,Active,Active,12,180
RC-02098,2024-02-24,Q1 2024,Asia-Pacific,Individual,Basic,Monthly,Organic,0.6,15,4,Low usage,False,False,Active,Churned,4,60
RC-02099,2024-04-12,Q2 2024,Europe,Individual,Basic,Monthly,Organic,0.106,15,,,True,True,At risk,At risk,12,180
RC-02100,2024-09-21,Q3 2024,North America,Individual,Basic,Annual,Partner,0.895,12.75,,,False,False,Active,Renewed,12,153.0
RC-02101,2024-11-26,Q4 2024,Europe,Freelancer,Premium,Annual,Organic,0.587,41.65,10,Price,False,False,Active,Churned,10,416.5
RC-02102,2024-10-08,Q4 2024,North America,Individual,Standard,Monthly,Organic,0.471,29,,,False,False,Active,Active,12,348
RC-02103,2024-11-06,Q4 2024,Europe,Small Business,Premium,Monthly,Referral,0.595,49,,,False,False,Active,Active,12,588
RC-02104,2024-10-08,Q4 2024,North America,Team,Standard,Monthly,Organic,0.866,29,,,False,False,Active,Active,12,348
RC-02105,2024-01-23,Q1 2024,North America,Small Business,Standard,Monthly,Referral,0.257,29,,,True,True,At risk,At risk,12,348
RC-02106,2024-10-11,Q4 2024,Europe,Individual,Standard,Annual,Organic,0.566,24.65,,,False,False,Active,Renewed,12,295.8
RC-02107,2024-02-21,Q1 2024,Europe,Freelancer,Basic,Monthly,Partner,0.537,15,,,False,False,Active,Active,12,180
RC-02108,2024-05-15,Q2 2024,Europe,Freelancer,Premium,Monthly,Social,0.649,49,,,False,False,Active,Active,12,588
RC-02109,2024-09-12,Q3 2024,North America,Individual,Basic,Monthly,Paid Search,0.801,15,1,Alternative,False,False,Churned,Churned,1,15
RC-02110,2024-03-05,Q1 2024,Europe,Freelancer,Basic,Monthly,Organic,0.785,15,1,Low usage,False,False,Churned,Churned,1,15
RC-02111,2024-10-09,Q4 2024,North America,Small Business,Premium,Annual,Organic,0.808,41.65,,,False,False,Active,Renewed,12,499.8
RC-02112,2024-11-23,Q4 2024,Asia-Pacific,Individual,Standard,Annual,Paid Search,0.237,24.65,5,Low usage,True,False,At risk,Churned,5,123.25
RC-02113,2024-03-06,Q1 2024,Europe,Freelancer,Basic,Monthly,Organic,0.607,15,,,False,False,Active,Active,12,180
RC-02114,2024-10-26,Q4 2024,Europe,Individual,Basic,Monthly,Partner,0.072,15,,,True,True,At risk,At risk,12,180
RC-02115,2024-01-04,Q1 2024,Europe,Individual,Standard,Monthly,Partner,0.421,29,,,False,False,Active,Active,12,348
RC-02116,2024-06-21,Q2 2024,Asia-Pacific,Individual,Basic,Monthly,Social,0.073,15,,,True,True,At risk,At risk,12,180
RC-02117,2024-10-24,Q4 2024,Europe,Individual,Standard,Annual,Social,0.48,24.65,,,False,False,Active,Renewed,12,295.8
RC-02118,2024-12-07,Q4 2024,Asia-Pacific,Individual,Premium,Annual,Organic,0.208,41.65,,,True,True,At risk,At risk,12,499.8
RC-02119,2024-06-23,Q2 2024,Asia-Pacific,Individual,Enterprise,Annual,Social,0.359,75.65,11,Price,False,False,Active,Churned,11,832.15
RC-02120,2024-11-27,Q4 2024,Europe,Individual,Basic,Annual,Partner,0.454,12.75,,,False,False,Active,Renewed,12,153.0
RC-02121,2024-02-24,Q1 2024,Other,Individual,Standard,Annual,Organic,0.71,24.65,,,False,False,Active,Renewed,12,295.8
RC-02122,2024-07-15,Q3 2024,Asia-Pacific,Individual,Premium,Annual,Paid Search,0.339,41.65,,,False,True,Active,At risk,12,499.8
RC-02123,2024-09-24,Q3 2024,Asia-Pacific,Individual,Premium,Annual,Organic,0.333,41.65,,,False,True,Active,At risk,12,499.8
RC-02124,2024-11-02,Q4 2024,Other,Team,Premium,Annual,Social,0.578,41.65,,,False,False,Active,Renewed,12,499.8
RC-02125,2024-07-11,Q3 2024,Asia-Pacific,Individual,Basic,Monthly,Referral,0.418,15,5,Product experience,False,False,Active,Churned,5,75
RC-02126,2024-05-23,Q2 2024,North America,Individual,Standard,Annual,Paid Search,0.364,24.65,,,False,False,Active,Renewed,12,295.8
RC-02127,2024-07-20,Q3 2024,Other,Individual,Premium,Monthly,Paid Search,0.608,49,8,Price,False,False,Active,Churned,8,392
RC-02128,2024-02-07,Q1 2024,Europe,Freelancer,Enterprise,Annual,Organic,0.324,75.65,,,True,True,At risk,At risk,12,907.8
RC-02129,2024-04-19,Q2 2024,North America,Small Business,Basic,Monthly,Paid Search,0.794,15,10,Alternative,False,False,Active,Churned,10,150
RC-02130,2024-04-12,Q2 2024,North America,Freelancer,Standard,Monthly,Partner,0.805,29,,,False,False,Active,Active,12,348
RC-02131,2024-07-05,Q3 2024,Europe,Individual,Standard,Monthly,Organic,0.485,29,,,False,False,Active,Active,12,348
RC-02132,2024-09-26,Q3 2024,Europe,Freelancer,Enterprise,Monthly,Organic,0.827,89,,,False,False,Active,Active,12,1068
RC-02133,2024-05-27,Q2 2024,North America,Freelancer,Basic,Annual,Social,0.119,12.75,4,Price,True,False,At risk,Churned,4,51.0
RC-02134,2024-08-25,Q3 2024,Other,Individual,Premium,Annual,Organic,0.384,41.65,1,Price,False,False,Churned,Churned,1,41.65
RC-02135,2024-04-26,Q2 2024,North America,Individual,Enterprise,Annual,Partner,0.295,75.65,,,True,True,At risk,At risk,12,907.8
RC-02136,2024-10-01,Q4 2024,Asia-Pacific,Small Business,Premium,Annual,Referral,0.728,41.65,,,False,False,Active,Renewed,12,499.8
RC-02137,2024-08-08,Q3 2024,Europe,Individual,Enterprise,Monthly,Paid Search,0.482,89,,,False,False,Active,Active,12,1068
RC-02138,2024-10-11,Q4 2024,Asia-Pacific,Individual,Standard,Monthly,Paid Search,0.877,29,,,False,False,Active,Active,12,348
RC-02139,2024-02-22,Q1 2024,North America,Small Business,Premium,Monthly,Partner,0.773,49,,,False,False,Active,Active,12,588
RC-02140,2024-01-15,Q1 2024,North America,Individual,Enterprise,Annual,Paid Search,0.715,75.65,,,False,False,Active,Renewed,12,907.8
RC-02141,2024-01-07,Q1 2024,Asia-Pacific,Freelancer,Premium,Annual,Paid Search,0.703,41.65,,,False,False,Active,Renewed,12,499.8
RC-02142,2024-06-12,Q2 2024,Other,Freelancer,Basic,Monthly,Paid Search,0.861,15,,,False,True,Active,At risk,12,180
RC-02143,2024-01-11,Q1 2024,Asia-Pacific,Individual,Premium,Annual,Referral,0.238,41.65,,,True,True,At risk,At risk,12,499.8
RC-02144,2024-09-25,Q3 2024,Asia-Pacific,Individual,Basic,Monthly,Partner,0.651,15,6,Low usage,False,False,Active,Churned,6,90
RC-02145,2024-05-18,Q2 2024,North America,Team,Premium,Monthly,Organic,0.323,49,8,Alternative,True,False,At risk,Churned,8,392
RC-02146,2024-01-23,Q1 2024,Asia-Pacific,Team,Basic,Annual,Paid Search,0.466,12.75,,,False,True,Active,At risk,12,153.0
RC-02147,2024-01-21,Q1 2024,Asia-Pacific,Small Business,Enterprise,Annual,Organic,0.595,75.65,,,False,False,Active,Renewed,12,907.8
RC-02148,2024-02-08,Q1 2024,North America,Individual,Standard,Monthly,Organic,0.775,29,,,False,False,Active,Active,12,348
RC-02149,2024-05-21,Q2 2024,North America,Individual,Premium,Annual,Organic,0.535,41.65,10,Low usage,True,False,At risk,Churned,10,416.5
RC-02150,2024-09-21,Q3 2024,North America,Freelancer,Basic,Annual,Organic,0.869,12.75,3,Payment issue,False,False,Churned,Churned,3,38.25
RC-02151,2024-12-13,Q4 2024,North America,Individual,Basic,Monthly,Organic,0.39,15,11,Low usage,False,False,Active,Churned,11,165
RC-02152,2024-02-18,Q1 2024,North America,Freelancer,Basic,Monthly,Referral,0.738,15,,,False,False,Active,Active,12,180
RC-02153,2024-07-06,Q3 2024,North America,Individual,Standard,Monthly,Social,0.398,29,1,Changed needs,False,False,Churned,Churned,1,29
RC-02154,2024-10-14,Q4 2024,North America,Individual,Basic,Monthly,Organic,0.391,15,2,Payment issue,False,False,Churned,Churned,2,30
RC-02155,2024-09-24,Q3 2024,North America,Small Business,Basic,Monthly,Referral,0.523,15,5,Product experience,False,False,Active,Churned,5,75
RC-02156,2024-12-25,Q4 2024,Other,Individual,Premium,Monthly,Paid Search,0.724,49,,,False,False,Active,Active,12,588
RC-02157,2024-01-10,Q1 2024,Europe,Individual,Basic,Monthly,Paid Search,0.741,15,5,Changed needs,True,False,At risk,Churned,5,75
RC-02158,2024-03-20,Q1 2024,Europe,Freelancer,Premium,Annual,Organic,0.803,41.65,,,False,False,Active,Renewed,12,499.8
RC-02159,2024-05-23,Q2 2024,Europe,Individual,Standard,Monthly,Paid Search,0.812,29,,,False,False,Active,Active,12,348
RC-02160,2024-05-24,Q2 2024,Asia-Pacific,Individual,Basic,Monthly,Paid Search,0.269,15,,,True,True,At risk,At risk,12,180
RC-02161,2024-07-23,Q3 2024,Other,Individual,Enterprise,Annual,Organic,0.513,75.65,,,False,False,Active,Renewed,12,907.8
RC-02162,2024-10-06,Q4 2024,Europe,Individual,Standard,Monthly,Referral,0.447,29,,,False,False,Active,Active,12,348
RC-02163,2024-01-06,Q1 2024,Other,Team,Enterprise,Monthly,Organic,0.853,89,,,False,False,Active,Active,12,1068
RC-02164,2024-04-19,Q2 2024,Europe,Small Business,Standard,Monthly,Organic,0.565,29,,,False,False,Active,Active,12,348
RC-02165,2024-12-12,Q4 2024,North America,Individual,Standard,Annual,Referral,0.502,24.65,2,Alternative,False,False,Churned,Churned,2,49.3
RC-02166,2024-07-18,Q3 2024,North America,Individual,Enterprise,Annual,Partner,0.133,75.65,,,True,True,At risk,At risk,12,907.8
RC-02167,2024-09-27,Q3 2024,Asia-Pacific,Individual,Basic,Annual,Paid Search,0.661,12.75,,,False,False,Active,Renewed,12,153.0
RC-02168,2024-12-12,Q4 2024,North America,Team,Standard,Monthly,Referral,0.908,29,,,False,False,Active,Active,12,348
RC-02169,2024-03-24,Q1 2024,North America,Freelancer,Premium,Monthly,Paid Search,0.653,49,,,False,False,Active,Active,12,588
RC-02170,2024-01-04,Q1 2024,North America,Freelancer,Standard,Monthly,Paid Search,0.516,29,,,False,False,Active,Active,12,348
RC-02171,2024-09-24,Q3 2024,Other,Individual,Basic,Monthly,Organic,0.773,15,4,Low usage,True,False,At risk,Churned,4,60
RC-02172,2024-05-21,Q2 2024,North America,Small Business,Basic,Monthly,Referral,0.211,15,,,True,True,At risk,At risk,12,180
RC-02173,2024-09-04,Q3 2024,Asia-Pacific,Small Business,Enterprise,Monthly,Paid Search,0.695,89,12,Changed needs,False,False,Active,Churned,12,1068
RC-02174,2024-12-02,Q4 2024,North America,Small Business,Standard,Monthly,Paid Search,0.759,29,,,False,False,Active,Active,12,348
RC-02175,2024-08-23,Q3 2024,Asia-Pacific,Small Business,Standard,Annual,Paid Search,0.812,24.65,,,False,False,Active,Renewed,12,295.8
RC-02176,2024-10-04,Q4 2024,North America,Individual,Standard,Annual,Paid Search,0.9,24.65,,,False,False,Active,Renewed,12,295.8
RC-02177,2024-12-21,Q4 2024,Asia-Pacific,Individual,Basic,Monthly,Organic,0.461,15,,,False,False,Active,Active,12,180
RC-02178,2024-07-21,Q3 2024,North America,Individual,Premium,Annual,Social,0.637,41.65,,,False,False,Active,Renewed,12,499.8
RC-02179,2024-05-09,Q2 2024,Europe,Freelancer,Basic,Monthly,Organic,0.376,15,2,Price,False,False,Churned,Churned,2,30
RC-02180,2024-05-22,Q2 2024,Asia-Pacific,Individual,Premium,Annual,Social,0.497,41.65,,,False,True,Active,At risk,12,499.8
RC-02181,2024-12-21,Q4 2024,Asia-Pacific,Individual,Basic,Monthly,Organic,0.498,15,9,Low usage,False,False,Active,Churned,9,135
RC-02182,2024-08-03,Q3 2024,Other,Small Business,Standard,Monthly,Organic,0.652,29,,,False,False,Active,Active,12,348
RC-02183,2024-09-22,Q3 2024,North America,Individual,Standard,Monthly,Paid Search,0.278,29,,,True,True,At risk,At risk,12,348
RC-02184,2024-06-25,Q2 2024,Asia-Pacific,Individual,Basic,Monthly,Referral,0.392,15,,,False,False,Active,Active,12,180
RC-02185,2024-09-28,Q3 2024,Asia-Pacific,Individual,Standard,Monthly,Partner,0.962,29,,,False,False,Active,Active,12,348
RC-02186,2024-08-01,Q3 2024,Other,Small Business,Standard,Annual,Paid Search,0.652,24.65,,,False,False,Active,Renewed,12,295.8
RC-02187,2024-01-18,Q1 2024,Asia-Pacific,Small Business,Basic,Annual,Organic,0.728,12.75,,,False,False,Active,Renewed,12,153.0
RC-02188,2024-01-23,Q1 2024,North America,Individual,Basic,Monthly,Organic,0.533,15,7,Payment issue,False,False,Active,Churned,7,105
RC-02189,2024-06-27,Q2 2024,North America,Freelancer,Basic,Monthly,Social,0.439,15,11,Price,False,False,Active,Churned,11,165
RC-02190,2024-06-02,Q2 2024,Europe,Individual,Standard,Monthly,Paid Search,0.428,29,,,False,False,Active,Active,12,348
RC-02191,2024-09-17,Q3 2024,Europe,Individual,Basic,Monthly,Paid Search,0.793,15,,,False,False,Active,Active,12,180
RC-02192,2024-09-20,Q3 2024,North America,Individual,Basic,Annual,Organic,0.507,12.75,8,Changed needs,False,False,Active,Churned,8,102.0
RC-02193,2024-05-19,Q2 2024,North America,Individual,Standard,Monthly,Partner,0.626,29,,,True,False,At risk,Active,12,348
RC-02194,2024-08-15,Q3 2024,Other,Individual,Premium,Monthly,Organic,0.748,49,,,True,False,At risk,Active,12,588
RC-02195,2024-05-12,Q2 2024,Other,Individual,Premium,Monthly,Partner,0.648,49,,,False,False,Active,Active,12,588
RC-02196,2024-06-09,Q2 2024,Asia-Pacific,Freelancer,Enterprise,Annual,Referral,0.329,75.65,,,True,True,At risk,At risk,12,907.8
RC-02197,2024-05-11,Q2 2024,Asia-Pacific,Freelancer,Standard,Monthly,Paid Search,0.35,29,,,False,False,Active,Active,12,348
RC-02198,2024-11-24,Q4 2024,Europe,Small Business,Premium,Monthly,Organic,0.594,49,,,False,False,Active,Active,12,588
RC-02199,2024-11-15,Q4 2024,Europe,Individual,Standard,Annual,Referral,0.672,24.65,,,False,True,Active,At risk,12,295.8
RC-02200,2024-12-10,Q4 2024,Asia-Pacific,Individual,Premium,Monthly,Social,0.695,49,,,False,False,Active,Active,12,588
RC-02201,2024-08-09,Q3 2024,Europe,Individual,Standard,Annual,Referral,0.486,24.65,,,False,False,Active,Renewed,12,295.8
RC-02202,2024-10-04,Q4 2024,Asia-Pacific,Small Business,Premium,Monthly,Referral,0.716,49,,,False,False,Active,Active,12,588
RC-02203,2024-09-13,Q3 2024,Europe,Small Business,Premium,Annual,Referral,0.633,41.65,,,False,False,Active,Renewed,12,499.8
RC-02204,2024-11-11,Q4 2024,Europe,Freelancer,Premium,Annual,Organic,0.361,41.65,,,False,True,Active,At risk,12,499.8
RC-02205,2024-05-01,Q2 2024,Asia-Pacific,Freelancer,Premium,Monthly,Referral,0.516,49,,,False,False,Active,Active,12,588
RC-02206,2024-09-14,Q3 2024,Europe,Freelancer,Premium,Monthly,Referral,0.935,49,,,False,False,Active,Active,12,588
RC-02207,2024-08-11,Q3 2024,Asia-Pacific,Team,Basic,Monthly,Partner,0.933,15,,,False,False,Active,Active,12,180
RC-02208,2024-02-09,Q1 2024,Asia-Pacific,Small Business,Basic,Monthly,Referral,0.434,15,1,Low usage,False,False,Churned,Churned,1,15
RC-02209,2024-09-25,Q3 2024,Europe,Small Business,Enterprise,Annual,Organic,0.451,75.65,,,False,False,Active,Renewed,12,907.8
RC-02210,2024-12-08,Q4 2024,North America,Freelancer,Standard,Monthly,Referral,0.718,29,,,False,False,Active,Active,12,348
RC-02211,2024-12-24,Q4 2024,Europe,Individual,Standard,Monthly,Organic,0.529,29,1,Price,False,False,Churned,Churned,1,29
RC-02212,2024-06-17,Q2 2024,Europe,Small Business,Premium,Annual,Partner,0.44,41.65,11,Price,False,False,Active,Churned,11,458.15
RC-02213,2024-12-27,Q4 2024,Europe,Freelancer,Premium,Annual,Partner,0.297,41.65,,,True,True,At risk,At risk,12,499.8
RC-02214,2024-11-22,Q4 2024,Europe,Individual,Enterprise,Monthly,Referral,0.284,89,,,True,True,At risk,At risk,12,1068
RC-02215,2024-12-23,Q4 2024,Asia-Pacific,Individual,Basic,Monthly,Referral,0.298,15,,,True,True,At risk,At risk,12,180
RC-02216,2024-04-07,Q2 2024,Asia-Pacific,Individual,Basic,Monthly,Paid Search,0.654,15,,,False,False,Active,Active,12,180
RC-02217,2024-08-18,Q3 2024,Asia-Pacific,Small Business,Basic,Monthly,Paid Search,0.796,15,2,Alternative,False,False,Churned,Churned,2,30
RC-02218,2024-08-24,Q3 2024,Asia-Pacific,Individual,Enterprise,Annual,Organic,0.366,75.65,,,False,False,Active,Renewed,12,907.8
RC-02219,2024-10-28,Q4 2024,Other,Individual,Premium,Annual,Paid Search,0.557,41.65,,,False,False,Active,Renewed,12,499.8
RC-02220,2024-05-09,Q2 2024,North America,Small Business,Standard,Annual,Organic,0.577,24.65,1,Alternative,False,False,Churned,Churned,1,24.65
RC-02221,2024-05-10,Q2 2024,North America,Freelancer,Enterprise,Annual,Social,0.469,75.65,,,False,False,Active,Renewed,12,907.8
RC-02222,2024-01-23,Q1 2024,North America,Team,Basic,Monthly,Referral,0.354,15,,,True,False,At risk,Active,12,180
RC-02223,2024-04-14,Q2 2024,North America,Individual,Standard,Monthly,Organic,0.976,29,,,False,False,Active,Active,12,348
RC-02224,2024-08-24,Q3 2024,Europe,Small Business,Standard,Monthly,Paid Search,0.363,29,,,False,False,Active,Active,12,348
RC-02225,2024-11-11,Q4 2024,Other,Small Business,Standard,Annual,Referral,0.645,24.65,,,True,False,At risk,Renewed,12,295.8
RC-02226,2024-12-11,Q4 2024,Asia-Pacific,Individual,Standard,Annual,Organic,0.603,24.65,,,False,True,Active,At risk,12,295.8
RC-02227,2024-10-28,Q4 2024,Europe,Small Business,Premium,Annual,Organic,0.574,41.65,,,False,True,Active,At risk,12,499.8
RC-02228,2024-10-25,Q4 2024,North America,Individual,Enterprise,Annual,Organic,0.89,75.65,,,False,False,Active,Renewed,12,907.8
RC-02229,2024-06-23,Q2 2024,Europe,Freelancer,Standard,Monthly,Organic,0.355,29,,,True,False,At risk,Active,12,348
RC-02230,2024-01-27,Q1 2024,Asia-Pacific,Freelancer,Standard,Annual,Organic,0.672,24.65,3,Changed needs,False,False,Churned,Churned,3,73.95
RC-02231,2024-09-25,Q3 2024,North America,Freelancer,Basic,Annual,Paid Search,0.747,12.75,,,False,False,Active,Renewed,12,153.0
RC-02232,2024-01-20,Q1 2024,Europe,Small Business,Basic,Monthly,Organic,0.713,15,,,False,False,Active,Active,12,180
RC-02233,2024-09-03,Q3 2024,Asia-Pacific,Team,Basic,Annual,Social,0.671,12.75,,,False,False,Active,Renewed,12,153.0
RC-02234,2024-06-09,Q2 2024,North America,Individual,Basic,Monthly,Organic,0.45,15,1,Alternative,False,False,Churned,Churned,1,15
RC-02235,2024-04-04,Q2 2024,Europe,Small Business,Premium,Annual,Organic,0.737,41.65,,,False,False,Active,Renewed,12,499.8
RC-02236,2024-07-03,Q3 2024,North America,Individual,Basic,Monthly,Referral,0.824,15,,,False,False,Active,Active,12,180
RC-02237,2024-07-10,Q3 2024,Other,Small Business,Standard,Annual,Organic,0.444,24.65,12,Alternative,False,False,Active,Churned,12,295.8
RC-02238,2024-12-01,Q4 2024,Asia-Pacific,Freelancer,Standard,Monthly,Paid Search,0.746,29,,,False,False,Active,Active,12,348
RC-02239,2024-05-01,Q2 2024,North America,Freelancer,Basic,Monthly,Organic,0.67,15,,,False,False,Active,Active,12,180
RC-02240,2024-07-11,Q3 2024,Asia-Pacific,Individual,Standard,Monthly,Organic,0.609,29,,,False,False,Active,Active,12,348
RC-02241,2024-07-21,Q3 2024,North America,Small Business,Standard,Monthly,Paid Search,0.548,29,,,False,False,Active,Active,12,348
RC-02242,2024-02-07,Q1 2024,Asia-Pacific,Freelancer,Premium,Monthly,Partner,0.765,49,,,False,False,Active,Active,12,588
RC-02243,2024-08-18,Q3 2024,Europe,Small Business,Premium,Annual,Organic,0.28,41.65,12,Product experience,True,False,At risk,Churned,12,499.8
RC-02244,2024-02-12,Q1 2024,Other,Individual,Basic,Monthly,Partner,0.283,15,8,Low usage,True,False,At risk,Churned,8,120
RC-02245,2024-11-15,Q4 2024,North America,Freelancer,Basic,Annual,Paid Search,0.574,12.75,,,False,False,Active,Renewed,12,153.0
RC-02246,2024-05-23,Q2 2024,Europe,Individual,Standard,Monthly,Organic,0.16,29,1,Product experience,False,False,Churned,Churned,1,29
RC-02247,2024-10-22,Q4 2024,Asia-Pacific,Individual,Basic,Monthly,Referral,0.52,15,,,False,False,Active,Active,12,180
RC-02248,2024-07-24,Q3 2024,North America,Freelancer,Standard,Annual,Paid Search,0.325,24.65,,,True,True,At risk,At risk,12,295.8
RC-02249,2024-06-17,Q2 2024,North America,Team,Basic,Monthly,Partner,0.543,15,,,False,False,Active,Active,12,180
RC-02250,2024-10-21,Q4 2024,Europe,Individual,Standard,Monthly,Partner,0.878,29,,,False,False,Active,Active,12,348
RC-02251,2024-08-18,Q3 2024,North America,Individual,Premium,Monthly,Organic,0.856,49,1,Alternative,False,False,Churned,Churned,1,49
RC-02252,2024-10-05,Q4 2024,Europe,Individual,Standard,Monthly,Referral,0.699,29,10,Low usage,False,False,Active,Churned,10,290
RC-02253,2024-08-19,Q3 2024,North America,Individual,Standard,Monthly,Paid Search,0.816,29,9,Price,False,False,Active,Churned,9,261
RC-02254,2024-08-04,Q3 2024,Europe,Freelancer,Standard,Monthly,Paid Search,0.436,29,,,False,False,Active,Active,12,348
RC-02255,2024-09-08,Q3 2024,Other,Individual,Standard,Monthly,Paid Search,0.369,29,,,False,False,Active,Active,12,348
RC-02256,2024-07-02,Q3 2024,North America,Small Business,Basic,Monthly,Organic,0.286,15,,,True,True,At risk,At risk,12,180
RC-02257,2024-12-08,Q4 2024,Europe,Team,Standard,Monthly,Social,0.309,29,,,True,True,At risk,At risk,12,348
RC-02258,2024-10-27,Q4 2024,North America,Team,Standard,Annual,Paid Search,0.627,24.65,,,False,False,Active,Renewed,12,295.8
RC-02259,2024-12-02,Q4 2024,North America,Individual,Standard,Monthly,Social,0.226,29,,,True,True,At risk,At risk,12,348
RC-02260,2024-07-15,Q3 2024,North America,Small Business,Enterprise,Monthly,Paid Search,0.244,89,,,True,True,At risk,At risk,12,1068
RC-02261,2024-10-01,Q4 2024,Asia-Pacific,Individual,Enterprise,Monthly,Social,0.72,89,,,False,False,Active,Active,12,1068
RC-02262,2024-12-28,Q4 2024,Europe,Individual,Basic,Monthly,Referral,0.715,15,10,Low usage,False,False,Active,Churned,10,150
RC-02263,2024-06-01,Q2 2024,Asia-Pacific,Individual,Basic,Annual,Social,0.462,12.75,3,Price,False,False,Churned,Churned,3,38.25
RC-02264,2024-10-28,Q4 2024,North America,Individual,Premium,Monthly,Organic,0.532,49,,,False,True,Active,At risk,12,588
RC-02265,2024-08-27,Q3 2024,North America,Individual,Standard,Monthly,Organic,0.246,29,,,True,True,At risk,At risk,12,348
RC-02266,2024-11-03,Q4 2024,Asia-Pacific,Team,Basic,Annual,Paid Search,0.448,12.75,10,Low usage,False,False,Active,Churned,10,127.5
RC-02267,2024-08-16,Q3 2024,Europe,Individual,Basic,Monthly,Partner,0.604,15,,,False,False,Active,Active,12,180
RC-02268,2024-03-01,Q1 2024,North America,Individual,Standard,Monthly,Social,0.869,29,2,Alternative,False,False,Churned,Churned,2,58
RC-02269,2024-03-24,Q1 2024,North America,Small Business,Basic,Monthly,Organic,0.203,15,3,Product experience,False,False,Churned,Churned,3,45
RC-02270,2024-09-01,Q3 2024,Other,Small Business,Premium,Annual,Referral,0.868,41.65,,,False,False,Active,Renewed,12,499.8
RC-02271,2024-11-05,Q4 2024,Asia-Pacific,Freelancer,Standard,Monthly,Social,0.391,29,9,Product experience,False,False,Active,Churned,9,261
RC-02272,2024-10-03,Q4 2024,North America,Individual,Premium,Monthly,Paid Search,0.3,49,4,Price,True,False,At risk,Churned,4,196
RC-02273,2024-05-11,Q2 2024,North America,Individual,Basic,Monthly,Paid Search,0.182,15,,,True,True,At risk,At risk,12,180
RC-02274,2024-03-25,Q1 2024,North America,Small Business,Basic,Annual,Paid Search,0.78,12.75,,,True,False,At risk,Renewed,12,153.0
RC-02275,2024-12-08,Q4 2024,Other,Freelancer,Standard,Monthly,Organic,0.802,29,1,Low usage,False,False,Churned,Churned,1,29
RC-02276,2024-07-14,Q3 2024,Asia-Pacific,Small Business,Premium,Annual,Social,0.658,41.65,,,False,False,Active,Renewed,12,499.8
RC-02277,2024-08-10,Q3 2024,Europe,Freelancer,Enterprise,Annual,Referral,0.775,75.65,,,False,False,Active,Renewed,12,907.8
RC-02278,2024-03-20,Q1 2024,Europe,Small Business,Standard,Monthly,Organic,0.684,29,,,False,False,Active,Active,12,348
RC-02279,2024-01-18,Q1 2024,Other,Individual,Basic,Monthly,Organic,0.491,15,1,Low usage,False,False,Churned,Churned,1,15
RC-02280,2024-09-02,Q3 2024,Other,Small Business,Standard,Annual,Partner,0.813,24.65,,,False,False,Active,Renewed,12,295.8
RC-02281,2024-01-16,Q1 2024,Europe,Freelancer,Basic,Monthly,Organic,0.137,15,,,True,True,At risk,At risk,12,180
RC-02282,2024-02-10,Q1 2024,North America,Individual,Basic,Monthly,Organic,0.345,15,,,False,False,Active,Active,12,180
RC-02283,2024-09-27,Q3 2024,Other,Individual,Standard,Monthly,Social,0.606,29,2,Price,False,False,Churned,Churned,2,58
RC-02284,2024-10-25,Q4 2024,Europe,Small Business,Standard,Monthly,Paid Search,0.472,29,,,False,False,Active,Active,12,348
RC-02285,2024-03-15,Q1 2024,Other,Individual,Standard,Annual,Social,0.764,24.65,,,False,False,Active,Renewed,12,295.8
RC-02286,2024-02-07,Q1 2024,North America,Individual,Enterprise,Annual,Paid Search,0.413,75.65,,,False,False,Active,Renewed,12,907.8
RC-02287,2024-02-01,Q1 2024,Europe,Individual,Basic,Monthly,Organic,0.702,15,10,Alternative,False,False,Active,Churned,10,150
RC-02288,2024-02-13,Q1 2024,North America,Small Business,Basic,Annual,Paid Search,0.823,12.75,,,True,False,At risk,Renewed,12,153.0
RC-02289,2024-09-10,Q3 2024,Europe,Small Business,Basic,Monthly,Referral,0.249,15,,,True,True,At risk,At risk,12,180
RC-02290,2024-05-23,Q2 2024,Europe,Small Business,Basic,Monthly,Paid Search,0.943,15,,,False,False,Active,Active,12,180
RC-02291,2024-07-14,Q3 2024,Asia-Pacific,Individual,Premium,Monthly,Organic,0.469,49,,,False,False,Active,Active,12,588
RC-02292,2024-08-05,Q3 2024,Asia-Pacific,Individual,Standard,Annual,Referral,0.188,24.65,,,True,True,At risk,At risk,12,295.8
RC-02293,2024-06-19,Q2 2024,Other,Small Business,Basic,Monthly,Organic,0.419,15,8,Price,False,False,Active,Churned,8,120
RC-02294,2024-05-17,Q2 2024,North America,Freelancer,Premium,Annual,Organic,0.743,41.65,,,False,False,Active,Renewed,12,499.8
RC-02295,2024-05-09,Q2 2024,Europe,Individual,Enterprise,Annual,Paid Search,0.722,75.65,,,False,False,Active,Renewed,12,907.8
RC-02296,2024-06-13,Q2 2024,North America,Freelancer,Standard,Monthly,Referral,0.144,29,,,True,True,At risk,At risk,12,348
RC-02297,2024-11-03,Q4 2024,Europe,Small Business,Enterprise,Annual,Social,0.477,75.65,,,False,False,Active,Renewed,12,907.8
RC-02298,2024-09-11,Q3 2024,Asia-Pacific,Team,Standard,Monthly,Partner,0.92,29,1,Price,False,False,Churned,Churned,1,29
RC-02299,2024-11-14,Q4 2024,Europe,Small Business,Enterprise,Annual,Social,0.553,75.65,,,False,False,Active,Renewed,12,907.8
RC-02300,2024-06-13,Q2 2024,North America,Small Business,Basic,Monthly,Partner,0.125,15,,,True,True,At risk,At risk,12,180
RC-02301,2024-05-18,Q2 2024,Other,Individual,Basic,Monthly,Referral,0.557,15,,,False,False,Active,Active,12,180
RC-02302,2024-12-12,Q4 2024,Europe,Freelancer,Premium,Annual,Paid Search,0.205,41.65,,,True,True,At risk,At risk,12,499.8
RC-02303,2024-01-28,Q1 2024,North America,Freelancer,Premium,Monthly,Referral,0.732,49,,,False,False,Active,Active,12,588
RC-02304,2024-04-04,Q2 2024,Asia-Pacific,Individual,Basic,Annual,Organic,0.478,12.75,,,False,False,Active,Renewed,12,153.0
RC-02305,2024-05-21,Q2 2024,North America,Individual,Basic,Annual,Paid Search,0.206,12.75,,,True,True,At risk,At risk,12,153.0
RC-02306,2024-02-10,Q1 2024,Asia-Pacific,Small Business,Basic,Monthly,Paid Search,0.541,15,8,Alternative,False,False,Active,Churned,8,120
RC-02307,2024-02-25,Q1 2024,Europe,Individual,Standard,Monthly,Paid Search,0.953,29,,,False,False,Active,Active,12,348
RC-02308,2024-06-27,Q2 2024,North America,Individual,Standard,Monthly,Paid Search,0.728,29,,,False,False,Active,Active,12,348
RC-02309,2024-08-18,Q3 2024,North America,Individual,Basic,Monthly,Paid Search,0.834,15,,,False,False,Active,Active,12,180
RC-02310,2024-03-01,Q1 2024,Asia-Pacific,Freelancer,Standard,Annual,Social,0.437,24.65,,,False,False,Active,Renewed,12,295.8
RC-02311,2024-08-07,Q3 2024,Europe,Freelancer,Premium,Annual,Referral,0.762,41.65,,,False,False,Active,Renewed,12,499.8
RC-02312,2024-08-15,Q3 2024,Asia-Pacific,Individual,Standard,Monthly,Paid Search,0.152,29,,,True,True,At risk,At risk,12,348
RC-02313,2024-03-11,Q1 2024,North America,Individual,Standard,Annual,Organic,0.459,24.65,11,Low usage,False,False,Active,Churned,11,271.15
RC-02314,2024-10-28,Q4 2024,North America,Individual,Basic,Monthly,Referral,0.42,15,,,False,False,Active,Active,12,180
RC-02315,2024-09-14,Q3 2024,Other,Freelancer,Standard,Monthly,Referral,0.596,29,1,Changed needs,False,False,Churned,Churned,1,29
RC-02316,2024-08-01,Q3 2024,North America,Small Business,Enterprise,Annual,Referral,0.692,75.65,7,Low usage,False,False,Active,Churned,7,529.55
RC-02317,2024-05-18,Q2 2024,Asia-Pacific,Individual,Standard,Monthly,Paid Search,0.205,29,,,True,True,At risk,At risk,12,348
RC-02318,2024-02-01,Q1 2024,Asia-Pacific,Small Business,Standard,Monthly,Social,0.889,29,,,False,False,Active,Active,12,348
RC-02319,2024-06-03,Q2 2024,Other,Individual,Standard,Annual,Social,0.651,24.65,11,Product experience,False,False,Active,Churned,11,271.15
RC-02320,2024-10-07,Q4 2024,Europe,Individual,Basic,Annual,Social,0.422,12.75,11,Low usage,False,False,Active,Churned,11,140.25
RC-02321,2024-07-08,Q3 2024,North America,Individual,Standard,Monthly,Organic,0.595,29,,,False,False,Active,Active,12,348
RC-02322,2024-03-27,Q1 2024,North America,Individual,Basic,Monthly,Referral,0.17,15,,,True,True,At risk,At risk,12,180
RC-02323,2024-02-24,Q1 2024,Other,Small Business,Basic,Monthly,Referral,0.614,15,,,True,False,At risk,Active,12,180
RC-02324,2024-05-17,Q2 2024,North America,Individual,Basic,Annual,Partner,0.335,12.75,,,False,True,Active,At risk,12,153.0
RC-02325,2024-12-18,Q4 2024,Europe,Individual,Standard,Monthly,Social,0.985,29,,,False,False,Active,Active,12,348
RC-02326,2024-12-27,Q4 2024,Asia-Pacific,Individual,Basic,Monthly,Referral,0.67,15,,,False,False,Active,Active,12,180
RC-02327,2024-05-02,Q2 2024,Asia-Pacific,Freelancer,Standard,Monthly,Referral,0.683,29,,,False,False,Active,Active,12,348
RC-02328,2024-07-04,Q3 2024,North America,Small Business,Basic,Monthly,Paid Search,0.842,15,,,False,False,Active,Active,12,180
RC-02329,2024-09-09,Q3 2024,North America,Small Business,Standard,Monthly,Paid Search,0.359,29,1,Low usage,False,False,Churned,Churned,1,29
RC-02330,2024-09-12,Q3 2024,North America,Freelancer,Premium,Monthly,Organic,0.505,49,,,False,False,Active,Active,12,588
RC-02331,2024-04-24,Q2 2024,Europe,Individual,Basic,Annual,Organic,0.89,12.75,,,False,False,Active,Renewed,12,153.0
RC-02332,2024-05-14,Q2 2024,Asia-Pacific,Individual,Basic,Monthly,Paid Search,0.551,15,,,False,False,Active,Active,12,180
RC-02333,2024-12-03,Q4 2024,North America,Individual,Standard,Monthly,Organic,0.872,29,,,False,False,Active,Active,12,348
RC-02334,2024-02-14,Q1 2024,Europe,Individual,Basic,Monthly,Organic,0.25,15,,,True,True,At risk,At risk,12,180
RC-02335,2024-12-26,Q4 2024,North America,Small Business,Basic,Monthly,Paid Search,0.477,15,,,False,False,Active,Active,12,180
RC-02336,2024-12-21,Q4 2024,North America,Individual,Premium,Monthly,Organic,0.315,49,,,True,True,At risk,At risk,12,588
RC-02337,2024-10-15,Q4 2024,North America,Small Business,Premium,Monthly,Organic,0.538,49,12,Low usage,False,False,Active,Churned,12,588
RC-02338,2024-12-12,Q4 2024,Asia-Pacific,Small Business,Standard,Monthly,Paid Search,0.355,29,,,True,False,At risk,Active,12,348
RC-02339,2024-12-25,Q4 2024,North America,Individual,Premium,Annual,Paid Search,0.41,41.65,,,False,False,Active,Renewed,12,499.8
RC-02340,2024-11-17,Q4 2024,Europe,Freelancer,Basic,Monthly,Social,0.812,15,9,Product experience,False,False,Active,Churned,9,135
RC-02341,2024-02-25,Q1 2024,Asia-Pacific,Team,Premium,Annual,Paid Search,0.685,41.65,,,False,False,Active,Renewed,12,499.8
RC-02342,2024-06-12,Q2 2024,North America,Individual,Basic,Monthly,Organic,0.492,15,,,False,False,Active,Active,12,180
RC-02343,2024-10-08,Q4 2024,Europe,Individual,Standard,Annual,Paid Search,0.353,24.65,,,False,False,Active,Renewed,12,295.8
RC-02344,2024-07-27,Q3 2024,Other,Individual,Standard,Annual,Organic,0.656,24.65,,,False,False,Active,Renewed,12,295.8
RC-02345,2024-12-26,Q4 2024,Asia-Pacific,Small Business,Basic,Monthly,Organic,0.365,15,5,Price,False,False,Active,Churned,5,75
RC-02346,2024-04-06,Q2 2024,Europe,Individual,Standard,Annual,Organic,0.622,24.65,,,False,False,Active,Renewed,12,295.8
RC-02347,2024-03-23,Q1 2024,Europe,Individual,Standard,Monthly,Social,0.722,29,,,False,False,Active,Active,12,348
RC-02348,2024-12-02,Q4 2024,Other,Individual,Standard,Monthly,Organic,0.982,29,,,False,False,Active,Active,12,348
RC-02349,2024-10-01,Q4 2024,North America,Individual,Basic,Monthly,Referral,0.689,15,,,False,False,Active,Active,12,180
RC-02350,2024-10-12,Q4 2024,Asia-Pacific,Freelancer,Premium,Annual,Paid Search,0.56,41.65,,,False,True,Active,At risk,12,499.8
RC-02351,2024-07-28,Q3 2024,North America,Team,Basic,Monthly,Referral,0.62,15,1,Alternative,False,False,Churned,Churned,1,15
RC-02352,2024-04-25,Q2 2024,Asia-Pacific,Small Business,Premium,Annual,Organic,0.781,41.65,,,False,False,Active,Renewed,12,499.8
RC-02353,2024-02-21,Q1 2024,Asia-Pacific,Team,Standard,Annual,Organic,0.715,24.65,,,False,False,Active,Renewed,12,295.8
RC-02354,2024-01-13,Q1 2024,Asia-Pacific,Individual,Basic,Monthly,Organic,0.326,15,,,True,True,At risk,At risk,12,180
RC-02355,2024-10-02,Q4 2024,Asia-Pacific,Individual,Enterprise,Annual,Referral,0.421,75.65,,,False,False,Active,Renewed,12,907.8
RC-02356,2024-03-11,Q1 2024,Asia-Pacific,Team,Basic,Monthly,Organic,0.554,15,2,Alternative,False,False,Churned,Churned,2,30
RC-02357,2024-12-08,Q4 2024,North America,Freelancer,Enterprise,Annual,Partner,0.705,75.65,4,Low usage,False,False,Active,Churned,4,302.6
RC-02358,2024-05-06,Q2 2024,North America,Small Business,Basic,Monthly,Social,0.733,15,,,False,False,Active,Active,12,180
RC-02359,2024-12-20,Q4 2024,North America,Individual,Standard,Monthly,Paid Search,0.779,29,,,False,False,Active,Active,12,348
RC-02360,2024-07-04,Q3 2024,North America,Freelancer,Basic,Annual,Paid Search,0.682,12.75,,,False,False,Active,Renewed,12,153.0
RC-02361,2024-03-28,Q1 2024,North America,Small Business,Standard,Annual,Social,0.65,24.65,9,Product experience,False,False,Active,Churned,9,221.85
RC-02362,2024-11-12,Q4 2024,Europe,Small Business,Standard,Monthly,Paid Search,0.777,29,,,False,False,Active,Active,12,348
RC-02363,2024-12-03,Q4 2024,North America,Individual,Basic,Annual,Organic,0.901,12.75,,,False,False,Active,Renewed,12,153.0
RC-02364,2024-06-03,Q2 2024,Europe,Small Business,Basic,Monthly,Paid Search,0.261,15,2,Payment issue,False,False,Churned,Churned,2,30
RC-02365,2024-04-25,Q2 2024,Asia-Pacific,Individual,Premium,Annual,Organic,0.956,41.65,,,False,False,Active,Renewed,12,499.8
RC-02366,2024-02-14,Q1 2024,North America,Small Business,Premium,Monthly,Paid Search,0.814,49,,,False,False,Active,Active,12,588
RC-02367,2024-11-18,Q4 2024,Asia-Pacific,Small Business,Premium,Monthly,Paid Search,0.575,49,6,Low usage,False,False,Active,Churned,6,294
RC-02368,2024-10-05,Q4 2024,Asia-Pacific,Individual,Standard,Monthly,Organic,0.825,29,,,False,False,Active,Active,12,348
RC-02369,2024-09-11,Q3 2024,Asia-Pacific,Small Business,Premium,Monthly,Social,0.742,49,,,False,False,Active,Active,12,588
RC-02370,2024-12-15,Q4 2024,North America,Small Business,Premium,Monthly,Organic,0.691,49,,,False,False,Active,Active,12,588
RC-02371,2024-01-11,Q1 2024,Europe,Individual,Basic,Monthly,Referral,0.741,15,,,False,False,Active,Active,12,180
RC-02372,2024-03-01,Q1 2024,Asia-Pacific,Small Business,Basic,Monthly,Paid Search,0.561,15,5,Low usage,False,False,Active,Churned,5,75
RC-02373,2024-03-13,Q1 2024,Europe,Individual,Basic,Monthly,Paid Search,0.615,15,5,Price,False,False,Active,Churned,5,75
RC-02374,2024-11-04,Q4 2024,Asia-Pacific,Individual,Basic,Monthly,Organic,0.402,15,7,Low usage,False,False,Active,Churned,7,105
RC-02375,2024-04-05,Q2 2024,North America,Individual,Basic,Monthly,Organic,0.681,15,,,False,False,Active,Active,12,180
RC-02376,2024-11-26,Q4 2024,North America,Small Business,Premium,Annual,Paid Search,0.434,41.65,,,False,False,Active,Renewed,12,499.8
RC-02377,2024-10-20,Q4 2024,Europe,Individual,Basic,Monthly,Organic,0.262,15,,,True,True,At risk,At risk,12,180
RC-02378,2024-05-24,Q2 2024,North America,Individual,Standard,Annual,Paid Search,0.56,24.65,,,True,False,At risk,Renewed,12,295.8
RC-02379,2024-09-05,Q3 2024,North America,Individual,Basic,Monthly,Organic,0.757,15,,,False,False,Active,Active,12,180
RC-02380,2024-09-02,Q3 2024,Europe,Individual,Premium,Monthly,Partner,0.623,49,,,False,False,Active,Active,12,588
RC-02381,2024-01-10,Q1 2024,North America,Individual,Premium,Monthly,Referral,0.853,49,,,False,False,Active,Active,12,588
RC-02382,2024-03-10,Q1 2024,North America,Freelancer,Enterprise,Annual,Referral,0.176,75.65,,,True,True,At risk,At risk,12,907.8
RC-02383,2024-03-16,Q1 2024,Asia-Pacific,Small Business,Standard,Monthly,Partner,0.866,29,,,False,False,Active,Active,12,348
RC-02384,2024-02-10,Q1 2024,North America,Team,Basic,Monthly,Paid Search,0.085,15,,,True,True,At risk,At risk,12,180
RC-02385,2024-08-18,Q3 2024,North America,Small Business,Standard,Annual,Partner,0.858,24.65,,,False,False,Active,Renewed,12,295.8
RC-02386,2024-09-15,Q3 2024,Europe,Small Business,Premium,Annual,Organic,0.401,41.65,,,False,True,Active,At risk,12,499.8
RC-02387,2024-11-10,Q4 2024,Europe,Small Business,Premium,Annual,Paid Search,0.606,41.65,,,False,False,Active,Renewed,12,499.8
RC-02388,2024-04-03,Q2 2024,Other,Individual,Standard,Annual,Paid Search,0.306,24.65,,,True,True,At risk,At risk,12,295.8
RC-02389,2024-06-05,Q2 2024,North America,Individual,Enterprise,Annual,Paid Search,0.766,75.65,,,False,False,Active,Renewed,12,907.8
RC-02390,2024-02-23,Q1 2024,North America,Individual,Basic,Monthly,Paid Search,0.941,15,,,False,False,Active,Active,12,180
RC-02391,2024-07-24,Q3 2024,North America,Individual,Basic,Monthly,Paid Search,0.548,15,,,False,False,Active,Active,12,180
RC-02392,2024-06-14,Q2 2024,Europe,Freelancer,Standard,Monthly,Paid Search,0.649,29,,,False,False,Active,Active,12,348
RC-02393,2024-05-22,Q2 2024,Europe,Individual,Basic,Monthly,Paid Search,0.351,15,,,False,False,Active,Active,12,180
RC-02394,2024-11-14,Q4 2024,Europe,Freelancer,Basic,Monthly,Referral,0.508,15,5,Alternative,False,False,Active,Churned,5,75
RC-02395,2024-07-01,Q3 2024,North America,Small Business,Premium,Annual,Referral,0.797,41.65,,,False,False,Active,Renewed,12,499.8
RC-02396,2024-06-05,Q2 2024,Europe,Freelancer,Basic,Monthly,Social,0.759,15,2,Alternative,False,False,Churned,Churned,2,30
RC-02397,2024-10-28,Q4 2024,Asia-Pacific,Individual,Standard,Monthly,Social,0.586,29,,,False,True,Active,At risk,12,348
RC-02398,2024-09-04,Q3 2024,Europe,Small Business,Basic,Annual,Organic,0.828,12.75,,,False,False,Active,Renewed,12,153.0
RC-02399,2024-12-10,Q4 2024,North America,Individual,Basic,Monthly,Referral,0.256,15,,,True,True,At risk,At risk,12,180
RC-02400,2024-11-19,Q4 2024,Asia-Pacific,Freelancer,Premium,Annual,Social,0.399,41.65,,,False,False,Active,Renewed,12,499.8
RC-02401,2024-12-03,Q4 2024,Europe,Team,Premium,Annual,Paid Search,0.46,41.65,,,False,False,Active,Renewed,12,499.8
RC-02402,2024-09-11,Q3 2024,North America,Individual,Standard,Monthly,Organic,0.299,29,,,True,True,At risk,At risk,12,348
RC-02403,2024-03-17,Q1 2024,Europe,Freelancer,Standard,Monthly,Referral,0.543,29,,,False,False,Active,Active,12,348
RC-02404,2024-12-11,Q4 2024,Europe,Small Business,Basic,Annual,Social,0.608,12.75,,,False,False,Active,Renewed,12,153.0
RC-02405,2024-09-01,Q3 2024,Asia-Pacific,Individual,Basic,Monthly,Paid Search,0.804,15,8,Price,False,False,Active,Churned,8,120
RC-02406,2024-08-10,Q3 2024,Asia-Pacific,Individual,Premium,Monthly,Paid Search,0.666,49,,,False,False,Active,Active,12,588
RC-02407,2024-09-10,Q3 2024,Asia-Pacific,Individual,Basic,Monthly,Organic,0.326,15,1,Alternative,False,False,Churned,Churned,1,15
RC-02408,2024-03-12,Q1 2024,North America,Freelancer,Standard,Monthly,Paid Search,0.953,29,,,False,False,Active,Active,12,348
RC-02409,2024-01-24,Q1 2024,Europe,Freelancer,Basic,Monthly,Referral,0.461,15,,,False,False,Active,Active,12,180
RC-02410,2024-07-14,Q3 2024,North America,Individual,Standard,Monthly,Referral,0.518,29,,,False,False,Active,Active,12,348
RC-02411,2024-10-28,Q4 2024,North America,Individual,Standard,Annual,Social,0.552,24.65,,,False,False,Active,Renewed,12,295.8
RC-02412,2024-09-15,Q3 2024,Asia-Pacific,Individual,Basic,Monthly,Partner,0.838,15,,,False,False,Active,Active,12,180
RC-02413,2024-06-06,Q2 2024,North America,Individual,Basic,Monthly,Social,0.713,15,,,False,True,Active,At risk,12,180
RC-02414,2024-12-03,Q4 2024,North America,Individual,Basic,Monthly,Paid Search,0.782,15,,,False,False,Active,Active,12,180
RC-02415,2024-08-25,Q3 2024,Asia-Pacific,Individual,Standard,Annual,Referral,0.856,24.65,,,False,False,Active,Renewed,12,295.8
RC-02416,2024-09-13,Q3 2024,Other,Individual,Standard,Annual,Paid Search,0.481,24.65,,,False,False,Active,Renewed,12,295.8
RC-02417,2024-04-13,Q2 2024,Europe,Individual,Standard,Monthly,Organic,0.575,29,3,Price,False,False,Churned,Churned,3,87
RC-02418,2024-08-25,Q3 2024,Europe,Individual,Basic,Monthly,Social,0.541,15,10,Alternative,False,False,Active,Churned,10,150
RC-02419,2024-02-13,Q1 2024,Other,Small Business,Basic,Annual,Referral,0.761,12.75,7,Price,False,False,Active,Churned,7,89.25
RC-02420,2024-04-28,Q2 2024,Europe,Freelancer,Standard,Monthly,Social,0.915,29,,,False,False,Active,Active,12,348
RC-02421,2024-01-03,Q1 2024,North America,Individual,Enterprise,Annual,Referral,0.11,75.65,,,True,True,At risk,At risk,12,907.8
RC-02422,2024-02-27,Q1 2024,North America,Individual,Premium,Annual,Paid Search,0.485,41.65,,,False,False,Active,Renewed,12,499.8
RC-02423,2024-08-08,Q3 2024,Asia-Pacific,Individual,Basic,Annual,Organic,0.492,12.75,,,False,False,Active,Renewed,12,153.0
RC-02424,2024-08-24,Q3 2024,North America,Freelancer,Standard,Annual,Referral,0.627,24.65,,,False,False,Active,Renewed,12,295.8
RC-02425,2024-03-26,Q1 2024,Other,Individual,Premium,Monthly,Referral,0.314,49,,,True,True,At risk,At risk,12,588
RC-02426,2024-08-19,Q3 2024,Europe,Individual,Premium,Monthly,Social,0.826,49,,,False,False,Active,Active,12,588
RC-02427,2024-06-08,Q2 2024,Europe,Individual,Standard,Annual,Referral,0.775,24.65,,,False,False,Active,Renewed,12,295.8
RC-02428,2024-09-09,Q3 2024,Europe,Small Business,Standard,Monthly,Paid Search,0.279,29,1,Product experience,False,False,Churned,Churned,1,29
RC-02429,2024-08-02,Q3 2024,Europe,Freelancer,Premium,Annual,Partner,0.32,41.65,,,True,True,At risk,At risk,12,499.8
RC-02430,2024-08-15,Q3 2024,North America,Small Business,Standard,Monthly,Organic,0.278,29,,,True,True,At risk,At risk,12,348
RC-02431,2024-02-24,Q1 2024,North America,Individual,Standard,Monthly,Referral,0.296,29,10,Low usage,True,False,At risk,Churned,10,290
RC-02432,2024-05-19,Q2 2024,North America,Individual,Premium,Annual,Referral,0.593,41.65,,,False,True,Active,At risk,12,499.8
RC-02433,2024-09-23,Q3 2024,Europe,Individual,Premium,Annual,Referral,0.277,41.65,,,True,True,At risk,At risk,12,499.8
RC-02434,2024-01-13,Q1 2024,Asia-Pacific,Individual,Basic,Annual,Paid Search,0.749,12.75,,,False,False,Active,Renewed,12,153.0
RC-02435,2024-02-27,Q1 2024,Asia-Pacific,Small Business,Basic,Monthly,Organic,0.543,15,,,False,False,Active,Active,12,180
RC-02436,2024-04-17,Q2 2024,North America,Individual,Premium,Monthly,Social,0.637,49,,,False,False,Active,Active,12,588
RC-02437,2024-03-15,Q1 2024,Asia-Pacific,Individual,Standard,Monthly,Organic,0.581,29,2,Price,False,False,Churned,Churned,2,58
RC-02438,2024-01-24,Q1 2024,Europe,Individual,Basic,Annual,Paid Search,0.321,12.75,,,True,True,At risk,At risk,12,153.0
RC-02439,2024-05-21,Q2 2024,Europe,Small Business,Standard,Annual,Paid Search,0.174,24.65,,,True,True,At risk,At risk,12,295.8
RC-02440,2024-04-24,Q2 2024,Europe,Freelancer,Standard,Monthly,Organic,0.393,29,,,False,False,Active,Active,12,348
RC-02441,2024-09-13,Q3 2024,Europe,Freelancer,Premium,Monthly,Organic,0.647,49,,,False,False,Active,Active,12,588
RC-02442,2024-07-13,Q3 2024,Europe,Small Business,Basic,Annual,Organic,0.111,12.75,1,Alternative,False,False,Churned,Churned,1,12.75
RC-02443,2024-11-10,Q4 2024,North America,Individual,Standard,Annual,Organic,0.568,24.65,,,False,False,Active,Renewed,12,295.8
RC-02444,2024-01-26,Q1 2024,North America,Freelancer,Basic,Annual,Social,0.382,12.75,,,False,False,Active,Renewed,12,153.0
RC-02445,2024-05-04,Q2 2024,North America,Small Business,Basic,Monthly,Referral,0.793,15,,,False,False,Active,Active,12,180
RC-02446,2024-05-21,Q2 2024,North America,Individual,Premium,Annual,Referral,0.728,41.65,6,Price,True,False,At risk,Churned,6,249.9
RC-02447,2024-11-04,Q4 2024,Asia-Pacific,Individual,Enterprise,Monthly,Organic,0.172,89,,,True,True,At risk,At risk,12,1068
RC-02448,2024-07-18,Q3 2024,North America,Team,Standard,Monthly,Paid Search,0.51,29,,,False,False,Active,Active,12,348
RC-02449,2024-10-24,Q4 2024,North America,Individual,Premium,Monthly,Organic,0.388,49,2,Alternative,False,False,Churned,Churned,2,98
RC-02450,2024-02-27,Q1 2024,Other,Team,Basic,Monthly,Partner,0.632,15,,,False,False,Active,Active,12,180
RC-02451,2024-03-19,Q1 2024,North America,Individual,Standard,Monthly,Organic,0.304,29,,,True,True,At risk,At risk,12,348
RC-02452,2024-02-12,Q1 2024,Asia-Pacific,Individual,Standard,Annual,Organic,0.559,24.65,,,False,False,Active,Renewed,12,295.8
RC-02453,2024-02-28,Q1 2024,Europe,Small Business,Basic,Annual,Organic,0.802,12.75,,,False,False,Active,Renewed,12,153.0
RC-02454,2024-10-28,Q4 2024,North America,Individual,Standard,Annual,Referral,0.756,24.65,,,True,False,At risk,Renewed,12,295.8
RC-02455,2024-11-10,Q4 2024,North America,Freelancer,Premium,Monthly,Social,0.523,49,,,False,False,Active,Active,12,588
RC-02456,2024-06-26,Q2 2024,North America,Individual,Premium,Annual,Organic,0.791,41.65,,,False,False,Active,Renewed,12,499.8
RC-02457,2024-05-01,Q2 2024,Europe,Individual,Standard,Annual,Organic,0.893,24.65,,,False,False,Active,Renewed,12,295.8
RC-02458,2024-10-23,Q4 2024,Europe,Individual,Basic,Monthly,Social,0.544,15,,,False,True,Active,At risk,12,180
RC-02459,2024-05-07,Q2 2024,Asia-Pacific,Small Business,Standard,Monthly,Paid Search,0.663,29,,,False,False,Active,Active,12,348
RC-02460,2024-02-08,Q1 2024,North America,Freelancer,Premium,Monthly,Paid Search,0.888,49,7,Price,False,False,Active,Churned,7,343
RC-02461,2024-07-21,Q3 2024,North America,Freelancer,Standard,Monthly,Referral,0.719,29,8,Low usage,False,False,Active,Churned,8,232
RC-02462,2024-03-06,Q1 2024,North America,Freelancer,Standard,Monthly,Paid Search,0.364,29,,,False,False,Active,Active,12,348
RC-02463,2024-12-06,Q4 2024,Asia-Pacific,Small Business,Basic,Annual,Organic,0.359,12.75,,,False,False,Active,Renewed,12,153.0
RC-02464,2024-07-16,Q3 2024,Europe,Individual,Basic,Monthly,Partner,0.354,15,,,False,False,Active,Active,12,180
RC-02465,2024-09-05,Q3 2024,North America,Individual,Standard,Monthly,Paid Search,0.653,29,,,False,False,Active,Active,12,348
RC-02466,2024-07-05,Q3 2024,North America,Team,Standard,Monthly,Organic,0.817,29,,,False,False,Active,Active,12,348
RC-02467,2024-04-19,Q2 2024,North America,Small Business,Premium,Monthly,Paid Search,0.598,49,,,False,False,Active,Active,12,588
RC-02468,2024-03-24,Q1 2024,North America,Freelancer,Basic,Monthly,Paid Search,0.747,15,10,Price,False,False,Active,Churned,10,150
RC-02469,2024-01-12,Q1 2024,North America,Individual,Standard,Annual,Paid Search,0.583,24.65,,,False,False,Active,Renewed,12,295.8
RC-02470,2024-10-21,Q4 2024,North America,Individual,Basic,Annual,Social,0.473,12.75,2,Low usage,False,False,Churned,Churned,2,25.5
RC-02471,2024-05-28,Q2 2024,Europe,Freelancer,Standard,Monthly,Social,0.559,29,,,False,False,Active,Active,12,348
RC-02472,2024-04-14,Q2 2024,Europe,Individual,Premium,Annual,Organic,0.758,41.65,1,Alternative,False,False,Churned,Churned,1,41.65
RC-02473,2024-08-22,Q3 2024,Other,Individual,Standard,Monthly,Organic,0.704,29,,,False,False,Active,Active,12,348
RC-02474,2024-09-13,Q3 2024,Asia-Pacific,Freelancer,Basic,Monthly,Partner,0.824,15,1,Product experience,False,False,Churned,Churned,1,15
RC-02475,2024-05-11,Q2 2024,Other,Individual,Basic,Monthly,Organic,0.28,15,10,Changed needs,True,False,At risk,Churned,10,150
RC-02476,2024-03-11,Q1 2024,Asia-Pacific,Small Business,Premium,Annual,Social,0.848,41.65,,,False,False,Active,Renewed,12,499.8
RC-02477,2024-12-03,Q4 2024,Asia-Pacific,Freelancer,Standard,Monthly,Organic,0.835,29,,,False,False,Active,Active,12,348
RC-02478,2024-08-12,Q3 2024,Europe,Individual,Standard,Monthly,Organic,0.5,29,,,False,False,Active,Active,12,348
RC-02479,2024-12-17,Q4 2024,Asia-Pacific,Individual,Basic,Monthly,Paid Search,0.391,15,,,False,False,Active,Active,12,180
RC-02480,2024-08-06,Q3 2024,Other,Freelancer,Standard,Monthly,Organic,0.725,29,,,False,False,Active,Active,12,348
RC-02481,2024-06-06,Q2 2024,Europe,Team,Basic,Monthly,Partner,0.254,15,,,True,True,At risk,At risk,12,180
RC-02482,2024-01-17,Q1 2024,Asia-Pacific,Team,Premium,Monthly,Referral,0.487,49,,,False,False,Active,Active,12,588
RC-02483,2024-01-06,Q1 2024,North America,Individual,Premium,Monthly,Organic,0.317,49,,,True,True,At risk,At risk,12,588
RC-02484,2024-07-01,Q3 2024,Asia-Pacific,Small Business,Basic,Monthly,Organic,0.605,15,1,Low usage,False,False,Churned,Churned,1,15
RC-02485,2024-10-02,Q4 2024,Europe,Freelancer,Basic,Monthly,Organic,0.737,15,,,False,False,Active,Active,12,180
RC-02486,2024-04-27,Q2 2024,North America,Team,Standard,Annual,Paid Search,0.065,24.65,,,True,True,At risk,At risk,12,295.8
RC-02487,2024-01-26,Q1 2024,North America,Individual,Standard,Monthly,Paid Search,0.689,29,,,False,False,Active,Active,12,348
RC-02488,2024-11-17,Q4 2024,Asia-Pacific,Team,Premium,Monthly,Social,0.498,49,2,Low usage,False,False,Churned,Churned,2,98
RC-02489,2024-03-09,Q1 2024,North America,Individual,Standard,Monthly,Referral,0.837,29,,,False,False,Active,Active,12,348
RC-02490,2024-05-19,Q2 2024,Europe,Individual,Premium,Annual,Paid Search,0.699,41.65,1,Changed needs,False,False,Churned,Churned,1,41.65
RC-02491,2024-11-02,Q4 2024,Europe,Individual,Premium,Annual,Referral,0.817,41.65,,,False,True,Active,At risk,12,499.8
RC-02492,2024-06-11,Q2 2024,Europe,Individual,Basic,Monthly,Paid Search,0.499,15,,,False,True,Active,At risk,12,180
RC-02493,2024-12-23,Q4 2024,Europe,Individual,Basic,Monthly,Referral,0.393,15,,,False,False,Active,Active,12,180
RC-02494,2024-08-22,Q3 2024,North America,Small Business,Standard,Monthly,Paid Search,0.885,29,,,False,False,Active,Active,12,348
RC-02495,2024-03-20,Q1 2024,Asia-Pacific,Team,Standard,Monthly,Paid Search,0.726,29,,,False,False,Active,Active,12,348
RC-02496,2024-10-11,Q4 2024,Asia-Pacific,Individual,Standard,Monthly,Organic,0.82,29,,,False,False,Active,Active,12,348
RC-02497,2024-06-16,Q2 2024,Other,Individual,Standard,Monthly,Organic,0.33,29,4,Low usage,False,False,Active,Churned,4,116
RC-02498,2024-01-06,Q1 2024,Europe,Small Business,Enterprise,Annual,Paid Search,0.412,75.65,,,False,False,Active,Renewed,12,907.8
RC-02499,2024-06-06,Q2 2024,Other,Small Business,Basic,Monthly,Paid Search,0.209,15,1,Payment issue,False,False,Churned,Churned,1,15
RC-02500,2024-08-01,Q3 2024,North America,Individual,Premium,Annual,Partner,0.416,41.65,1,Product experience,False,False,Churned,Churned,1,41.65
RC-02501,2024-03-05,Q1 2024,North America,Individual,Basic,Monthly,Referral,0.373,15,,,False,False,Active,Active,12,180
RC-02502,2024-10-14,Q4 2024,Europe,Individual,Basic,Monthly,Paid Search,0.806,15,,,False,True,Active,At risk,12,180
RC-02503,2024-08-28,Q3 2024,North America,Team,Basic,Monthly,Social,0.784,15,,,False,False,Active,Active,12,180
RC-02504,2024-02-03,Q1 2024,Other,Small Business,Basic,Monthly,Social,0.49,15,10,Low usage,False,False,Active,Churned,10,150
RC-02505,2024-01-18,Q1 2024,Asia-Pacific,Individual,Premium,Monthly,Referral,0.665,49,,,False,False,Active,Active,12,588
RC-02506,2024-11-03,Q4 2024,Asia-Pacific,Small Business,Premium,Annual,Partner,0.763,41.65,,,False,False,Active,Renewed,12,499.8
RC-02507,2024-09-24,Q3 2024,Asia-Pacific,Small Business,Standard,Monthly,Partner,0.467,29,,,False,False,Active,Active,12,348
RC-02508,2024-12-05,Q4 2024,Europe,Individual,Basic,Monthly,Paid Search,0.471,15,1,Alternative,False,False,Churned,Churned,1,15
RC-02509,2024-07-03,Q3 2024,Asia-Pacific,Individual,Basic,Annual,Paid Search,0.897,12.75,,,False,False,Active,Renewed,12,153.0
RC-02510,2024-10-06,Q4 2024,Asia-Pacific,Small Business,Premium,Monthly,Paid Search,0.947,49,,,False,False,Active,Active,12,588
RC-02511,2024-05-13,Q2 2024,Europe,Small Business,Basic,Monthly,Social,0.536,15,,,False,False,Active,Active,12,180
RC-02512,2024-10-01,Q4 2024,North America,Individual,Standard,Annual,Social,0.414,24.65,4,Alternative,False,False,Active,Churned,4,98.6
RC-02513,2024-04-04,Q2 2024,Europe,Individual,Standard,Annual,Organic,0.691,24.65,,,False,False,Active,Renewed,12,295.8
RC-02514,2024-01-28,Q1 2024,Other,Individual,Standard,Monthly,Organic,0.674,29,,,False,False,Active,Active,12,348
RC-02515,2024-11-12,Q4 2024,North America,Team,Premium,Monthly,Social,0.456,49,,,False,False,Active,Active,12,588
RC-02516,2024-11-14,Q4 2024,Other,Individual,Premium,Annual,Organic,0.284,41.65,,,True,True,At risk,At risk,12,499.8
RC-02517,2024-05-19,Q2 2024,Asia-Pacific,Small Business,Basic,Annual,Social,0.864,12.75,,,False,False,Active,Renewed,12,153.0
RC-02518,2024-03-03,Q1 2024,Asia-Pacific,Individual,Standard,Annual,Paid Search,0.462,24.65,,,False,False,Active,Renewed,12,295.8
RC-02519,2024-10-02,Q4 2024,Europe,Individual,Premium,Annual,Social,0.484,41.65,,,False,False,Active,Renewed,12,499.8
RC-02520,2024-02-25,Q1 2024,Asia-Pacific,Individual,Standard,Monthly,Social,0.639,29,,,False,False,Active,Active,12,348
RC-02521,2024-07-12,Q3 2024,North America,Freelancer,Standard,Monthly,Paid Search,0.542,29,,,False,False,Active,Active,12,348
RC-02522,2024-04-11,Q2 2024,Other,Small Business,Premium,Annual,Social,0.312,41.65,,,True,True,At risk,At risk,12,499.8
RC-02523,2024-09-09,Q3 2024,Other,Individual,Standard,Monthly,Organic,0.432,29,11,Low usage,False,False,Active,Churned,11,319
RC-02524,2024-10-05,Q4 2024,North America,Small Business,Basic,Monthly,Paid Search,0.957,15,10,Low usage,False,False,Active,Churned,10,150
RC-02525,2024-10-18,Q4 2024,Europe,Individual,Standard,Monthly,Social,0.893,29,,,False,False,Active,Active,12,348
RC-02526,2024-05-03,Q2 2024,North America,Team,Standard,Monthly,Organic,0.345,29,12,Product experience,False,False,Active,Churned,12,348
RC-02527,2024-09-07,Q3 2024,North America,Freelancer,Basic,Monthly,Organic,0.57,15,,,False,False,Active,Active,12,180
RC-02528,2024-10-21,Q4 2024,Other,Freelancer,Premium,Monthly,Paid Search,0.609,49,8,Alternative,False,False,Active,Churned,8,392
RC-02529,2024-12-14,Q4 2024,Europe,Individual,Premium,Annual,Organic,0.348,41.65,,,False,False,Active,Renewed,12,499.8
RC-02530,2024-09-10,Q3 2024,Europe,Individual,Standard,Monthly,Referral,0.374,29,,,False,False,Active,Active,12,348
RC-02531,2024-12-05,Q4 2024,Asia-Pacific,Individual,Basic,Monthly,Referral,0.618,15,1,Price,False,False,Churned,Churned,1,15
RC-02532,2024-05-08,Q2 2024,North America,Small Business,Standard,Monthly,Paid Search,0.634,29,1,Alternative,False,False,Churned,Churned,1,29
RC-02533,2024-10-23,Q4 2024,North America,Individual,Premium,Monthly,Paid Search,0.462,49,,,False,False,Active,Active,12,588
RC-02534,2024-12-14,Q4 2024,Asia-Pacific,Individual,Premium,Annual,Organic,0.406,41.65,,,False,False,Active,Renewed,12,499.8
RC-02535,2024-02-14,Q1 2024,North America,Individual,Basic,Monthly,Organic,0.86,15,,,False,False,Active,Active,12,180
RC-02536,2024-07-08,Q3 2024,Asia-Pacific,Individual,Standard,Annual,Organic,0.673,24.65,7,Alternative,False,False,Active,Churned,7,172.55
RC-02537,2024-01-26,Q1 2024,Asia-Pacific,Team,Premium,Annual,Organic,0.624,41.65,,,False,True,Active,At risk,12,499.8
RC-02538,2024-09-08,Q3 2024,Europe,Small Business,Enterprise,Monthly,Paid Search,0.486,89,,,False,False,Active,Active,12,1068
RC-02539,2024-10-07,Q4 2024,Asia-Pacific,Freelancer,Standard,Monthly,Paid Search,0.407,29,,,False,False,Active,Active,12,348
RC-02540,2024-09-01,Q3 2024,North America,Individual,Basic,Monthly,Paid Search,0.853,15,,,False,False,Active,Active,12,180
RC-02541,2024-10-15,Q4 2024,Europe,Freelancer,Standard,Monthly,Referral,0.409,29,4,Price,False,False,Active,Churned,4,116
RC-02542,2024-07-01,Q3 2024,North America,Individual,Premium,Monthly,Referral,0.267,49,4,Price,True,False,At risk,Churned,4,196
RC-02543,2024-10-08,Q4 2024,Asia-Pacific,Individual,Premium,Annual,Partner,0.509,41.65,,,False,True,Active,At risk,12,499.8
RC-02544,2024-07-17,Q3 2024,North America,Individual,Enterprise,Annual,Paid Search,0.619,75.65,,,False,True,Active,At risk,12,907.8
RC-02545,2024-05-08,Q2 2024,Europe,Freelancer,Premium,Monthly,Social,0.458,49,,,False,False,Active,Active,12,588
RC-02546,2024-07-02,Q3 2024,Europe,Small Business,Enterprise,Annual,Paid Search,0.404,75.65,,,False,True,Active,At risk,12,907.8
RC-02547,2024-07-05,Q3 2024,North America,Freelancer,Premium,Annual,Paid Search,0.425,41.65,,,False,False,Active,Renewed,12,499.8
RC-02548,2024-03-02,Q1 2024,North America,Individual,Standard,Monthly,Organic,0.475,29,6,Price,False,False,Active,Churned,6,174
RC-02549,2024-09-11,Q3 2024,Asia-Pacific,Individual,Standard,Monthly,Paid Search,0.366,29,,,False,False,Active,Active,12,348
RC-02550,2024-11-15,Q4 2024,Europe,Small Business,Premium,Annual,Organic,0.891,41.65,,,False,False,Active,Renewed,12,499.8
RC-02551,2024-10-14,Q4 2024,Europe,Individual,Standard,Monthly,Organic,0.51,29,,,True,False,At risk,Active,12,348
RC-02552,2024-11-11,Q4 2024,North America,Freelancer,Basic,Monthly,Social,0.828,15,3,Price,False,False,Churned,Churned,3,45
RC-02553,2024-09-26,Q3 2024,Europe,Freelancer,Premium,Monthly,Social,0.74,49,6,Changed needs,False,False,Active,Churned,6,294
RC-02554,2024-06-10,Q2 2024,North America,Freelancer,Premium,Monthly,Paid Search,0.607,49,7,Low usage,False,False,Active,Churned,7,343
RC-02555,2024-12-14,Q4 2024,Asia-Pacific,Small Business,Enterprise,Annual,Paid Search,0.909,75.65,,,False,False,Active,Renewed,12,907.8
RC-02556,2024-11-08,Q4 2024,Europe,Freelancer,Basic,Monthly,Paid Search,0.816,15,,,False,False,Active,Active,12,180
RC-02557,2024-05-17,Q2 2024,Europe,Freelancer,Premium,Monthly,Paid Search,0.89,49,,,False,False,Active,Active,12,588
RC-02558,2024-10-17,Q4 2024,Asia-Pacific,Individual,Basic,Monthly,Social,0.789,15,,,False,False,Active,Active,12,180
RC-02559,2024-06-27,Q2 2024,North America,Individual,Basic,Monthly,Partner,0.264,15,,,True,True,At risk,At risk,12,180
RC-02560,2024-12-05,Q4 2024,North America,Freelancer,Basic,Monthly,Organic,0.721,15,,,False,False,Active,Active,12,180
RC-02561,2024-07-06,Q3 2024,North America,Small Business,Enterprise,Annual,Partner,0.453,75.65,,,False,False,Active,Renewed,12,907.8
RC-02562,2024-07-09,Q3 2024,North America,Small Business,Basic,Monthly,Organic,0.575,15,,,False,False,Active,Active,12,180
RC-02563,2024-01-05,Q1 2024,Asia-Pacific,Small Business,Enterprise,Annual,Referral,0.502,75.65,,,False,False,Active,Renewed,12,907.8
RC-02564,2024-09-04,Q3 2024,Other,Freelancer,Enterprise,Annual,Referral,0.569,75.65,,,False,False,Active,Renewed,12,907.8
RC-02565,2024-05-18,Q2 2024,North America,Individual,Basic,Monthly,Paid Search,0.562,15,1,Price,False,False,Churned,Churned,1,15
RC-02566,2024-10-25,Q4 2024,North America,Freelancer,Basic,Annual,Partner,0.713,12.75,,,True,False,At risk,Renewed,12,153.0
RC-02567,2024-02-13,Q1 2024,Asia-Pacific,Individual,Basic,Monthly,Referral,0.786,15,,,False,False,Active,Active,12,180
RC-02568,2024-09-25,Q3 2024,Asia-Pacific,Individual,Basic,Annual,Organic,0.44,12.75,,,False,False,Active,Renewed,12,153.0
RC-02569,2024-09-18,Q3 2024,Europe,Freelancer,Premium,Annual,Referral,0.659,41.65,,,False,False,Active,Renewed,12,499.8
RC-02570,2024-02-03,Q1 2024,Europe,Individual,Premium,Monthly,Social,0.313,49,10,Alternative,True,False,At risk,Churned,10,490
RC-02571,2024-10-10,Q4 2024,Other,Individual,Premium,Monthly,Social,0.267,49,,,True,True,At risk,At risk,12,588
RC-02572,2024-02-15,Q1 2024,Asia-Pacific,Freelancer,Standard,Monthly,Social,0.598,29,,,True,False,At risk,Active,12,348
RC-02573,2024-05-11,Q2 2024,North America,Small Business,Standard,Annual,Organic,0.458,24.65,,,True,False,At risk,Renewed,12,295.8
RC-02574,2024-05-04,Q2 2024,Europe,Individual,Premium,Monthly,Organic,0.629,49,12,Product experience,False,False,Active,Churned,12,588
RC-02575,2024-08-12,Q3 2024,Other,Individual,Premium,Monthly,Organic,0.176,49,,,True,True,At risk,At risk,12,588
RC-02576,2024-07-09,Q3 2024,Asia-Pacific,Individual,Enterprise,Annual,Social,0.762,75.65,,,False,False,Active,Renewed,12,907.8
RC-02577,2024-03-27,Q1 2024,North America,Individual,Basic,Monthly,Organic,0.492,15,,,False,False,Active,Active,12,180
RC-02578,2024-05-26,Q2 2024,Other,Freelancer,Basic,Monthly,Organic,0.579,15,2,Product experience,False,False,Churned,Churned,2,30
RC-02579,2024-11-25,Q4 2024,Other,Individual,Basic,Monthly,Partner,0.676,15,,,False,False,Active,Active,12,180
RC-02580,2024-02-27,Q1 2024,North America,Individual,Basic,Annual,Partner,0.617,12.75,,,False,True,Active,At risk,12,153.0
RC-02581,2024-11-19,Q4 2024,Europe,Individual,Standard,Monthly,Organic,0.687,29,,,False,True,Active,At risk,12,348
RC-02582,2024-12-19,Q4 2024,North America,Small Business,Standard,Monthly,Referral,0.831,29,,,False,False,Active,Active,12,348
RC-02583,2024-09-04,Q3 2024,North America,Small Business,Basic,Monthly,Organic,0.815,15,,,False,False,Active,Active,12,180
RC-02584,2024-07-04,Q3 2024,North America,Individual,Standard,Monthly,Paid Search,0.971,29,,,False,False,Active,Active,12,348
RC-02585,2024-11-26,Q4 2024,Europe,Individual,Basic,Monthly,Referral,0.703,15,,,False,False,Active,Active,12,180
RC-02586,2024-09-06,Q3 2024,Asia-Pacific,Individual,Standard,Monthly,Organic,0.509,29,,,False,False,Active,Active,12,348
RC-02587,2024-02-24,Q1 2024,Asia-Pacific,Small Business,Standard,Monthly,Social,0.512,29,1,Price,False,False,Churned,Churned,1,29
RC-02588,2024-12-03,Q4 2024,North America,Freelancer,Basic,Monthly,Referral,0.628,15,,,False,False,Active,Active,12,180
RC-02589,2024-10-05,Q4 2024,North America,Individual,Standard,Annual,Organic,0.465,24.65,1,Payment issue,False,False,Churned,Churned,1,24.65
RC-02590,2024-07-16,Q3 2024,North America,Small Business,Basic,Monthly,Organic,0.512,15,,,False,False,Active,Active,12,180
RC-02591,2024-11-16,Q4 2024,North America,Small Business,Basic,Monthly,Referral,0.208,15,,,True,True,At risk,At risk,12,180
RC-02592,2024-08-25,Q3 2024,Other,Individual,Standard,Monthly,Referral,0.506,29,3,Changed needs,False,False,Churned,Churned,3,87
RC-02593,2024-05-13,Q2 2024,Other,Individual,Standard,Annual,Paid Search,0.619,24.65,,,False,False,Active,Renewed,12,295.8
RC-02594,2024-11-17,Q4 2024,North America,Small Business,Basic,Monthly,Paid Search,0.37,15,,,False,False,Active,Active,12,180
RC-02595,2024-12-05,Q4 2024,North America,Individual,Basic,Monthly,Referral,0.296,15,,,True,True,At risk,At risk,12,180
RC-02596,2024-12-19,Q4 2024,North America,Team,Premium,Annual,Referral,0.741,41.65,,,False,False,Active,Renewed,12,499.8
RC-02597,2024-12-18,Q4 2024,Asia-Pacific,Freelancer,Standard,Monthly,Paid Search,0.495,29,1,Alternative,False,False,Churned,Churned,1,29
RC-02598,2024-09-09,Q3 2024,North America,Small Business,Premium,Annual,Paid Search,0.436,41.65,12,Price,False,False,Active,Churned,12,499.8
RC-02599,2024-08-14,Q3 2024,North America,Freelancer,Basic,Monthly,Referral,0.857,15,,,False,False,Active,Active,12,180
RC-02600,2024-07-04,Q3 2024,Europe,Individual,Basic,Monthly,Social,0.519,15,,,False,False,Active,Active,12,180
RC-02601,2024-03-23,Q1 2024,Asia-Pacific,Individual,Basic,Monthly,Organic,0.939,15,,,False,False,Active,Active,12,180
RC-02602,2024-03-18,Q1 2024,North America,Individual,Basic,Monthly,Organic,0.402,15,1,Price,False,False,Churned,Churned,1,15
RC-02603,2024-09-21,Q3 2024,North America,Freelancer,Standard,Monthly,Paid Search,0.646,29,,,False,False,Active,Active,12,348
RC-02604,2024-02-22,Q1 2024,North America,Individual,Premium,Monthly,Social,0.908,49,,,False,False,Active,Active,12,588
RC-02605,2024-11-20,Q4 2024,North America,Freelancer,Premium,Monthly,Paid Search,0.501,49,,,False,False,Active,Active,12,588
RC-02606,2024-02-27,Q1 2024,Asia-Pacific,Small Business,Standard,Monthly,Partner,0.523,29,,,False,False,Active,Active,12,348
RC-02607,2024-10-14,Q4 2024,North America,Small Business,Standard,Monthly,Organic,0.34,29,,,False,False,Active,Active,12,348
RC-02608,2024-03-20,Q1 2024,North America,Individual,Standard,Monthly,Partner,0.811,29,,,False,False,Active,Active,12,348
RC-02609,2024-03-16,Q1 2024,Europe,Small Business,Standard,Monthly,Paid Search,0.419,29,,,False,False,Active,Active,12,348
RC-02610,2024-11-15,Q4 2024,North America,Individual,Standard,Monthly,Referral,0.488,29,,,False,True,Active,At risk,12,348
RC-02611,2024-07-08,Q3 2024,Europe,Team,Standard,Monthly,Referral,0.495,29,3,Low usage,False,False,Churned,Churned,3,87
RC-02612,2024-12-17,Q4 2024,Other,Freelancer,Standard,Annual,Organic,0.182,24.65,,,True,True,At risk,At risk,12,295.8
RC-02613,2024-11-23,Q4 2024,North America,Small Business,Standard,Annual,Referral,0.333,24.65,1,Price,False,False,Churned,Churned,1,24.65
RC-02614,2024-09-24,Q3 2024,North America,Individual,Basic,Monthly,Organic,0.474,15,,,False,False,Active,Active,12,180
RC-02615,2024-08-07,Q3 2024,Other,Freelancer,Enterprise,Annual,Organic,0.635,75.65,,,False,True,Active,At risk,12,907.8
RC-02616,2024-02-22,Q1 2024,Europe,Freelancer,Basic,Monthly,Organic,0.446,15,,,False,False,Active,Active,12,180
RC-02617,2024-05-02,Q2 2024,North America,Freelancer,Basic,Monthly,Paid Search,0.672,15,,,False,False,Active,Active,12,180
RC-02618,2024-03-05,Q1 2024,North America,Team,Basic,Monthly,Referral,0.608,15,2,Low usage,False,False,Churned,Churned,2,30
RC-02619,2024-07-25,Q3 2024,North America,Small Business,Standard,Annual,Organic,0.764,24.65,,,False,False,Active,Renewed,12,295.8
RC-02620,2024-04-18,Q2 2024,North America,Freelancer,Basic,Monthly,Social,0.252,15,,,True,True,At risk,At risk,12,180
RC-02621,2024-07-23,Q3 2024,North America,Freelancer,Basic,Annual,Organic,0.431,12.75,,,False,False,Active,Renewed,12,153.0
RC-02622,2024-05-10,Q2 2024,North America,Individual,Enterprise,Annual,Organic,0.428,75.65,,,False,False,Active,Renewed,12,907.8
RC-02623,2024-12-15,Q4 2024,Europe,Small Business,Premium,Annual,Organic,0.671,41.65,,,False,False,Active,Renewed,12,499.8
RC-02624,2024-03-05,Q1 2024,Asia-Pacific,Individual,Standard,Monthly,Partner,0.62,29,3,Payment issue,False,False,Churned,Churned,3,87
RC-02625,2024-10-07,Q4 2024,Europe,Small Business,Basic,Annual,Social,0.185,12.75,1,Low usage,False,False,Churned,Churned,1,12.75
RC-02626,2024-06-21,Q2 2024,North America,Small Business,Basic,Monthly,Organic,0.182,15,,,True,True,At risk,At risk,12,180
RC-02627,2024-02-03,Q1 2024,North America,Small Business,Premium,Monthly,Organic,0.464,49,7,Alternative,False,False,Active,Churned,7,343
RC-02628,2024-12-02,Q4 2024,Europe,Freelancer,Standard,Monthly,Social,0.529,29,7,Low usage,False,False,Active,Churned,7,203
RC-02629,2024-10-09,Q4 2024,North America,Individual,Basic,Annual,Organic,0.267,12.75,8,Alternative,True,False,At risk,Churned,8,102.0
RC-02630,2024-07-23,Q3 2024,North America,Individual,Standard,Annual,Organic,0.432,24.65,1,Price,False,False,Churned,Churned,1,24.65
RC-02631,2024-11-06,Q4 2024,Asia-Pacific,Freelancer,Standard,Monthly,Referral,0.404,29,,,False,False,Active,Active,12,348
RC-02632,2024-07-22,Q3 2024,Other,Team,Basic,Monthly,Social,0.844,15,1,Price,False,False,Churned,Churned,1,15
RC-02633,2024-05-04,Q2 2024,Europe,Freelancer,Basic,Annual,Paid Search,0.695,12.75,,,False,False,Active,Renewed,12,153.0
RC-02634,2024-04-21,Q2 2024,Europe,Individual,Premium,Monthly,Paid Search,0.119,49,,,True,True,At risk,At risk,12,588
RC-02635,2024-11-14,Q4 2024,Europe,Individual,Standard,Monthly,Social,0.605,29,,,False,False,Active,Active,12,348
RC-02636,2024-11-27,Q4 2024,North America,Individual,Standard,Annual,Paid Search,0.138,24.65,,,True,True,At risk,At risk,12,295.8
RC-02637,2024-05-26,Q2 2024,North America,Freelancer,Standard,Annual,Organic,0.457,24.65,,,False,False,Active,Renewed,12,295.8
RC-02638,2024-11-07,Q4 2024,North America,Individual,Basic,Annual,Paid Search,0.765,12.75,,,False,False,Active,Renewed,12,153.0
RC-02639,2024-07-02,Q3 2024,Asia-Pacific,Individual,Basic,Monthly,Organic,0.616,15,,,False,False,Active,Active,12,180
RC-02640,2024-03-15,Q1 2024,North America,Freelancer,Standard,Annual,Referral,0.654,24.65,,,False,False,Active,Renewed,12,295.8
RC-02641,2024-11-08,Q4 2024,North America,Freelancer,Standard,Monthly,Paid Search,0.791,29,,,False,False,Active,Active,12,348
RC-02642,2024-06-13,Q2 2024,Other,Freelancer,Premium,Monthly,Partner,0.646,49,7,Alternative,False,False,Active,Churned,7,343
RC-02643,2024-04-22,Q2 2024,Europe,Freelancer,Basic,Monthly,Paid Search,0.27,15,,,True,True,At risk,At risk,12,180
RC-02644,2024-06-01,Q2 2024,North America,Individual,Basic,Monthly,Organic,0.285,15,6,Price,True,False,At risk,Churned,6,90
RC-02645,2024-08-09,Q3 2024,North America,Team,Standard,Annual,Social,0.193,24.65,,,True,True,At risk,At risk,12,295.8
RC-02646,2024-07-27,Q3 2024,North America,Freelancer,Basic,Monthly,Paid Search,0.519,15,,,False,False,Active,Active,12,180
RC-02647,2024-10-24,Q4 2024,North America,Small Business,Standard,Monthly,Partner,0.602,29,,,False,False,Active,Active,12,348
RC-02648,2024-06-24,Q2 2024,North America,Freelancer,Premium,Annual,Paid Search,0.751,41.65,12,Changed needs,False,False,Active,Churned,12,499.8
RC-02649,2024-11-12,Q4 2024,North America,Freelancer,Standard,Monthly,Referral,0.83,29,,,True,False,At risk,Active,12,348
RC-02650,2024-04-22,Q2 2024,North America,Small Business,Enterprise,Annual,Organic,0.23,75.65,7,Product experience,True,False,At risk,Churned,7,529.55
RC-02651,2024-10-27,Q4 2024,Asia-Pacific,Individual,Premium,Monthly,Referral,0.966,49,1,Payment issue,False,False,Churned,Churned,1,49
RC-02652,2024-08-11,Q3 2024,Asia-Pacific,Freelancer,Premium,Annual,Organic,0.98,41.65,,,False,False,Active,Renewed,12,499.8
RC-02653,2024-07-25,Q3 2024,Asia-Pacific,Individual,Basic,Monthly,Organic,0.744,15,,,False,False,Active,Active,12,180
RC-02654,2024-06-17,Q2 2024,Europe,Freelancer,Basic,Monthly,Organic,0.643,15,,,False,True,Active,At risk,12,180
RC-02655,2024-06-11,Q2 2024,Europe,Small Business,Standard,Annual,Paid Search,0.723,24.65,,,False,False,Active,Renewed,12,295.8
RC-02656,2024-06-18,Q2 2024,North America,Individual,Premium,Monthly,Partner,0.317,49,,,True,True,At risk,At risk,12,588
RC-02657,2024-12-17,Q4 2024,Europe,Individual,Basic,Monthly,Paid Search,0.626,15,4,Low usage,False,False,Active,Churned,4,60
RC-02658,2024-01-24,Q1 2024,North America,Small Business,Basic,Annual,Referral,0.447,12.75,,,False,False,Active,Renewed,12,153.0
RC-02659,2024-11-01,Q4 2024,North America,Freelancer,Standard,Monthly,Paid Search,0.472,29,,,False,False,Active,Active,12,348
RC-02660,2024-02-04,Q1 2024,Asia-Pacific,Team,Basic,Monthly,Organic,0.647,15,1,Alternative,False,False,Churned,Churned,1,15
RC-02661,2024-05-28,Q2 2024,Europe,Team,Basic,Monthly,Paid Search,0.713,15,,,False,False,Active,Active,12,180
RC-02662,2024-04-27,Q2 2024,North America,Freelancer,Premium,Annual,Paid Search,0.321,41.65,,,True,True,At risk,At risk,12,499.8
RC-02663,2024-03-04,Q1 2024,Europe,Freelancer,Standard,Monthly,Partner,0.609,29,3,Low usage,False,False,Churned,Churned,3,87
RC-02664,2024-05-28,Q2 2024,North America,Freelancer,Basic,Annual,Organic,0.589,12.75,,,False,False,Active,Renewed,12,153.0
RC-02665,2024-03-08,Q1 2024,Other,Freelancer,Standard,Monthly,Referral,0.727,29,,,False,False,Active,Active,12,348
RC-02666,2024-02-01,Q1 2024,Europe,Team,Premium,Monthly,Referral,0.692,49,,,False,False,Active,Active,12,588
RC-02667,2024-11-04,Q4 2024,North America,Individual,Enterprise,Annual,Organic,0.344,75.65,,,False,True,Active,At risk,12,907.8
RC-02668,2024-08-18,Q3 2024,North America,Team,Enterprise,Monthly,Organic,0.692,89,,,False,False,Active,Active,12,1068
RC-02669,2024-11-18,Q4 2024,North America,Small Business,Standard,Monthly,Organic,0.123,29,,,True,True,At risk,At risk,12,348
RC-02670,2024-01-07,Q1 2024,Asia-Pacific,Freelancer,Premium,Annual,Referral,0.561,41.65,,,False,False,Active,Renewed,12,499.8
RC-02671,2024-06-17,Q2 2024,North America,Individual,Standard,Monthly,Referral,0.736,29,,,False,True,Active,At risk,12,348
RC-02672,2024-11-28,Q4 2024,North America,Small Business,Standard,Annual,Referral,0.791,24.65,,,False,False,Active,Renewed,12,295.8
RC-02673,2024-05-05,Q2 2024,Other,Individual,Standard,Annual,Referral,0.366,24.65,,,False,False,Active,Renewed,12,295.8
RC-02674,2024-07-26,Q3 2024,North America,Small Business,Premium,Monthly,Paid Search,0.734,49,2,Low usage,False,False,Churned,Churned,2,98
RC-02675,2024-05-28,Q2 2024,Asia-Pacific,Individual,Premium,Annual,Referral,0.361,41.65,,,False,False,Active,Renewed,12,499.8
RC-02676,2024-11-01,Q4 2024,Other,Small Business,Basic,Annual,Organic,0.092,12.75,,,True,True,At risk,At risk,12,153.0
RC-02677,2024-09-28,Q3 2024,Asia-Pacific,Small Business,Premium,Annual,Organic,0.921,41.65,,,False,False,Active,Renewed,12,499.8
RC-02678,2024-11-05,Q4 2024,Europe,Freelancer,Premium,Monthly,Organic,0.537,49,,,False,False,Active,Active,12,588
RC-02679,2024-05-26,Q2 2024,North America,Freelancer,Basic,Annual,Organic,0.566,12.75,,,False,False,Active,Renewed,12,153.0
RC-02680,2024-06-14,Q2 2024,Europe,Individual,Standard,Monthly,Paid Search,0.534,29,,,False,False,Active,Active,12,348
RC-02681,2024-05-27,Q2 2024,North America,Individual,Standard,Monthly,Organic,0.851,29,,,False,False,Active,Active,12,348
RC-02682,2024-07-22,Q3 2024,Asia-Pacific,Freelancer,Standard,Annual,Paid Search,0.52,24.65,,,False,False,Active,Renewed,12,295.8
RC-02683,2024-02-19,Q1 2024,North America,Individual,Basic,Monthly,Paid Search,0.384,15,1,Product experience,False,False,Churned,Churned,1,15
RC-02684,2024-12-05,Q4 2024,Europe,Individual,Basic,Monthly,Social,0.625,15,,,False,False,Active,Active,12,180
RC-02685,2024-09-25,Q3 2024,North America,Individual,Basic,Monthly,Organic,0.534,15,,,False,False,Active,Active,12,180
RC-02686,2024-12-23,Q4 2024,Europe,Individual,Standard,Monthly,Partner,0.639,29,,,False,False,Active,Active,12,348
RC-02687,2024-05-08,Q2 2024,Europe,Individual,Premium,Annual,Referral,0.498,41.65,10,Low usage,False,False,Active,Churned,10,416.5
RC-02688,2024-11-10,Q4 2024,Asia-Pacific,Small Business,Basic,Monthly,Partner,0.731,15,,,False,False,Active,Active,12,180
RC-02689,2024-07-12,Q3 2024,Europe,Individual,Standard,Monthly,Paid Search,0.441,29,2,Low usage,False,False,Churned,Churned,2,58
RC-02690,2024-04-16,Q2 2024,Europe,Individual,Standard,Monthly,Paid Search,0.869,29,,,False,False,Active,Active,12,348
RC-02691,2024-05-16,Q2 2024,Other,Freelancer,Basic,Monthly,Referral,0.777,15,11,Product experience,False,False,Active,Churned,11,165
RC-02692,2024-12-12,Q4 2024,Europe,Individual,Enterprise,Annual,Referral,0.973,75.65,,,True,False,At risk,Renewed,12,907.8
RC-02693,2024-08-22,Q3 2024,North America,Individual,Premium,Monthly,Organic,0.735,49,,,False,False,Active,Active,12,588
RC-02694,2024-08-03,Q3 2024,North America,Individual,Premium,Annual,Organic,0.478,41.65,,,False,False,Active,Renewed,12,499.8
RC-02695,2024-08-06,Q3 2024,Asia-Pacific,Team,Basic,Annual,Partner,0.603,12.75,,,False,False,Active,Renewed,12,153.0
RC-02696,2024-06-21,Q2 2024,Europe,Individual,Standard,Monthly,Organic,0.679,29,,,False,True,Active,At risk,12,348
RC-02697,2024-07-26,Q3 2024,North America,Individual,Premium,Annual,Paid Search,0.199,41.65,,,True,True,At risk,At risk,12,499.8
RC-02698,2024-09-14,Q3 2024,Asia-Pacific,Freelancer,Basic,Monthly,Organic,0.735,15,,,False,False,Active,Active,12,180
RC-02699,2024-07-05,Q3 2024,Asia-Pacific,Individual,Premium,Annual,Paid Search,0.472,41.65,,,False,False,Active,Renewed,12,499.8
RC-02700,2024-12-11,Q4 2024,Europe,Individual,Standard,Monthly,Social,0.176,29,11,Price,True,False,At risk,Churned,11,319
RC-02701,2024-04-08,Q2 2024,Europe,Freelancer,Standard,Annual,Organic,0.766,24.65,,,False,False,Active,Renewed,12,295.8
RC-02702,2024-08-03,Q3 2024,Asia-Pacific,Individual,Basic,Monthly,Organic,0.764,15,,,False,False,Active,Active,12,180
RC-02703,2024-02-26,Q1 2024,Europe,Small Business,Premium,Annual,Referral,0.579,41.65,,,False,False,Active,Renewed,12,499.8
RC-02704,2024-12-01,Q4 2024,Asia-Pacific,Individual,Standard,Annual,Paid Search,0.412,24.65,3,Product experience,False,False,Churned,Churned,3,73.95
RC-02705,2024-11-13,Q4 2024,Asia-Pacific,Individual,Premium,Annual,Social,0.365,41.65,,,False,True,Active,At risk,12,499.8
RC-02706,2024-06-11,Q2 2024,Other,Individual,Premium,Annual,Partner,0.566,41.65,,,False,False,Active,Renewed,12,499.8
RC-02707,2024-11-21,Q4 2024,North America,Small Business,Premium,Annual,Social,0.379,41.65,10,Alternative,False,False,Active,Churned,10,416.5
RC-02708,2024-09-03,Q3 2024,North America,Individual,Premium,Annual,Organic,0.503,41.65,,,False,False,Active,Renewed,12,499.8
RC-02709,2024-09-25,Q3 2024,North America,Individual,Basic,Monthly,Paid Search,0.498,15,7,Alternative,False,False,Active,Churned,7,105
RC-02710,2024-11-14,Q4 2024,Europe,Freelancer,Premium,Monthly,Partner,0.747,49,,,False,False,Active,Active,12,588
RC-02711,2024-07-09,Q3 2024,North America,Freelancer,Premium,Annual,Organic,0.554,41.65,8,Product experience,False,False,Active,Churned,8,333.2
RC-02712,2024-04-05,Q2 2024,Europe,Small Business,Basic,Monthly,Referral,0.722,15,,,False,False,Active,Active,12,180
RC-02713,2024-06-24,Q2 2024,North America,Small Business,Premium,Monthly,Organic,0.603,49,,,False,False,Active,Active,12,588
RC-02714,2024-08-03,Q3 2024,North America,Individual,Basic,Monthly,Paid Search,0.553,15,,,False,True,Active,At risk,12,180
RC-02715,2024-11-10,Q4 2024,Asia-Pacific,Small Business,Basic,Monthly,Social,0.637,15,2,Price,False,False,Churned,Churned,2,30
RC-02716,2024-12-12,Q4 2024,Other,Individual,Standard,Annual,Referral,0.696,24.65,,,False,False,Active,Renewed,12,295.8
RC-02717,2024-08-02,Q3 2024,North America,Team,Basic,Monthly,Paid Search,0.079,15,,,True,True,At risk,At risk,12,180
RC-02718,2024-08-12,Q3 2024,Asia-Pacific,Team,Standard,Monthly,Social,0.314,29,,,True,True,At risk,At risk,12,348
RC-02719,2024-09-08,Q3 2024,Europe,Individual,Basic,Annual,Social,0.238,12.75,,,True,True,At risk,At risk,12,153.0
RC-02720,2024-12-28,Q4 2024,Europe,Individual,Basic,Monthly,Paid Search,0.441,15,,,True,False,At risk,Active,12,180
RC-02721,2024-04-01,Q2 2024,Europe,Small Business,Basic,Monthly,Referral,0.531,15,6,Alternative,False,False,Active,Churned,6,90
RC-02722,2024-03-02,Q1 2024,North America,Individual,Standard,Annual,Social,0.188,24.65,,,True,True,At risk,At risk,12,295.8
RC-02723,2024-04-22,Q2 2024,Asia-Pacific,Individual,Standard,Monthly,Paid Search,0.702,29,,,False,False,Active,Active,12,348
RC-02724,2024-08-13,Q3 2024,Europe,Freelancer,Basic,Monthly,Referral,0.153,15,,,True,True,At risk,At risk,12,180
RC-02725,2024-12-26,Q4 2024,Asia-Pacific,Individual,Premium,Annual,Organic,0.562,41.65,,,False,False,Active,Renewed,12,499.8
RC-02726,2024-09-20,Q3 2024,Europe,Individual,Standard,Monthly,Paid Search,0.549,29,,,False,False,Active,Active,12,348
RC-02727,2024-11-23,Q4 2024,Other,Team,Standard,Monthly,Organic,0.512,29,,,False,False,Active,Active,12,348
RC-02728,2024-03-21,Q1 2024,North America,Individual,Standard,Monthly,Organic,0.427,29,,,False,False,Active,Active,12,348
RC-02729,2024-06-26,Q2 2024,North America,Small Business,Enterprise,Monthly,Referral,0.602,89,,,False,False,Active,Active,12,1068
RC-02730,2024-06-18,Q2 2024,Other,Freelancer,Standard,Annual,Partner,0.636,24.65,,,False,False,Active,Renewed,12,295.8
RC-02731,2024-06-14,Q2 2024,North America,Freelancer,Enterprise,Annual,Organic,0.584,75.65,,,False,True,Active,At risk,12,907.8
RC-02732,2024-11-04,Q4 2024,North America,Freelancer,Standard,Annual,Referral,0.46,24.65,,,False,False,Active,Renewed,12,295.8
RC-02733,2024-08-10,Q3 2024,Asia-Pacific,Small Business,Premium,Monthly,Organic,0.208,49,,,True,True,At risk,At risk,12,588
RC-02734,2024-06-07,Q2 2024,North America,Individual,Basic,Monthly,Partner,0.725,15,,,False,False,Active,Active,12,180
RC-02735,2024-08-10,Q3 2024,North America,Individual,Basic,Monthly,Social,0.652,15,,,False,False,Active,Active,12,180
RC-02736,2024-09-25,Q3 2024,Asia-Pacific,Freelancer,Standard,Monthly,Paid Search,0.845,29,,,False,False,Active,Active,12,348
RC-02737,2024-05-18,Q2 2024,Asia-Pacific,Small Business,Premium,Monthly,Referral,0.833,49,,,False,False,Active,Active,12,588
RC-02738,2024-10-23,Q4 2024,Europe,Individual,Enterprise,Annual,Organic,0.708,75.65,,,False,False,Active,Renewed,12,907.8
RC-02739,2024-01-25,Q1 2024,North America,Individual,Standard,Monthly,Referral,0.223,29,,,True,True,At risk,At risk,12,348
RC-02740,2024-05-09,Q2 2024,North America,Individual,Basic,Monthly,Organic,0.699,15,,,False,False,Active,Active,12,180
RC-02741,2024-11-14,Q4 2024,Europe,Small Business,Standard,Monthly,Social,0.363,29,,,False,False,Active,Active,12,348
RC-02742,2024-01-12,Q1 2024,North America,Individual,Basic,Monthly,Organic,0.843,15,10,Alternative,False,False,Active,Churned,10,150
RC-02743,2024-03-21,Q1 2024,Asia-Pacific,Freelancer,Standard,Monthly,Social,0.949,29,9,Low usage,False,False,Active,Churned,9,261
RC-02744,2024-12-04,Q4 2024,North America,Individual,Standard,Annual,Referral,0.78,24.65,,,False,False,Active,Renewed,12,295.8
RC-02745,2024-09-20,Q3 2024,Other,Freelancer,Basic,Monthly,Social,0.611,15,,,False,False,Active,Active,12,180
RC-02746,2024-01-19,Q1 2024,North America,Freelancer,Enterprise,Annual,Organic,0.84,75.65,,,True,False,At risk,Renewed,12,907.8
RC-02747,2024-10-15,Q4 2024,North America,Individual,Basic,Monthly,Paid Search,0.856,15,6,Alternative,False,False,Active,Churned,6,90
RC-02748,2024-09-25,Q3 2024,North America,Individual,Basic,Monthly,Social,0.759,15,9,Price,False,False,Active,Churned,9,135
RC-02749,2024-02-18,Q1 2024,Other,Small Business,Enterprise,Annual,Organic,0.591,75.65,,,False,False,Active,Renewed,12,907.8
RC-02750,2024-02-24,Q1 2024,Asia-Pacific,Freelancer,Basic,Monthly,Organic,0.442,15,4,Low usage,False,False,Active,Churned,4,60
RC-02751,2024-05-02,Q2 2024,Asia-Pacific,Small Business,Premium,Monthly,Paid Search,0.439,49,3,Price,False,False,Churned,Churned,3,147
RC-02752,2024-04-25,Q2 2024,Other,Individual,Enterprise,Annual,Referral,0.22,75.65,,,True,True,At risk,At risk,12,907.8
RC-02753,2024-01-06,Q1 2024,North America,Individual,Premium,Annual,Paid Search,0.449,41.65,,,False,False,Active,Renewed,12,499.8
RC-02754,2024-10-27,Q4 2024,Asia-Pacific,Freelancer,Standard,Monthly,Paid Search,0.602,29,2,Price,False,False,Churned,Churned,2,58
RC-02755,2024-10-24,Q4 2024,Other,Freelancer,Basic,Monthly,Organic,0.518,15,12,Price,False,False,Active,Churned,12,180
RC-02756,2024-07-16,Q3 2024,Asia-Pacific,Individual,Standard,Monthly,Organic,0.929,29,10,Alternative,False,False,Active,Churned,10,290
RC-02757,2024-05-07,Q2 2024,Europe,Small Business,Basic,Monthly,Organic,0.375,15,,,False,False,Active,Active,12,180
RC-02758,2024-10-18,Q4 2024,North America,Freelancer,Standard,Annual,Organic,0.603,24.65,,,False,False,Active,Renewed,12,295.8
RC-02759,2024-08-22,Q3 2024,Other,Small Business,Basic,Monthly,Social,0.33,15,,,False,True,Active,At risk,12,180
RC-02760,2024-12-16,Q4 2024,North America,Small Business,Standard,Annual,Social,0.595,24.65,,,False,True,Active,At risk,12,295.8
RC-02761,2024-12-18,Q4 2024,North America,Individual,Basic,Monthly,Referral,0.241,15,,,True,True,At risk,At risk,12,180
RC-02762,2024-09-08,Q3 2024,Asia-Pacific,Individual,Premium,Monthly,Paid Search,0.647,49,6,Low usage,False,False,Active,Churned,6,294
RC-02763,2024-08-27,Q3 2024,Asia-Pacific,Freelancer,Standard,Annual,Paid Search,0.854,24.65,,,False,False,Active,Renewed,12,295.8
RC-02764,2024-06-05,Q2 2024,Other,Individual,Premium,Annual,Paid Search,0.859,41.65,,,False,False,Active,Renewed,12,499.8
RC-02765,2024-01-21,Q1 2024,Europe,Individual,Premium,Monthly,Organic,0.639,49,,,False,False,Active,Active,12,588
RC-02766,2024-11-05,Q4 2024,Europe,Freelancer,Standard,Monthly,Referral,0.648,29,,,False,False,Active,Active,12,348
RC-02767,2024-11-28,Q4 2024,North America,Individual,Standard,Monthly,Referral,0.2,29,,,True,True,At risk,At risk,12,348
RC-02768,2024-08-05,Q3 2024,Asia-Pacific,Small Business,Premium,Monthly,Paid Search,0.343,49,1,Low usage,False,False,Churned,Churned,1,49
RC-02769,2024-11-05,Q4 2024,North America,Individual,Standard,Monthly,Paid Search,0.583,29,9,Low usage,False,False,Active,Churned,9,261
RC-02770,2024-07-16,Q3 2024,Europe,Individual,Enterprise,Annual,Social,0.753,75.65,,,False,False,Active,Renewed,12,907.8
RC-02771,2024-03-08,Q1 2024,North America,Small Business,Enterprise,Monthly,Partner,0.527,89,,,False,False,Active,Active,12,1068
RC-02772,2024-07-14,Q3 2024,Asia-Pacific,Individual,Basic,Monthly,Organic,0.466,15,,,False,False,Active,Active,12,180
RC-02773,2024-06-13,Q2 2024,North America,Small Business,Standard,Annual,Organic,0.22,24.65,,,True,True,At risk,At risk,12,295.8
RC-02774,2024-08-24,Q3 2024,Europe,Freelancer,Basic,Monthly,Social,0.824,15,,,False,False,Active,Active,12,180
RC-02775,2024-08-16,Q3 2024,Asia-Pacific,Individual,Basic,Monthly,Paid Search,0.62,15,,,False,False,Active,Active,12,180
RC-02776,2024-03-11,Q1 2024,North America,Individual,Basic,Monthly,Organic,0.217,15,12,Price,True,False,At risk,Churned,12,180
RC-02777,2024-08-05,Q3 2024,Other,Small Business,Standard,Annual,Partner,0.824,24.65,4,Low usage,False,False,Active,Churned,4,98.6
RC-02778,2024-02-17,Q1 2024,Europe,Individual,Basic,Monthly,Referral,0.297,15,6,Changed needs,True,False,At risk,Churned,6,90
RC-02779,2024-05-20,Q2 2024,Europe,Individual,Standard,Annual,Organic,0.483,24.65,,,False,False,Active,Renewed,12,295.8
RC-02780,2024-01-17,Q1 2024,Europe,Individual,Basic,Monthly,Paid Search,0.908,15,8,Alternative,False,False,Active,Churned,8,120
RC-02781,2024-01-14,Q1 2024,Other,Individual,Premium,Monthly,Organic,0.352,49,,,False,False,Active,Active,12,588
RC-02782,2024-03-17,Q1 2024,Other,Freelancer,Basic,Monthly,Referral,0.653,15,,,False,False,Active,Active,12,180
RC-02783,2024-01-17,Q1 2024,Europe,Freelancer,Basic,Annual,Referral,0.445,12.75,1,Price,False,False,Churned,Churned,1,12.75
RC-02784,2024-12-01,Q4 2024,Europe,Individual,Standard,Monthly,Organic,0.815,29,,,False,False,Active,Active,12,348
RC-02785,2024-02-21,Q1 2024,Asia-Pacific,Individual,Standard,Monthly,Paid Search,0.664,29,2,Changed needs,False,False,Churned,Churned,2,58
RC-02786,2024-12-05,Q4 2024,Asia-Pacific,Individual,Enterprise,Monthly,Partner,0.47,89,,,False,False,Active,Active,12,1068
RC-02787,2024-09-28,Q3 2024,Europe,Individual,Standard,Monthly,Paid Search,0.662,29,,,False,False,Active,Active,12,348
RC-02788,2024-09-02,Q3 2024,Europe,Individual,Basic,Monthly,Organic,0.804,15,,,False,False,Active,Active,12,180
RC-02789,2024-09-01,Q3 2024,Europe,Freelancer,Enterprise,Annual,Referral,0.906,75.65,,,False,False,Active,Renewed,12,907.8
RC-02790,2024-07-08,Q3 2024,Other,Individual,Enterprise,Monthly,Paid Search,0.582,89,11,Low usage,False,False,Active,Churned,11,979
RC-02791,2024-04-13,Q2 2024,Other,Freelancer,Standard,Monthly,Organic,0.275,29,3,Product experience,False,False,Churned,Churned,3,87
RC-02792,2024-05-10,Q2 2024,Europe,Individual,Standard,Monthly,Organic,0.36,29,,,False,False,Active,Active,12,348
RC-02793,2024-08-17,Q3 2024,Asia-Pacific,Individual,Standard,Monthly,Referral,0.347,29,,,False,False,Active,Active,12,348
RC-02794,2024-10-07,Q4 2024,North America,Individual,Standard,Annual,Paid Search,0.314,24.65,,,True,True,At risk,At risk,12,295.8
RC-02795,2024-05-27,Q2 2024,North America,Small Business,Premium,Annual,Organic,0.6,41.65,,,False,False,Active,Renewed,12,499.8
RC-02796,2024-07-20,Q3 2024,Asia-Pacific,Small Business,Basic,Monthly,Social,0.387,15,,,False,False,Active,Active,12,180
RC-02797,2024-06-05,Q2 2024,Europe,Team,Standard,Monthly,Social,0.129,29,,,True,True,At risk,At risk,12,348
RC-02798,2024-05-23,Q2 2024,North America,Individual,Basic,Monthly,Organic,0.039,15,,,True,True,At risk,At risk,12,180
RC-02799,2024-05-25,Q2 2024,North America,Small Business,Basic,Monthly,Organic,0.271,15,,,True,True,At risk,At risk,12,180
RC-02800,2024-06-08,Q2 2024,Asia-Pacific,Individual,Basic,Monthly,Organic,0.676,15,1,Low usage,False,False,Churned,Churned,1,15
RC-02801,2024-05-23,Q2 2024,North America,Freelancer,Basic,Annual,Organic,0.257,12.75,,,True,True,At risk,At risk,12,153.0
RC-02802,2024-06-05,Q2 2024,North America,Individual,Basic,Monthly,Referral,0.73,15,4,Alternative,False,False,Active,Churned,4,60
RC-02803,2024-12-20,Q4 2024,Asia-Pacific,Individual,Basic,Monthly,Organic,0.818,15,,,True,False,At risk,Active,12,180
RC-02804,2024-12-25,Q4 2024,Other,Freelancer,Basic,Monthly,Paid Search,0.708,15,,,False,False,Active,Active,12,180
RC-02805,2024-07-07,Q3 2024,Asia-Pacific,Freelancer,Premium,Monthly,Referral,0.589,49,,,False,False,Active,Active,12,588
RC-02806,2024-05-06,Q2 2024,Europe,Individual,Basic,Monthly,Referral,0.572,15,,,False,False,Active,Active,12,180
RC-02807,2024-11-03,Q4 2024,Other,Freelancer,Standard,Monthly,Partner,0.642,29,,,False,False,Active,Active,12,348
RC-02808,2024-01-03,Q1 2024,Europe,Small Business,Standard,Annual,Paid Search,0.895,24.65,2,Alternative,False,False,Churned,Churned,2,49.3
RC-02809,2024-03-17,Q1 2024,North America,Individual,Basic,Monthly,Organic,0.823,15,,,False,True,Active,At risk,12,180
RC-02810,2024-03-15,Q1 2024,Europe,Freelancer,Premium,Monthly,Social,0.935,49,,,False,False,Active,Active,12,588
RC-02811,2024-06-04,Q2 2024,Asia-Pacific,Individual,Standard,Monthly,Paid Search,0.591,29,,,False,False,Active,Active,12,348
RC-02812,2024-09-07,Q3 2024,North America,Individual,Basic,Monthly,Paid Search,0.274,15,,,True,True,At risk,At risk,12,180
RC-02813,2024-07-14,Q3 2024,Asia-Pacific,Freelancer,Standard,Monthly,Social,0.249,29,,,True,True,At risk,At risk,12,348
RC-02814,2024-12-07,Q4 2024,Europe,Team,Basic,Monthly,Social,0.822,15,,,False,False,Active,Active,12,180
RC-02815,2024-09-26,Q3 2024,Europe,Individual,Premium,Annual,Referral,0.462,41.65,,,False,False,Active,Renewed,12,499.8
RC-02816,2024-09-07,Q3 2024,North America,Freelancer,Basic,Annual,Organic,0.84,12.75,,,False,False,Active,Renewed,12,153.0
RC-02817,2024-07-03,Q3 2024,North America,Small Business,Standard,Annual,Organic,0.51,24.65,,,False,False,Active,Renewed,12,295.8
RC-02818,2024-05-28,Q2 2024,Asia-Pacific,Individual,Basic,Annual,Referral,0.161,12.75,,,True,True,At risk,At risk,12,153.0
RC-02819,2024-09-05,Q3 2024,North America,Individual,Premium,Monthly,Social,0.938,49,3,Product experience,False,False,Churned,Churned,3,147
RC-02820,2024-11-14,Q4 2024,North America,Freelancer,Basic,Monthly,Referral,0.499,15,2,Price,False,False,Churned,Churned,2,30
RC-02821,2024-11-14,Q4 2024,Asia-Pacific,Small Business,Basic,Annual,Paid Search,0.3,12.75,11,Low usage,True,False,At risk,Churned,11,140.25
RC-02822,2024-01-15,Q1 2024,Other,Small Business,Standard,Monthly,Organic,0.797,29,,,False,False,Active,Active,12,348
RC-02823,2024-07-06,Q3 2024,Europe,Individual,Standard,Monthly,Referral,0.654,29,,,False,False,Active,Active,12,348
RC-02824,2024-04-20,Q2 2024,North America,Individual,Standard,Monthly,Referral,0.788,29,,,False,False,Active,Active,12,348
RC-02825,2024-07-16,Q3 2024,North America,Individual,Basic,Annual,Social,0.87,12.75,,,False,False,Active,Renewed,12,153.0
RC-02826,2024-09-27,Q3 2024,Asia-Pacific,Individual,Basic,Annual,Referral,0.567,12.75,,,True,False,At risk,Renewed,12,153.0
RC-02827,2024-04-07,Q2 2024,North America,Freelancer,Basic,Monthly,Paid Search,0.714,15,6,Low usage,False,False,Active,Churned,6,90
RC-02828,2024-02-12,Q1 2024,North America,Small Business,Standard,Monthly,Paid Search,0.776,29,6,Low usage,False,False,Active,Churned,6,174
RC-02829,2024-02-11,Q1 2024,Europe,Individual,Basic,Monthly,Organic,0.347,15,,,False,False,Active,Active,12,180
RC-02830,2024-10-23,Q4 2024,North America,Small Business,Basic,Monthly,Referral,0.043,15,4,Price,True,False,At risk,Churned,4,60
RC-02831,2024-11-23,Q4 2024,Asia-Pacific,Freelancer,Standard,Annual,Referral,0.658,24.65,,,False,False,Active,Renewed,12,295.8
RC-02832,2024-11-22,Q4 2024,Asia-Pacific,Small Business,Standard,Annual,Partner,0.487,24.65,,,False,False,Active,Renewed,12,295.8
RC-02833,2024-03-05,Q1 2024,Europe,Individual,Standard,Annual,Paid Search,0.588,24.65,,,False,False,Active,Renewed,12,295.8
RC-02834,2024-01-22,Q1 2024,Europe,Individual,Basic,Annual,Organic,0.555,12.75,,,False,True,Active,At risk,12,153.0
RC-02835,2024-07-09,Q3 2024,North America,Team,Premium,Annual,Social,0.669,41.65,,,False,False,Active,Renewed,12,499.8
RC-02836,2024-07-23,Q3 2024,North America,Freelancer,Enterprise,Annual,Partner,0.523,75.65,,,False,False,Active,Renewed,12,907.8
RC-02837,2024-07-24,Q3 2024,Europe,Small Business,Basic,Monthly,Referral,0.318,15,,,True,True,At risk,At risk,12,180
RC-02838,2024-10-12,Q4 2024,North America,Small Business,Enterprise,Annual,Social,0.936,75.65,,,False,False,Active,Renewed,12,907.8
RC-02839,2024-10-08,Q4 2024,North America,Freelancer,Premium,Monthly,Paid Search,0.465,49,,,False,False,Active,Active,12,588
RC-02840,2024-06-24,Q2 2024,Asia-Pacific,Individual,Basic,Monthly,Paid Search,0.366,15,,,False,False,Active,Active,12,180
RC-02841,2024-01-16,Q1 2024,Asia-Pacific,Small Business,Premium,Monthly,Paid Search,0.658,49,,,False,False,Active,Active,12,588
RC-02842,2024-08-22,Q3 2024,North America,Freelancer,Basic,Monthly,Organic,0.438,15,11,Product experience,False,False,Active,Churned,11,165
RC-02843,2024-03-18,Q1 2024,Asia-Pacific,Small Business,Standard,Monthly,Partner,0.89,29,,,False,False,Active,Active,12,348
RC-02844,2024-08-18,Q3 2024,Other,Individual,Basic,Annual,Paid Search,0.871,12.75,,,False,False,Active,Renewed,12,153.0
RC-02845,2024-11-20,Q4 2024,Europe,Individual,Premium,Monthly,Social,0.758,49,2,Low usage,False,False,Churned,Churned,2,98
RC-02846,2024-09-23,Q3 2024,North America,Individual,Premium,Monthly,Paid Search,0.623,49,,,False,False,Active,Active,12,588
RC-02847,2024-04-17,Q2 2024,Europe,Small Business,Premium,Annual,Partner,0.401,41.65,,,False,False,Active,Renewed,12,499.8
RC-02848,2024-06-10,Q2 2024,Asia-Pacific,Small Business,Standard,Annual,Social,0.945,24.65,,,True,False,At risk,Renewed,12,295.8
RC-02849,2024-06-07,Q2 2024,Asia-Pacific,Freelancer,Premium,Monthly,Partner,0.821,49,,,False,False,Active,Active,12,588
RC-02850,2024-05-16,Q2 2024,North America,Freelancer,Standard,Annual,Social,0.778,24.65,1,Payment issue,False,False,Churned,Churned,1,24.65
RC-02851,2024-06-15,Q2 2024,North America,Small Business,Enterprise,Annual,Organic,0.357,75.65,,,False,True,Active,At risk,12,907.8
RC-02852,2024-06-13,Q2 2024,North America,Individual,Standard,Monthly,Organic,0.859,29,6,Product experience,False,False,Active,Churned,6,174
RC-02853,2024-09-16,Q3 2024,Asia-Pacific,Individual,Basic,Monthly,Organic,0.637,15,1,Payment issue,False,False,Churned,Churned,1,15
RC-02854,2024-05-03,Q2 2024,Asia-Pacific,Individual,Standard,Monthly,Partner,0.476,29,,,False,False,Active,Active,12,348
RC-02855,2024-05-26,Q2 2024,Europe,Individual,Basic,Monthly,Organic,0.939,15,,,False,False,Active,Active,12,180
RC-02856,2024-09-01,Q3 2024,Asia-Pacific,Freelancer,Premium,Annual,Paid Search,0.472,41.65,5,Alternative,False,False,Active,Churned,5,208.25
RC-02857,2024-04-10,Q2 2024,North America,Individual,Basic,Monthly,Partner,0.351,15,8,Price,False,False,Active,Churned,8,120
RC-02858,2024-12-08,Q4 2024,Europe,Individual,Premium,Monthly,Social,0.651,49,,,False,False,Active,Active,12,588
RC-02859,2024-08-27,Q3 2024,North America,Small Business,Premium,Monthly,Partner,0.762,49,10,Alternative,False,False,Active,Churned,10,490
RC-02860,2024-12-13,Q4 2024,Europe,Individual,Standard,Monthly,Referral,0.873,29,,,False,False,Active,Active,12,348
RC-02861,2024-09-19,Q3 2024,Europe,Small Business,Premium,Monthly,Paid Search,0.301,49,,,True,True,At risk,At risk,12,588
RC-02862,2024-11-07,Q4 2024,Other,Individual,Standard,Monthly,Organic,0.499,29,,,False,True,Active,At risk,12,348
RC-02863,2024-01-08,Q1 2024,North America,Individual,Standard,Monthly,Organic,0.683,29,2,Changed needs,False,False,Churned,Churned,2,58
RC-02864,2024-12-16,Q4 2024,North America,Individual,Standard,Monthly,Paid Search,0.641,29,,,False,False,Active,Active,12,348
RC-02865,2024-11-06,Q4 2024,Asia-Pacific,Small Business,Standard,Annual,Social,0.545,24.65,8,Low usage,False,False,Active,Churned,8,197.2
RC-02866,2024-05-04,Q2 2024,North America,Freelancer,Premium,Monthly,Organic,0.608,49,7,Alternative,False,False,Active,Churned,7,343
RC-02867,2024-08-23,Q3 2024,North America,Small Business,Standard,Annual,Organic,0.473,24.65,,,False,False,Active,Renewed,12,295.8
RC-02868,2024-02-15,Q1 2024,North America,Freelancer,Standard,Monthly,Social,0.755,29,,,False,False,Active,Active,12,348
RC-02869,2024-06-05,Q2 2024,Europe,Individual,Basic,Annual,Paid Search,0.268,12.75,,,True,True,At risk,At risk,12,153.0
RC-02870,2024-02-09,Q1 2024,Asia-Pacific,Freelancer,Premium,Annual,Organic,0.561,41.65,,,False,False,Active,Renewed,12,499.8
RC-02871,2024-06-04,Q2 2024,North America,Individual,Basic,Monthly,Referral,0.383,15,12,Alternative,False,False,Active,Churned,12,180
RC-02872,2024-04-17,Q2 2024,Asia-Pacific,Individual,Premium,Annual,Paid Search,0.444,41.65,,,False,True,Active,At risk,12,499.8
RC-02873,2024-07-06,Q3 2024,North America,Freelancer,Premium,Monthly,Organic,0.699,49,,,False,False,Active,Active,12,588
RC-02874,2024-11-16,Q4 2024,Other,Individual,Standard,Monthly,Organic,0.775,29,,,False,False,Active,Active,12,348
RC-02875,2024-03-22,Q1 2024,Europe,Freelancer,Basic,Monthly,Organic,0.413,15,,,False,True,Active,At risk,12,180
RC-02876,2024-12-23,Q4 2024,North America,Individual,Premium,Annual,Partner,0.514,41.65,,,False,False,Active,Renewed,12,499.8
RC-02877,2024-12-06,Q4 2024,Asia-Pacific,Individual,Standard,Monthly,Paid Search,0.494,29,,,False,False,Active,Active,12,348
RC-02878,2024-03-18,Q1 2024,Asia-Pacific,Individual,Basic,Monthly,Referral,0.476,15,,,False,False,Active,Active,12,180
RC-02879,2024-05-08,Q2 2024,Other,Small Business,Standard,Monthly,Paid Search,0.593,29,,,False,False,Active,Active,12,348
RC-02880,2024-01-19,Q1 2024,Europe,Individual,Standard,Monthly,Paid Search,0.93,29,3,Product experience,False,False,Churned,Churned,3,87
RC-02881,2024-06-12,Q2 2024,Europe,Small Business,Standard,Annual,Organic,0.904,24.65,4,Price,False,False,Active,Churned,4,98.6
RC-02882,2024-01-09,Q1 2024,Asia-Pacific,Individual,Basic,Monthly,Partner,0.263,15,,,True,True,At risk,At risk,12,180
RC-02883,2024-11-21,Q4 2024,North America,Individual,Premium,Monthly,Paid Search,0.677,49,,,False,False,Active,Active,12,588
RC-02884,2024-03-24,Q1 2024,North America,Small Business,Standard,Annual,Partner,0.613,24.65,,,True,False,At risk,Renewed,12,295.8
RC-02885,2024-09-23,Q3 2024,Other,Freelancer,Premium,Annual,Organic,0.725,41.65,,,False,False,Active,Renewed,12,499.8
RC-02886,2024-10-20,Q4 2024,North America,Team,Standard,Monthly,Organic,0.384,29,2,Price,False,False,Churned,Churned,2,58
RC-02887,2024-04-18,Q2 2024,North America,Individual,Standard,Monthly,Organic,0.119,29,1,Price,False,False,Churned,Churned,1,29
RC-02888,2024-08-11,Q3 2024,Other,Individual,Premium,Annual,Partner,0.458,41.65,,,False,False,Active,Renewed,12,499.8
RC-02889,2024-03-24,Q1 2024,Asia-Pacific,Small Business,Basic,Monthly,Referral,0.272,15,,,True,True,At risk,At risk,12,180
RC-02890,2024-09-20,Q3 2024,Asia-Pacific,Freelancer,Premium,Annual,Paid Search,0.453,41.65,,,False,False,Active,Renewed,12,499.8
RC-02891,2024-11-09,Q4 2024,North America,Individual,Enterprise,Annual,Partner,0.376,75.65,,,False,False,Active,Renewed,12,907.8
RC-02892,2024-12-26,Q4 2024,North America,Individual,Standard,Monthly,Paid Search,0.461,29,,,False,False,Active,Active,12,348
RC-02893,2024-11-28,Q4 2024,Europe,Freelancer,Basic,Monthly,Referral,0.922,15,,,False,False,Active,Active,12,180
RC-02894,2024-06-24,Q2 2024,Europe,Freelancer,Enterprise,Annual,Paid Search,0.236,75.65,,,True,True,At risk,At risk,12,907.8
RC-02895,2024-11-28,Q4 2024,Other,Individual,Premium,Monthly,Social,0.698,49,,,False,False,Active,Active,12,588
RC-02896,2024-10-02,Q4 2024,North America,Individual,Premium,Monthly,Referral,0.839,49,,,False,False,Active,Active,12,588
RC-02897,2024-07-28,Q3 2024,North America,Individual,Standard,Annual,Referral,0.681,24.65,,,False,False,Active,Renewed,12,295.8
RC-02898,2024-07-22,Q3 2024,Europe,Individual,Standard,Monthly,Social,0.586,29,,,False,False,Active,Active,12,348
RC-02899,2024-07-06,Q3 2024,Asia-Pacific,Individual,Standard,Monthly,Paid Search,0.752,29,,,False,False,Active,Active,12,348
RC-02900,2024-02-26,Q1 2024,Europe,Individual,Premium,Annual,Organic,0.933,41.65,,,False,False,Active,Renewed,12,499.8
RC-02901,2024-07-25,Q3 2024,Asia-Pacific,Small Business,Standard,Monthly,Organic,0.808,29,,,False,False,Active,Active,12,348
RC-02902,2024-03-10,Q1 2024,North America,Individual,Standard,Monthly,Paid Search,0.455,29,,,False,False,Active,Active,12,348
RC-02903,2024-08-02,Q3 2024,Europe,Freelancer,Standard,Monthly,Social,0.537,29,,,False,False,Active,Active,12,348
RC-02904,2024-10-23,Q4 2024,Asia-Pacific,Freelancer,Standard,Monthly,Referral,0.276,29,,,True,True,At risk,At risk,12,348
RC-02905,2024-04-07,Q2 2024,Europe,Small Business,Standard,Annual,Social,0.671,24.65,,,False,False,Active,Renewed,12,295.8
RC-02906,2024-01-06,Q1 2024,North America,Small Business,Basic,Monthly,Organic,0.567,15,3,Price,False,False,Churned,Churned,3,45
RC-02907,2024-10-06,Q4 2024,Other,Individual,Premium,Annual,Social,0.622,41.65,1,Payment issue,False,False,Churned,Churned,1,41.65
RC-02908,2024-11-06,Q4 2024,North America,Individual,Standard,Annual,Referral,0.776,24.65,10,Product experience,False,False,Active,Churned,10,246.5
RC-02909,2024-02-21,Q1 2024,Asia-Pacific,Individual,Basic,Monthly,Organic,0.989,15,,,False,False,Active,Active,12,180
RC-02910,2024-07-19,Q3 2024,Europe,Individual,Standard,Annual,Paid Search,0.632,24.65,,,False,False,Active,Renewed,12,295.8
RC-02911,2024-02-15,Q1 2024,North America,Freelancer,Enterprise,Annual,Paid Search,0.848,75.65,8,Low usage,False,False,Active,Churned,8,605.2
RC-02912,2024-04-17,Q2 2024,Asia-Pacific,Individual,Basic,Annual,Paid Search,0.568,12.75,2,Low usage,False,False,Churned,Churned,2,25.5
RC-02913,2024-06-25,Q2 2024,North America,Small Business,Enterprise,Annual,Social,0.819,75.65,,,False,False,Active,Renewed,12,907.8
RC-02914,2024-05-03,Q2 2024,North America,Freelancer,Basic,Monthly,Organic,0.288,15,1,Payment issue,False,False,Churned,Churned,1,15
RC-02915,2024-12-27,Q4 2024,Asia-Pacific,Individual,Premium,Annual,Organic,0.553,41.65,,,False,False,Active,Renewed,12,499.8
RC-02916,2024-03-23,Q1 2024,Asia-Pacific,Small Business,Basic,Monthly,Organic,0.428,15,,,False,False,Active,Active,12,180
RC-02917,2024-06-14,Q2 2024,Asia-Pacific,Small Business,Basic,Monthly,Organic,0.869,15,,,False,True,Active,At risk,12,180
RC-02918,2024-07-14,Q3 2024,Other,Freelancer,Premium,Monthly,Organic,0.712,49,,,False,False,Active,Active,12,588
RC-02919,2024-06-06,Q2 2024,Asia-Pacific,Freelancer,Enterprise,Annual,Social,0.053,75.65,,,True,True,At risk,At risk,12,907.8
RC-02920,2024-12-12,Q4 2024,Asia-Pacific,Freelancer,Basic,Monthly,Partner,0.68,15,,,False,False,Active,Active,12,180
RC-02921,2024-02-03,Q1 2024,North America,Small Business,Premium,Annual,Referral,0.866,41.65,,,True,False,At risk,Renewed,12,499.8
RC-02922,2024-08-10,Q3 2024,Europe,Individual,Basic,Monthly,Organic,0.488,15,,,False,False,Active,Active,12,180
RC-02923,2024-09-24,Q3 2024,North America,Freelancer,Standard,Monthly,Social,0.655,29,,,False,False,Active,Active,12,348
RC-02924,2024-02-18,Q1 2024,Other,Individual,Standard,Monthly,Partner,0.527,29,,,False,False,Active,Active,12,348
RC-02925,2024-12-22,Q4 2024,Europe,Freelancer,Enterprise,Monthly,Organic,0.387,89,,,False,False,Active,Active,12,1068
RC-02926,2024-04-20,Q2 2024,North America,Freelancer,Premium,Monthly,Paid Search,0.712,49,,,False,False,Active,Active,12,588
RC-02927,2024-07-03,Q3 2024,North America,Individual,Standard,Monthly,Paid Search,0.796,29,,,False,False,Active,Active,12,348
RC-02928,2024-07-02,Q3 2024,Asia-Pacific,Individual,Standard,Monthly,Partner,0.641,29,,,False,False,Active,Active,12,348
RC-02929,2024-11-11,Q4 2024,Europe,Freelancer,Standard,Monthly,Organic,0.436,29,,,False,False,Active,Active,12,348
RC-02930,2024-05-01,Q2 2024,Asia-Pacific,Individual,Basic,Monthly,Referral,0.841,15,,,False,False,Active,Active,12,180
RC-02931,2024-01-06,Q1 2024,North America,Small Business,Basic,Monthly,Paid Search,0.805,15,,,False,False,Active,Active,12,180
RC-02932,2024-01-04,Q1 2024,Asia-Pacific,Freelancer,Standard,Monthly,Social,0.822,29,4,Alternative,False,False,Active,Churned,4,116
RC-02933,2024-03-23,Q1 2024,North America,Freelancer,Premium,Annual,Partner,0.926,41.65,,,False,False,Active,Renewed,12,499.8
RC-02934,2024-11-07,Q4 2024,Europe,Individual,Premium,Monthly,Referral,0.497,49,,,False,False,Active,Active,12,588
RC-02935,2024-08-19,Q3 2024,Europe,Individual,Standard,Annual,Paid Search,0.168,24.65,,,True,True,At risk,At risk,12,295.8
RC-02936,2024-09-12,Q3 2024,North America,Small Business,Standard,Monthly,Paid Search,0.987,29,,,False,False,Active,Active,12,348
RC-02937,2024-12-17,Q4 2024,Europe,Individual,Standard,Annual,Paid Search,0.984,24.65,4,Product experience,False,False,Active,Churned,4,98.6
RC-02938,2024-10-08,Q4 2024,Europe,Individual,Premium,Monthly,Organic,0.613,49,,,False,False,Active,Active,12,588
RC-02939,2024-03-12,Q1 2024,North America,Freelancer,Basic,Monthly,Organic,0.472,15,7,Low usage,False,False,Active,Churned,7,105
RC-02940,2024-11-14,Q4 2024,Asia-Pacific,Individual,Standard,Annual,Social,0.673,24.65,,,False,False,Active,Renewed,12,295.8
RC-02941,2024-06-16,Q2 2024,North America,Small Business,Premium,Monthly,Paid Search,0.308,49,,,True,True,At risk,At risk,12,588
RC-02942,2024-12-07,Q4 2024,Other,Freelancer,Standard,Monthly,Paid Search,0.353,29,,,False,False,Active,Active,12,348
RC-02943,2024-09-23,Q3 2024,North America,Team,Basic,Annual,Organic,0.688,12.75,,,True,False,At risk,Renewed,12,153.0
RC-02944,2024-02-19,Q1 2024,North America,Small Business,Basic,Monthly,Organic,0.623,15,,,False,False,Active,Active,12,180
RC-02945,2024-12-19,Q4 2024,North America,Small Business,Standard,Monthly,Paid Search,0.922,29,10,Low usage,False,False,Active,Churned,10,290
RC-02946,2024-05-22,Q2 2024,North America,Individual,Enterprise,Annual,Paid Search,0.193,75.65,,,True,True,At risk,At risk,12,907.8
RC-02947,2024-06-01,Q2 2024,Other,Small Business,Basic,Monthly,Referral,0.802,15,7,Product experience,False,False,Active,Churned,7,105
RC-02948,2024-12-14,Q4 2024,North America,Freelancer,Standard,Monthly,Referral,0.487,29,,,False,False,Active,Active,12,348
RC-02949,2024-09-16,Q3 2024,Asia-Pacific,Individual,Premium,Annual,Referral,0.593,41.65,,,False,False,Active,Renewed,12,499.8
RC-02950,2024-03-25,Q1 2024,Asia-Pacific,Freelancer,Standard,Monthly,Partner,0.912,29,,,False,False,Active,Active,12,348
RC-02951,2024-07-20,Q3 2024,Europe,Freelancer,Enterprise,Annual,Social,0.824,75.65,,,False,False,Active,Renewed,12,907.8
RC-02952,2024-12-04,Q4 2024,Europe,Individual,Enterprise,Monthly,Social,0.7,89,,,False,False,Active,Active,12,1068
RC-02953,2024-07-06,Q3 2024,Europe,Small Business,Premium,Annual,Partner,0.854,41.65,7,Alternative,False,False,Active,Churned,7,291.55
RC-02954,2024-10-21,Q4 2024,North America,Small Business,Basic,Monthly,Organic,0.532,15,,,False,False,Active,Active,12,180
RC-02955,2024-03-11,Q1 2024,North America,Small Business,Standard,Monthly,Organic,0.824,29,,,False,False,Active,Active,12,348
RC-02956,2024-01-28,Q1 2024,North America,Small Business,Standard,Monthly,Paid Search,0.974,29,,,False,False,Active,Active,12,348
RC-02957,2024-01-14,Q1 2024,Europe,Individual,Basic,Monthly,Partner,0.868,15,,,False,False,Active,Active,12,180
RC-02958,2024-06-15,Q2 2024,Asia-Pacific,Individual,Basic,Monthly,Paid Search,0.868,15,,,False,False,Active,Active,12,180
RC-02959,2024-03-10,Q1 2024,Asia-Pacific,Individual,Standard,Monthly,Organic,0.86,29,,,False,False,Active,Active,12,348
RC-02960,2024-03-22,Q1 2024,Europe,Team,Standard,Monthly,Organic,0.733,29,,,False,False,Active,Active,12,348
RC-02961,2024-09-20,Q3 2024,Other,Individual,Basic,Monthly,Organic,0.795,15,12,Price,False,False,Active,Churned,12,180
RC-02962,2024-09-20,Q3 2024,North America,Individual,Basic,Monthly,Paid Search,0.659,15,7,Product experience,False,False,Active,Churned,7,105
RC-02963,2024-12-19,Q4 2024,Europe,Small Business,Basic,Monthly,Social,0.651,15,9,Product experience,False,False,Active,Churned,9,135
RC-02964,2024-10-27,Q4 2024,North America,Freelancer,Basic,Monthly,Organic,0.939,15,,,False,False,Active,Active,12,180
RC-02965,2024-01-21,Q1 2024,Other,Individual,Premium,Annual,Organic,0.51,41.65,,,False,False,Active,Renewed,12,499.8
RC-02966,2024-02-18,Q1 2024,Asia-Pacific,Individual,Standard,Monthly,Paid Search,0.726,29,1,Alternative,False,False,Churned,Churned,1,29
RC-02967,2024-04-23,Q2 2024,Asia-Pacific,Individual,Basic,Monthly,Organic,0.873,15,4,Product experience,False,False,Active,Churned,4,60
RC-02968,2024-09-20,Q3 2024,Asia-Pacific,Freelancer,Premium,Monthly,Referral,0.59,49,,,False,False,Active,Active,12,588
RC-02969,2024-08-16,Q3 2024,Europe,Small Business,Basic,Monthly,Partner,0.407,15,,,False,False,Active,Active,12,180
RC-02970,2024-12-19,Q4 2024,Europe,Freelancer,Enterprise,Annual,Referral,0.84,75.65,,,False,False,Active,Renewed,12,907.8
RC-02971,2024-07-03,Q3 2024,North America,Small Business,Basic,Annual,Social,0.46,12.75,7,Product experience,True,False,At risk,Churned,7,89.25
RC-02972,2024-12-25,Q4 2024,Other,Individual,Standard,Monthly,Social,0.413,29,,,False,False,Active,Active,12,348
RC-02973,2024-06-03,Q2 2024,Asia-Pacific,Individual,Standard,Annual,Social,0.634,24.65,,,False,False,Active,Renewed,12,295.8
RC-02974,2024-10-18,Q4 2024,North America,Freelancer,Enterprise,Monthly,Social,0.446,89,,,False,False,Active,Active,12,1068
RC-02975,2024-12-26,Q4 2024,North America,Freelancer,Basic,Monthly,Social,0.593,15,,,False,False,Active,Active,12,180
RC-02976,2024-02-27,Q1 2024,Asia-Pacific,Individual,Premium,Monthly,Partner,0.806,49,,,False,False,Active,Active,12,588
RC-02977,2024-05-06,Q2 2024,Europe,Individual,Basic,Monthly,Referral,0.19,15,12,Low usage,True,False,At risk,Churned,12,180
RC-02978,2024-12-20,Q4 2024,Europe,Small Business,Basic,Monthly,Organic,0.296,15,12,Price,True,False,At risk,Churned,12,180
RC-02979,2024-03-03,Q1 2024,North America,Small Business,Enterprise,Monthly,Organic,0.701,89,,,False,False,Active,Active,12,1068
RC-02980,2024-11-16,Q4 2024,North America,Small Business,Standard,Monthly,Paid Search,0.579,29,,,False,False,Active,Active,12,348
RC-02981,2024-11-08,Q4 2024,Europe,Individual,Standard,Annual,Referral,0.33,24.65,,,False,True,Active,At risk,12,295.8
RC-02982,2024-12-22,Q4 2024,North America,Small Business,Standard,Annual,Organic,0.401,24.65,,,False,False,Active,Renewed,12,295.8
RC-02983,2024-03-08,Q1 2024,Other,Individual,Standard,Monthly,Social,0.684,29,8,Alternative,False,False,Active,Churned,8,232
RC-02984,2024-01-21,Q1 2024,Asia-Pacific,Small Business,Basic,Monthly,Referral,0.701,15,3,Product experience,False,False,Churned,Churned,3,45
RC-02985,2024-12-12,Q4 2024,Europe,Individual,Premium,Annual,Referral,0.88,41.65,,,False,False,Active,Renewed,12,499.8
RC-02986,2024-04-03,Q2 2024,North America,Individual,Standard,Monthly,Referral,0.35,29,,,False,False,Active,Active,12,348
RC-02987,2024-11-10,Q4 2024,Asia-Pacific,Freelancer,Basic,Monthly,Organic,0.264,15,,,True,True,At risk,At risk,12,180
RC-02988,2024-01-11,Q1 2024,North America,Small Business,Basic,Monthly,Social,0.562,15,,,False,False,Active,Active,12,180
RC-02989,2024-06-12,Q2 2024,North America,Individual,Standard,Monthly,Organic,0.687,29,,,True,False,At risk,Active,12,348
RC-02990,2024-12-17,Q4 2024,Other,Individual,Basic,Annual,Organic,0.564,12.75,,,False,False,Active,Renewed,12,153.0
RC-02991,2024-10-04,Q4 2024,Other,Freelancer,Premium,Annual,Organic,0.379,41.65,6,Alternative,False,False,Active,Churned,6,249.9
RC-02992,2024-03-06,Q1 2024,Asia-Pacific,Small Business,Standard,Monthly,Paid Search,0.641,29,6,Product experience,False,False,Active,Churned,6,174
RC-02993,2024-09-18,Q3 2024,North America,Freelancer,Standard,Annual,Paid Search,0.687,24.65,,,False,False,Active,Renewed,12,295.8
RC-02994,2024-02-04,Q1 2024,North America,Individual,Enterprise,Annual,Referral,0.495,75.65,,,False,False,Active,Renewed,12,907.8
RC-02995,2024-11-27,Q4 2024,Asia-Pacific,Team,Standard,Annual,Paid Search,0.378,24.65,3,Product experience,False,False,Churned,Churned,3,73.95
RC-02996,2024-04-23,Q2 2024,Other,Freelancer,Standard,Annual,Paid Search,0.78,24.65,,,True,False,At risk,Renewed,12,295.8
RC-02997,2024-12-16,Q4 2024,North America,Freelancer,Basic,Monthly,Referral,0.868,15,,,False,True,Active,At risk,12,180
RC-02998,2024-05-15,Q2 2024,North America,Individual,Basic,Monthly,Organic,0.664,15,,,False,True,Active,At risk,12,180
RC-02999,2024-05-19,Q2 2024,Europe,Team,Standard,Monthly,Referral,0.855,29,,,False,False,Active,Active,12,348
RC-03000,2024-12-25,Q4 2024,Europe,Individual,Standard,Monthly,Referral,0.715,29,,,False,False,Active,Active,12,348
RC-03001,2024-04-21,Q2 2024,North America,Freelancer,Basic,Monthly,Referral,0.527,15,,,False,True,Active,At risk,12,180
RC-03002,2024-07-23,Q3 2024,North America,Freelancer,Basic,Monthly,Referral,0.596,15,,,False,False,Active,Active,12,180
RC-03003,2024-06-01,Q2 2024,North America,Individual,Standard,Monthly,Organic,0.707,29,,,False,False,Active,Active,12,348
RC-03004,2024-09-17,Q3 2024,North America,Individual,Basic,Monthly,Paid Search,0.904,15,12,Product experience,False,False,Active,Churned,12,180
RC-03005,2024-05-18,Q2 2024,Europe,Small Business,Basic,Monthly,Social,0.986,15,,,False,False,Active,Active,12,180
RC-03006,2024-05-11,Q2 2024,North America,Individual,Premium,Annual,Organic,0.378,41.65,,,False,False,Active,Renewed,12,499.8
RC-03007,2024-11-22,Q4 2024,Europe,Individual,Standard,Annual,Paid Search,0.767,24.65,,,False,False,Active,Renewed,12,295.8
RC-03008,2024-01-02,Q1 2024,Other,Individual,Basic,Monthly,Referral,0.836,15,2,Alternative,False,False,Churned,Churned,2,30
RC-03009,2024-06-24,Q2 2024,Europe,Individual,Basic,Annual,Organic,0.182,12.75,1,Price,False,False,Churned,Churned,1,12.75
RC-03010,2024-01-08,Q1 2024,Asia-Pacific,Individual,Basic,Monthly,Paid Search,0.664,15,12,Price,False,False,Active,Churned,12,180
RC-03011,2024-03-26,Q1 2024,North America,Individual,Basic,Annual,Organic,0.579,12.75,,,False,False,Active,Renewed,12,153.0
RC-03012,2024-07-06,Q3 2024,North America,Small Business,Standard,Monthly,Paid Search,0.209,29,,,True,True,At risk,At risk,12,348
RC-03013,2024-06-10,Q2 2024,Asia-Pacific,Individual,Basic,Monthly,Referral,0.908,15,,,False,False,Active,Active,12,180
RC-03014,2024-08-07,Q3 2024,North America,Small Business,Basic,Monthly,Partner,0.732,15,,,False,False,Active,Active,12,180
RC-03015,2024-04-13,Q2 2024,Asia-Pacific,Individual,Standard,Monthly,Social,0.41,29,,,True,False,At risk,Active,12,348
RC-03016,2024-04-08,Q2 2024,Europe,Freelancer,Premium,Monthly,Organic,0.418,49,,,False,False,Active,Active,12,588
RC-03017,2024-06-23,Q2 2024,North America,Freelancer,Premium,Annual,Referral,0.503,41.65,3,Alternative,False,False,Churned,Churned,3,124.95
RC-03018,2024-05-16,Q2 2024,Other,Individual,Enterprise,Annual,Referral,0.547,75.65,,,False,False,Active,Renewed,12,907.8
RC-03019,2024-01-04,Q1 2024,Asia-Pacific,Individual,Basic,Monthly,Referral,0.196,15,7,Product experience,True,False,At risk,Churned,7,105
RC-03020,2024-07-25,Q3 2024,Europe,Small Business,Premium,Monthly,Referral,0.289,49,,,True,True,At risk,At risk,12,588
RC-03021,2024-10-13,Q4 2024,Europe,Small Business,Enterprise,Monthly,Referral,0.358,89,,,False,False,Active,Active,12,1068
RC-03022,2024-01-09,Q1 2024,Europe,Team,Basic,Monthly,Organic,0.313,15,7,Price,True,False,At risk,Churned,7,105
RC-03023,2024-10-11,Q4 2024,Other,Small Business,Basic,Monthly,Paid Search,0.656,15,,,False,False,Active,Active,12,180
RC-03024,2024-02-03,Q1 2024,Asia-Pacific,Individual,Basic,Monthly,Paid Search,0.757,15,,,False,False,Active,Active,12,180
RC-03025,2024-10-01,Q4 2024,North America,Individual,Standard,Monthly,Organic,0.128,29,,,True,True,At risk,At risk,12,348
RC-03026,2024-07-13,Q3 2024,North America,Team,Standard,Monthly,Paid Search,0.866,29,,,False,False,Active,Active,12,348
RC-03027,2024-02-10,Q1 2024,Europe,Freelancer,Premium,Monthly,Organic,0.704,49,,,False,False,Active,Active,12,588
RC-03028,2024-10-08,Q4 2024,Asia-Pacific,Small Business,Standard,Monthly,Social,0.902,29,10,Price,False,False,Active,Churned,10,290
RC-03029,2024-11-26,Q4 2024,Asia-Pacific,Small Business,Standard,Monthly,Referral,0.603,29,,,False,False,Active,Active,12,348
RC-03030,2024-11-22,Q4 2024,North America,Freelancer,Standard,Monthly,Paid Search,0.664,29,8,Price,False,False,Active,Churned,8,232
RC-03031,2024-03-13,Q1 2024,Other,Individual,Basic,Monthly,Paid Search,0.427,15,6,Alternative,False,False,Active,Churned,6,90
RC-03032,2024-03-10,Q1 2024,North America,Small Business,Standard,Annual,Organic,0.704,24.65,9,Alternative,False,False,Active,Churned,9,221.85
RC-03033,2024-04-03,Q2 2024,North America,Individual,Standard,Monthly,Paid Search,0.564,29,,,False,True,Active,At risk,12,348
RC-03034,2024-11-16,Q4 2024,Europe,Team,Enterprise,Monthly,Referral,0.415,89,,,False,False,Active,Active,12,1068
RC-03035,2024-11-15,Q4 2024,North America,Team,Basic,Monthly,Social,0.628,15,12,Low usage,False,False,Active,Churned,12,180
RC-03036,2024-11-07,Q4 2024,Europe,Small Business,Premium,Monthly,Paid Search,0.645,49,,,False,True,Active,At risk,12,588
RC-03037,2024-03-15,Q1 2024,North America,Small Business,Basic,Monthly,Organic,0.418,15,,,False,False,Active,Active,12,180
RC-03038,2024-04-09,Q2 2024,North America,Freelancer,Standard,Annual,Partner,0.427,24.65,1,Price,False,False,Churned,Churned,1,24.65
RC-03039,2024-12-14,Q4 2024,Asia-Pacific,Small Business,Standard,Annual,Referral,0.14,24.65,7,Product experience,True,False,At risk,Churned,7,172.55
RC-03040,2024-05-28,Q2 2024,North America,Team,Standard,Annual,Organic,0.197,24.65,,,True,True,At risk,At risk,12,295.8
RC-03041,2024-09-08,Q3 2024,Other,Individual,Basic,Monthly,Paid Search,0.821,15,,,False,False,Active,Active,12,180
RC-03042,2024-09-14,Q3 2024,North America,Individual,Standard,Monthly,Organic,0.348,29,,,False,False,Active,Active,12,348
RC-03043,2024-11-04,Q4 2024,Europe,Individual,Basic,Annual,Paid Search,0.393,12.75,,,False,False,Active,Renewed,12,153.0
RC-03044,2024-08-19,Q3 2024,Asia-Pacific,Individual,Standard,Monthly,Organic,0.626,29,,,False,False,Active,Active,12,348
RC-03045,2024-10-09,Q4 2024,Europe,Small Business,Basic,Monthly,Paid Search,0.36,15,3,Payment issue,False,False,Churned,Churned,3,45
RC-03046,2024-03-15,Q1 2024,Europe,Small Business,Standard,Annual,Social,0.688,24.65,7,Low usage,False,False,Active,Churned,7,172.55
RC-03047,2024-12-23,Q4 2024,Europe,Individual,Enterprise,Annual,Paid Search,0.644,75.65,,,False,True,Active,At risk,12,907.8
RC-03048,2024-07-08,Q3 2024,North America,Small Business,Premium,Monthly,Referral,0.112,49,,,True,True,At risk,At risk,12,588
RC-03049,2024-04-04,Q2 2024,North America,Freelancer,Premium,Annual,Organic,0.415,41.65,,,False,True,Active,At risk,12,499.8
RC-03050,2024-11-19,Q4 2024,Asia-Pacific,Small Business,Basic,Annual,Organic,0.406,12.75,,,False,False,Active,Renewed,12,153.0
RC-03051,2024-02-13,Q1 2024,North America,Individual,Standard,Annual,Organic,0.895,24.65,,,False,False,Active,Renewed,12,295.8
RC-03052,2024-01-01,Q1 2024,North America,Small Business,Standard,Annual,Organic,0.278,24.65,,,True,True,At risk,At risk,12,295.8
RC-03053,2024-06-11,Q2 2024,Europe,Freelancer,Basic,Monthly,Organic,0.77,15,,,False,False,Active,Active,12,180
RC-03054,2024-09-21,Q3 2024,Europe,Individual,Basic,Monthly,Organic,0.66,15,,,False,False,Active,Active,12,180
RC-03055,2024-12-17,Q4 2024,North America,Team,Enterprise,Monthly,Referral,0.433,89,,,False,False,Active,Active,12,1068
RC-03056,2024-04-09,Q2 2024,Asia-Pacific,Individual,Basic,Monthly,Partner,0.759,15,3,Low usage,False,False,Churned,Churned,3,45
RC-03057,2024-01-08,Q1 2024,Asia-Pacific,Individual,Basic,Monthly,Partner,0.376,15,,,False,False,Active,Active,12,180
RC-03058,2024-01-27,Q1 2024,North America,Individual,Standard,Monthly,Partner,0.305,29,,,True,True,At risk,At risk,12,348
RC-03059,2024-06-09,Q2 2024,North America,Freelancer,Basic,Monthly,Organic,0.654,15,,,False,False,Active,Active,12,180
RC-03060,2024-11-20,Q4 2024,Europe,Small Business,Basic,Monthly,Organic,0.559,15,,,False,False,Active,Active,12,180
RC-03061,2024-09-05,Q3 2024,Europe,Small Business,Enterprise,Monthly,Paid Search,0.969,89,,,False,True,Active,At risk,12,1068
RC-03062,2024-01-17,Q1 2024,Europe,Individual,Premium,Annual,Paid Search,0.913,41.65,,,False,False,Active,Renewed,12,499.8
RC-03063,2024-02-27,Q1 2024,Asia-Pacific,Freelancer,Premium,Annual,Paid Search,0.748,41.65,5,Alternative,False,False,Active,Churned,5,208.25
RC-03064,2024-03-20,Q1 2024,Asia-Pacific,Individual,Standard,Monthly,Organic,0.161,29,,,True,True,At risk,At risk,12,348
RC-03065,2024-02-11,Q1 2024,Other,Individual,Standard,Monthly,Paid Search,0.722,29,,,False,False,Active,Active,12,348
RC-03066,2024-11-15,Q4 2024,North America,Freelancer,Premium,Annual,Organic,0.953,41.65,,,False,False,Active,Renewed,12,499.8
RC-03067,2024-01-13,Q1 2024,North America,Small Business,Basic,Monthly,Partner,0.491,15,,,False,False,Active,Active,12,180
RC-03068,2024-09-01,Q3 2024,North America,Freelancer,Standard,Monthly,Social,0.721,29,1,Low usage,False,False,Churned,Churned,1,29
RC-03069,2024-03-15,Q1 2024,Europe,Individual,Standard,Annual,Organic,0.578,24.65,2,Low usage,False,False,Churned,Churned,2,49.3
RC-03070,2024-05-28,Q2 2024,Other,Freelancer,Basic,Monthly,Organic,0.632,15,,,False,False,Active,Active,12,180
RC-03071,2024-12-19,Q4 2024,Europe,Individual,Premium,Annual,Partner,0.804,41.65,,,False,False,Active,Renewed,12,499.8
RC-03072,2024-12-24,Q4 2024,Europe,Small Business,Premium,Annual,Paid Search,0.771,41.65,10,Low usage,False,False,Active,Churned,10,416.5
RC-03073,2024-06-04,Q2 2024,North America,Individual,Premium,Annual,Social,0.877,41.65,,,False,False,Active,Renewed,12,499.8
RC-03074,2024-09-06,Q3 2024,Europe,Team,Standard,Monthly,Paid Search,0.288,29,,,True,True,At risk,At risk,12,348
RC-03075,2024-06-01,Q2 2024,Europe,Small Business,Standard,Annual,Organic,0.754,24.65,,,False,False,Active,Renewed,12,295.8
RC-03076,2024-11-19,Q4 2024,Asia-Pacific,Freelancer,Standard,Monthly,Paid Search,0.746,29,,,False,False,Active,Active,12,348
RC-03077,2024-01-06,Q1 2024,Asia-Pacific,Small Business,Basic,Monthly,Organic,0.544,15,,,False,False,Active,Active,12,180
RC-03078,2024-06-01,Q2 2024,Asia-Pacific,Individual,Standard,Annual,Partner,0.611,24.65,,,False,False,Active,Renewed,12,295.8
RC-03079,2024-11-18,Q4 2024,Other,Individual,Basic,Monthly,Organic,0.724,15,10,Product experience,False,False,Active,Churned,10,150
RC-03080,2024-03-01,Q1 2024,North America,Individual,Standard,Monthly,Partner,0.622,29,,,False,False,Active,Active,12,348
RC-03081,2024-12-07,Q4 2024,Europe,Individual,Basic,Monthly,Referral,0.883,15,,,False,False,Active,Active,12,180
RC-03082,2024-06-17,Q2 2024,Europe,Individual,Basic,Monthly,Organic,0.864,15,,,False,False,Active,Active,12,180
RC-03083,2024-07-18,Q3 2024,Europe,Individual,Standard,Monthly,Organic,0.811,29,,,False,False,Active,Active,12,348
RC-03084,2024-12-21,Q4 2024,North America,Individual,Standard,Monthly,Organic,0.932,29,,,False,True,Active,At risk,12,348
RC-03085,2024-01-14,Q1 2024,Other,Small Business,Standard,Monthly,Partner,0.407,29,,,False,False,Active,Active,12,348
RC-03086,2024-11-26,Q4 2024,Europe,Individual,Premium,Annual,Social,0.148,41.65,,,True,True,At risk,At risk,12,499.8
RC-03087,2024-11-22,Q4 2024,Asia-Pacific,Small Business,Premium,Annual,Social,0.82,41.65,,,False,True,Active,At risk,12,499.8
RC-03088,2024-02-03,Q1 2024,North America,Individual,Basic,Monthly,Organic,0.61,15,8,Changed needs,False,False,Active,Churned,8,120
RC-03089,2024-12-22,Q4 2024,North America,Individual,Standard,Monthly,Partner,0.464,29,,,False,False,Active,Active,12,348
RC-03090,2024-06-17,Q2 2024,North America,Individual,Premium,Annual,Organic,0.694,41.65,,,False,False,Active,Renewed,12,499.8
RC-03091,2024-06-15,Q2 2024,Asia-Pacific,Freelancer,Basic,Monthly,Paid Search,0.773,15,,,False,False,Active,Active,12,180
RC-03092,2024-04-10,Q2 2024,Asia-Pacific,Individual,Standard,Annual,Paid Search,0.741,24.65,,,False,False,Active,Renewed,12,295.8
RC-03093,2024-04-25,Q2 2024,Other,Small Business,Premium,Monthly,Referral,0.795,49,,,False,False,Active,Active,12,588
RC-03094,2024-11-05,Q4 2024,North America,Small Business,Premium,Annual,Referral,0.56,41.65,,,False,False,Active,Renewed,12,499.8
RC-03095,2024-12-02,Q4 2024,Europe,Team,Standard,Annual,Organic,0.27,24.65,,,True,True,At risk,At risk,12,295.8
RC-03096,2024-07-28,Q3 2024,Other,Individual,Standard,Monthly,Organic,0.734,29,,,False,False,Active,Active,12,348
RC-03097,2024-06-24,Q2 2024,North America,Small Business,Standard,Annual,Paid Search,0.271,24.65,,,True,True,At risk,At risk,12,295.8
RC-03098,2024-12-25,Q4 2024,Europe,Small Business,Standard,Monthly,Organic,0.844,29,,,False,False,Active,Active,12,348
RC-03099,2024-04-02,Q2 2024,Asia-Pacific,Individual,Enterprise,Annual,Paid Search,0.84,75.65,,,False,False,Active,Renewed,12,907.8
RC-03100,2024-01-23,Q1 2024,North America,Freelancer,Basic,Monthly,Referral,0.708,15,,,False,False,Active,Active,12,180
RC-03101,2024-08-16,Q3 2024,Europe,Individual,Standard,Annual,Paid Search,0.224,24.65,,,True,True,At risk,At risk,12,295.8
RC-03102,2024-05-17,Q2 2024,Asia-Pacific,Small Business,Basic,Monthly,Organic,0.494,15,11,Alternative,False,False,Active,Churned,11,165
RC-03103,2024-05-20,Q2 2024,Asia-Pacific,Individual,Premium,Annual,Referral,0.632,41.65,,,False,False,Active,Renewed,12,499.8
RC-03104,2024-06-11,Q2 2024,Asia-Pacific,Freelancer,Premium,Annual,Organic,0.752,41.65,,,False,False,Active,Renewed,12,499.8
RC-03105,2024-03-06,Q1 2024,Asia-Pacific,Freelancer,Standard,Monthly,Referral,0.768,29,,,False,False,Active,Active,12,348
RC-03106,2024-08-12,Q3 2024,Europe,Individual,Premium,Annual,Organic,0.282,41.65,1,Low usage,False,False,Churned,Churned,1,41.65
RC-03107,2024-04-22,Q2 2024,Other,Individual,Premium,Monthly,Referral,0.503,49,8,Payment issue,False,False,Active,Churned,8,392
RC-03108,2024-08-14,Q3 2024,Other,Freelancer,Basic,Monthly,Organic,0.22,15,,,True,True,At risk,At risk,12,180
RC-03109,2024-04-07,Q2 2024,Asia-Pacific,Individual,Standard,Annual,Partner,0.606,24.65,,,False,False,Active,Renewed,12,295.8
RC-03110,2024-03-21,Q1 2024,North America,Individual,Standard,Monthly,Organic,0.814,29,,,False,False,Active,Active,12,348
RC-03111,2024-04-13,Q2 2024,Europe,Individual,Enterprise,Annual,Paid Search,0.42,75.65,,,False,False,Active,Renewed,12,907.8
RC-03112,2024-07-08,Q3 2024,North America,Individual,Basic,Monthly,Paid Search,0.478,15,2,Alternative,False,False,Churned,Churned,2,30
RC-03113,2024-09-19,Q3 2024,Asia-Pacific,Individual,Standard,Monthly,Social,0.569,29,,,False,False,Active,Active,12,348
RC-03114,2024-02-03,Q1 2024,North America,Freelancer,Standard,Monthly,Referral,0.128,29,3,Low usage,False,False,Churned,Churned,3,87
RC-03115,2024-05-25,Q2 2024,Other,Individual,Premium,Annual,Paid Search,0.818,41.65,,,False,False,Active,Renewed,12,499.8
RC-03116,2024-07-07,Q3 2024,Europe,Individual,Basic,Monthly,Organic,0.947,15,6,Low usage,False,False,Active,Churned,6,90
RC-03117,2024-12-16,Q4 2024,North America,Individual,Premium,Annual,Referral,0.067,41.65,,,True,True,At risk,At risk,12,499.8
RC-03118,2024-12-07,Q4 2024,Europe,Freelancer,Basic,Annual,Organic,0.836,12.75,,,False,False,Active,Renewed,12,153.0
RC-03119,2024-10-10,Q4 2024,Other,Freelancer,Enterprise,Annual,Organic,0.468,75.65,,,False,False,Active,Renewed,12,907.8
RC-03120,2024-05-10,Q2 2024,Asia-Pacific,Individual,Premium,Monthly,Paid Search,0.864,49,,,False,False,Active,Active,12,588
RC-03121,2024-10-11,Q4 2024,North America,Small Business,Enterprise,Monthly,Social,0.604,89,12,Price,False,False,Active,Churned,12,1068
RC-03122,2024-12-05,Q4 2024,North America,Freelancer,Basic,Annual,Organic,0.596,12.75,,,False,False,Active,Renewed,12,153.0
RC-03123,2024-11-04,Q4 2024,Asia-Pacific,Individual,Basic,Monthly,Social,0.673,15,3,Low usage,False,False,Churned,Churned,3,45
RC-03124,2024-07-23,Q3 2024,Asia-Pacific,Small Business,Premium,Monthly,Referral,0.901,49,,,False,False,Active,Active,12,588
RC-03125,2024-02-12,Q1 2024,Europe,Team,Premium,Annual,Paid Search,0.834,41.65,,,False,False,Active,Renewed,12,499.8
RC-03126,2024-11-18,Q4 2024,North America,Individual,Standard,Annual,Organic,0.785,24.65,,,False,False,Active,Renewed,12,295.8
RC-03127,2024-07-23,Q3 2024,Other,Individual,Basic,Monthly,Social,0.581,15,,,False,False,Active,Active,12,180
RC-03128,2024-08-20,Q3 2024,Asia-Pacific,Freelancer,Basic,Monthly,Organic,0.083,15,,,True,True,At risk,At risk,12,180
RC-03129,2024-12-15,Q4 2024,Europe,Team,Premium,Annual,Paid Search,0.47,41.65,,,False,True,Active,At risk,12,499.8
RC-03130,2024-03-28,Q1 2024,Asia-Pacific,Individual,Premium,Monthly,Referral,0.459,49,,,False,False,Active,Active,12,588
RC-03131,2024-02-21,Q1 2024,Europe,Small Business,Premium,Annual,Referral,0.655,41.65,,,False,False,Active,Renewed,12,499.8
RC-03132,2024-03-11,Q1 2024,North America,Team,Basic,Monthly,Partner,0.699,15,,,False,False,Active,Active,12,180
RC-03133,2024-12-10,Q4 2024,Asia-Pacific,Freelancer,Basic,Monthly,Organic,0.472,15,,,False,False,Active,Active,12,180
RC-03134,2024-11-03,Q4 2024,North America,Team,Premium,Annual,Referral,0.63,41.65,,,False,True,Active,At risk,12,499.8
RC-03135,2024-04-26,Q2 2024,North America,Small Business,Standard,Annual,Referral,0.643,24.65,,,False,False,Active,Renewed,12,295.8
RC-03136,2024-06-14,Q2 2024,Europe,Individual,Premium,Monthly,Social,0.801,49,,,True,False,At risk,Active,12,588
RC-03137,2024-08-25,Q3 2024,Europe,Freelancer,Basic,Monthly,Referral,0.751,15,,,False,False,Active,Active,12,180
RC-03138,2024-05-04,Q2 2024,North America,Team,Standard,Annual,Organic,0.347,24.65,,,False,False,Active,Renewed,12,295.8
RC-03139,2024-07-22,Q3 2024,North America,Individual,Premium,Monthly,Referral,0.788,49,,,False,False,Active,Active,12,588
RC-03140,2024-04-02,Q2 2024,Asia-Pacific,Individual,Premium,Annual,Organic,0.916,41.65,,,False,False,Active,Renewed,12,499.8
RC-03141,2024-02-10,Q1 2024,North America,Team,Basic,Monthly,Organic,0.849,15,,,False,False,Active,Active,12,180
RC-03142,2024-10-27,Q4 2024,Europe,Team,Enterprise,Annual,Paid Search,0.812,75.65,,,False,False,Active,Renewed,12,907.8
RC-03143,2024-11-20,Q4 2024,North America,Individual,Basic,Monthly,Referral,0.876,15,,,False,False,Active,Active,12,180
RC-03144,2024-02-14,Q1 2024,North America,Small Business,Standard,Annual,Social,0.671,24.65,,,False,False,Active,Renewed,12,295.8
RC-03145,2024-03-28,Q1 2024,Europe,Freelancer,Standard,Monthly,Organic,0.895,29,,,False,True,Active,At risk,12,348
RC-03146,2024-09-01,Q3 2024,North America,Individual,Standard,Monthly,Referral,0.778,29,,,False,False,Active,Active,12,348
RC-03147,2024-03-08,Q1 2024,Asia-Pacific,Individual,Standard,Monthly,Paid Search,0.582,29,,,False,False,Active,Active,12,348
RC-03148,2024-08-07,Q3 2024,Asia-Pacific,Freelancer,Standard,Annual,Organic,0.329,24.65,,,True,True,At risk,At risk,12,295.8
RC-03149,2024-11-03,Q4 2024,North America,Small Business,Basic,Monthly,Referral,0.409,15,2,Price,False,False,Churned,Churned,2,30
RC-03150,2024-08-28,Q3 2024,North America,Freelancer,Standard,Monthly,Paid Search,0.603,29,,,False,False,Active,Active,12,348
RC-03151,2024-06-06,Q2 2024,North America,Individual,Standard,Annual,Organic,0.686,24.65,,,False,False,Active,Renewed,12,295.8
RC-03152,2024-11-22,Q4 2024,North America,Small Business,Basic,Monthly,Paid Search,0.444,15,,,False,False,Active,Active,12,180
RC-03153,2024-11-02,Q4 2024,Asia-Pacific,Freelancer,Premium,Annual,Social,0.781,41.65,,,False,False,Active,Renewed,12,499.8
RC-03154,2024-06-08,Q2 2024,North America,Individual,Premium,Annual,Paid Search,0.554,41.65,,,False,False,Active,Renewed,12,499.8
RC-03155,2024-08-20,Q3 2024,North America,Individual,Standard,Monthly,Paid Search,0.742,29,5,Price,False,False,Active,Churned,5,145
RC-03156,2024-11-09,Q4 2024,Europe,Small Business,Basic,Monthly,Referral,0.714,15,,,False,False,Active,Active,12,180
RC-03157,2024-11-25,Q4 2024,Asia-Pacific,Small Business,Standard,Monthly,Paid Search,0.332,29,,,False,True,Active,At risk,12,348
RC-03158,2024-08-08,Q3 2024,North America,Small Business,Premium,Annual,Paid Search,0.223,41.65,,,True,True,At risk,At risk,12,499.8
RC-03159,2024-04-04,Q2 2024,Other,Individual,Standard,Monthly,Referral,0.516,29,,,False,False,Active,Active,12,348
RC-03160,2024-05-27,Q2 2024,Asia-Pacific,Individual,Premium,Annual,Paid Search,0.564,41.65,,,False,False,Active,Renewed,12,499.8
RC-03161,2024-06-05,Q2 2024,North America,Individual,Basic,Monthly,Paid Search,0.719,15,,,False,True,Active,At risk,12,180
RC-03162,2024-02-05,Q1 2024,Asia-Pacific,Small Business,Basic,Monthly,Organic,0.389,15,1,Alternative,False,False,Churned,Churned,1,15
RC-03163,2024-07-15,Q3 2024,North America,Individual,Premium,Annual,Referral,0.686,41.65,,,False,False,Active,Renewed,12,499.8
RC-03164,2024-06-13,Q2 2024,Other,Small Business,Premium,Annual,Paid Search,0.809,41.65,,,False,False,Active,Renewed,12,499.8
RC-03165,2024-12-13,Q4 2024,North America,Freelancer,Basic,Monthly,Social,0.624,15,1,Alternative,False,False,Churned,Churned,1,15
RC-03166,2024-10-08,Q4 2024,Asia-Pacific,Individual,Basic,Monthly,Organic,0.584,15,,,False,False,Active,Active,12,180
RC-03167,2024-12-10,Q4 2024,Asia-Pacific,Small Business,Standard,Monthly,Organic,0.859,29,,,False,False,Active,Active,12,348
RC-03168,2024-10-01,Q4 2024,Europe,Freelancer,Standard,Monthly,Organic,0.87,29,,,False,False,Active,Active,12,348
RC-03169,2024-12-27,Q4 2024,Europe,Individual,Basic,Monthly,Paid Search,0.889,15,,,False,False,Active,Active,12,180
RC-03170,2024-07-12,Q3 2024,Europe,Freelancer,Standard,Monthly,Social,0.409,29,,,False,False,Active,Active,12,348
RC-03171,2024-03-23,Q1 2024,Europe,Freelancer,Basic,Monthly,Organic,0.576,15,,,False,False,Active,Active,12,180
RC-03172,2024-05-08,Q2 2024,North America,Individual,Premium,Annual,Social,0.946,41.65,,,False,False,Active,Renewed,12,499.8
RC-03173,2024-03-24,Q1 2024,Asia-Pacific,Freelancer,Standard,Monthly,Partner,0.413,29,10,Low usage,False,False,Active,Churned,10,290
RC-03174,2024-12-19,Q4 2024,North America,Individual,Basic,Monthly,Social,0.254,15,2,Price,False,False,Churned,Churned,2,30
RC-03175,2024-11-02,Q4 2024,Europe,Individual,Standard,Monthly,Paid Search,0.378,29,,,False,False,Active,Active,12,348
RC-03176,2024-03-21,Q1 2024,Europe,Individual,Standard,Monthly,Paid Search,0.483,29,,,False,False,Active,Active,12,348
RC-03177,2024-05-07,Q2 2024,North America,Individual,Basic,Monthly,Social,0.359,15,8,Payment issue,False,False,Active,Churned,8,120
RC-03178,2024-03-16,Q1 2024,Asia-Pacific,Team,Standard,Annual,Referral,0.554,24.65,,,False,False,Active,Renewed,12,295.8
RC-03179,2024-04-20,Q2 2024,Asia-Pacific,Individual,Basic,Monthly,Partner,0.927,15,,,False,False,Active,Active,12,180
RC-03180,2024-07-17,Q3 2024,North America,Individual,Enterprise,Annual,Organic,0.738,75.65,,,False,False,Active,Renewed,12,907.8
RC-03181,2024-04-12,Q2 2024,Europe,Individual,Standard,Monthly,Organic,0.553,29,,,False,False,Active,Active,12,348
RC-03182,2024-10-11,Q4 2024,Other,Individual,Standard,Annual,Organic,0.3,24.65,1,Payment issue,False,False,Churned,Churned,1,24.65
RC-03183,2024-04-16,Q2 2024,North America,Team,Premium,Annual,Social,0.757,41.65,,,False,False,Active,Renewed,12,499.8
RC-03184,2024-11-28,Q4 2024,Europe,Small Business,Premium,Monthly,Organic,0.233,49,2,Low usage,False,False,Churned,Churned,2,98
RC-03185,2024-10-14,Q4 2024,Europe,Small Business,Standard,Monthly,Paid Search,0.368,29,,,False,False,Active,Active,12,348
RC-03186,2024-01-08,Q1 2024,North America,Individual,Standard,Monthly,Partner,0.161,29,,,True,True,At risk,At risk,12,348
RC-03187,2024-11-17,Q4 2024,Europe,Small Business,Enterprise,Monthly,Organic,0.676,89,8,Price,False,False,Active,Churned,8,712
RC-03188,2024-08-10,Q3 2024,Europe,Small Business,Standard,Annual,Social,0.772,24.65,,,False,False,Active,Renewed,12,295.8
RC-03189,2024-06-22,Q2 2024,North America,Individual,Standard,Annual,Organic,0.775,24.65,2,Price,False,False,Churned,Churned,2,49.3
RC-03190,2024-05-01,Q2 2024,Europe,Individual,Standard,Monthly,Organic,0.495,29,,,False,False,Active,Active,12,348
RC-03191,2024-08-02,Q3 2024,North America,Individual,Premium,Monthly,Referral,0.348,49,7,Payment issue,False,False,Active,Churned,7,343
RC-03192,2024-10-27,Q4 2024,Europe,Individual,Standard,Monthly,Organic,0.413,29,10,Low usage,False,False,Active,Churned,10,290
RC-03193,2024-12-10,Q4 2024,Europe,Small Business,Standard,Annual,Organic,0.302,24.65,,,True,True,At risk,At risk,12,295.8
RC-03194,2024-08-15,Q3 2024,Europe,Small Business,Standard,Annual,Social,0.644,24.65,,,False,False,Active,Renewed,12,295.8
RC-03195,2024-03-06,Q1 2024,Europe,Individual,Basic,Monthly,Organic,0.764,15,,,False,False,Active,Active,12,180
RC-03196,2024-11-15,Q4 2024,Asia-Pacific,Individual,Standard,Annual,Partner,0.359,24.65,,,False,False,Active,Renewed,12,295.8
RC-03197,2024-02-27,Q1 2024,North America,Small Business,Standard,Monthly,Referral,0.672,29,,,False,False,Active,Active,12,348
RC-03198,2024-12-06,Q4 2024,Other,Small Business,Standard,Monthly,Paid Search,0.504,29,,,False,False,Active,Active,12,348
RC-03199,2024-08-09,Q3 2024,Europe,Individual,Premium,Monthly,Paid Search,0.475,49,,,False,False,Active,Active,12,588
RC-03200,2024-03-09,Q1 2024,North America,Small Business,Basic,Monthly,Paid Search,0.663,15,,,False,False,Active,Active,12,180
RC-03201,2024-01-01,Q1 2024,Europe,Individual,Standard,Annual,Paid Search,0.274,24.65,,,True,True,At risk,At risk,12,295.8
RC-03202,2024-05-19,Q2 2024,Asia-Pacific,Individual,Basic,Monthly,Referral,0.869,15,,,False,False,Active,Active,12,180
RC-03203,2024-03-19,Q1 2024,North America,Small Business,Standard,Monthly,Partner,0.753,29,,,False,False,Active,Active,12,348
RC-03204,2024-03-01,Q1 2024,Europe,Individual,Basic,Monthly,Social,0.911,15,,,False,False,Active,Active,12,180
RC-03205,2024-12-23,Q4 2024,Europe,Individual,Standard,Monthly,Social,0.852,29,,,False,False,Active,Active,12,348
RC-03206,2024-07-13,Q3 2024,Europe,Individual,Standard,Monthly,Paid Search,0.482,29,,,False,False,Active,Active,12,348
RC-03207,2024-05-21,Q2 2024,Europe,Individual,Premium,Annual,Partner,0.646,41.65,,,False,False,Active,Renewed,12,499.8
RC-03208,2024-11-22,Q4 2024,North America,Small Business,Basic,Annual,Social,0.412,12.75,1,Alternative,False,False,Churned,Churned,1,12.75
RC-03209,2024-10-21,Q4 2024,Europe,Individual,Standard,Annual,Organic,0.615,24.65,,,True,False,At risk,Renewed,12,295.8
RC-03210,2024-07-16,Q3 2024,North America,Team,Premium,Annual,Social,0.384,41.65,,,False,False,Active,Renewed,12,499.8
RC-03211,2024-09-21,Q3 2024,Europe,Team,Basic,Monthly,Organic,0.488,15,3,Changed needs,False,False,Churned,Churned,3,45
RC-03212,2024-09-01,Q3 2024,Other,Individual,Premium,Monthly,Referral,0.775,49,,,False,True,Active,At risk,12,588
RC-03213,2024-12-14,Q4 2024,Europe,Small Business,Basic,Monthly,Paid Search,0.525,15,,,False,False,Active,Active,12,180
RC-03214,2024-01-18,Q1 2024,North America,Individual,Standard,Monthly,Organic,0.817,29,4,Price,False,False,Active,Churned,4,116
RC-03215,2024-08-26,Q3 2024,North America,Small Business,Basic,Monthly,Organic,0.707,15,4,Product experience,False,False,Active,Churned,4,60
RC-03216,2024-08-22,Q3 2024,Europe,Freelancer,Standard,Monthly,Organic,0.72,29,,,False,False,Active,Active,12,348
RC-03217,2024-01-01,Q1 2024,Asia-Pacific,Individual,Standard,Monthly,Paid Search,0.594,29,,,False,False,Active,Active,12,348
RC-03218,2024-03-23,Q1 2024,North America,Individual,Standard,Annual,Paid Search,0.692,24.65,1,Low usage,False,False,Churned,Churned,1,24.65
RC-03219,2024-03-28,Q1 2024,North America,Individual,Standard,Annual,Social,0.56,24.65,,,False,False,Active,Renewed,12,295.8
RC-03220,2024-02-22,Q1 2024,Europe,Small Business,Premium,Annual,Paid Search,0.547,41.65,,,False,False,Active,Renewed,12,499.8
RC-03221,2024-01-01,Q1 2024,Europe,Small Business,Standard,Annual,Referral,0.743,24.65,,,False,False,Active,Renewed,12,295.8
RC-03222,2024-02-15,Q1 2024,Europe,Small Business,Premium,Monthly,Paid Search,0.821,49,,,False,False,Active,Active,12,588
RC-03223,2024-12-25,Q4 2024,North America,Individual,Premium,Annual,Referral,0.532,41.65,,,False,False,Active,Renewed,12,499.8
RC-03224,2024-05-24,Q2 2024,Europe,Individual,Premium,Monthly,Organic,0.538,49,8,Price,False,False,Active,Churned,8,392
RC-03225,2024-05-17,Q2 2024,Europe,Small Business,Standard,Annual,Partner,0.413,24.65,,,False,False,Active,Renewed,12,295.8
RC-03226,2024-09-09,Q3 2024,Europe,Small Business,Basic,Annual,Organic,0.726,12.75,11,Alternative,False,False,Active,Churned,11,140.25
RC-03227,2024-03-12,Q1 2024,Asia-Pacific,Small Business,Basic,Monthly,Organic,0.325,15,1,Low usage,False,False,Churned,Churned,1,15
RC-03228,2024-02-28,Q1 2024,Asia-Pacific,Freelancer,Standard,Monthly,Paid Search,0.617,29,6,Price,False,False,Active,Churned,6,174
RC-03229,2024-01-16,Q1 2024,North America,Individual,Standard,Monthly,Paid Search,0.321,29,10,Price,True,False,At risk,Churned,10,290
RC-03230,2024-06-03,Q2 2024,North America,Freelancer,Basic,Annual,Organic,0.807,12.75,,,False,False,Active,Renewed,12,153.0
RC-03231,2024-08-27,Q3 2024,Europe,Individual,Basic,Monthly,Paid Search,0.846,15,,,False,False,Active,Active,12,180
RC-03232,2024-07-13,Q3 2024,Asia-Pacific,Individual,Basic,Annual,Referral,0.801,12.75,1,Price,False,False,Churned,Churned,1,12.75
RC-03233,2024-08-13,Q3 2024,North America,Individual,Basic,Monthly,Social,0.513,15,,,False,False,Active,Active,12,180
RC-03234,2024-04-25,Q2 2024,Europe,Small Business,Enterprise,Annual,Paid Search,0.493,75.65,2,Low usage,False,False,Churned,Churned,2,151.3
RC-03235,2024-12-06,Q4 2024,North America,Small Business,Standard,Monthly,Organic,0.522,29,,,False,False,Active,Active,12,348
RC-03236,2024-10-05,Q4 2024,Asia-Pacific,Individual,Standard,Monthly,Organic,0.924,29,4,Low usage,False,False,Active,Churned,4,116
RC-03237,2024-10-21,Q4 2024,North America,Individual,Premium,Annual,Paid Search,0.55,41.65,1,Changed needs,False,False,Churned,Churned,1,41.65
RC-03238,2024-03-18,Q1 2024,Europe,Freelancer,Enterprise,Annual,Referral,0.233,75.65,,,True,True,At risk,At risk,12,907.8
RC-03239,2024-02-23,Q1 2024,Asia-Pacific,Individual,Premium,Annual,Partner,0.471,41.65,,,True,False,At risk,Renewed,12,499.8
RC-03240,2024-01-20,Q1 2024,North America,Small Business,Basic,Monthly,Organic,0.381,15,2,Low usage,False,False,Churned,Churned,2,30
RC-03241,2024-03-21,Q1 2024,North America,Small Business,Standard,Monthly,Paid Search,0.617,29,2,Alternative,False,False,Churned,Churned,2,58
RC-03242,2024-06-23,Q2 2024,North America,Small Business,Standard,Monthly,Social,0.574,29,,,False,False,Active,Active,12,348
RC-03243,2024-01-03,Q1 2024,Other,Individual,Premium,Monthly,Paid Search,0.641,49,,,True,False,At risk,Active,12,588
RC-03244,2024-02-01,Q1 2024,North America,Individual,Basic,Monthly,Organic,0.431,15,,,False,False,Active,Active,12,180
RC-03245,2024-12-24,Q4 2024,North America,Individual,Standard,Monthly,Paid Search,0.639,29,,,True,False,At risk,Active,12,348
RC-03246,2024-01-16,Q1 2024,Asia-Pacific,Individual,Standard,Monthly,Referral,0.811,29,,,False,False,Active,Active,12,348
RC-03247,2024-11-03,Q4 2024,North America,Small Business,Standard,Monthly,Paid Search,0.451,29,8,Price,True,False,At risk,Churned,8,232
RC-03248,2024-02-24,Q1 2024,North America,Small Business,Premium,Monthly,Social,0.871,49,,,False,True,Active,At risk,12,588
RC-03249,2024-01-21,Q1 2024,North America,Small Business,Standard,Monthly,Paid Search,0.579,29,9,Low usage,False,False,Active,Churned,9,261
RC-03250,2024-08-12,Q3 2024,Europe,Individual,Premium,Annual,Organic,0.406,41.65,,,False,False,Active,Renewed,12,499.8
RC-03251,2024-09-08,Q3 2024,Asia-Pacific,Individual,Standard,Annual,Paid Search,0.416,24.65,,,False,False,Active,Renewed,12,295.8
RC-03252,2024-10-19,Q4 2024,Europe,Small Business,Standard,Monthly,Partner,0.789,29,,,False,False,Active,Active,12,348
RC-03253,2024-04-07,Q2 2024,North America,Freelancer,Standard,Monthly,Paid Search,0.567,29,,,False,False,Active,Active,12,348
RC-03254,2024-06-27,Q2 2024,Asia-Pacific,Small Business,Basic,Monthly,Partner,0.79,15,,,False,False,Active,Active,12,180
RC-03255,2024-05-26,Q2 2024,North America,Freelancer,Basic,Monthly,Referral,0.433,15,,,False,False,Active,Active,12,180
RC-03256,2024-03-17,Q1 2024,Asia-Pacific,Small Business,Basic,Monthly,Referral,0.279,15,,,True,True,At risk,At risk,12,180
RC-03257,2024-09-09,Q3 2024,Asia-Pacific,Individual,Basic,Monthly,Paid Search,0.704,15,7,Price,False,False,Active,Churned,7,105
RC-03258,2024-01-20,Q1 2024,North America,Freelancer,Basic,Monthly,Social,0.366,15,,,False,False,Active,Active,12,180
RC-03259,2024-07-10,Q3 2024,Asia-Pacific,Individual,Basic,Monthly,Organic,0.573,15,,,False,False,Active,Active,12,180
RC-03260,2024-04-04,Q2 2024,North America,Freelancer,Standard,Monthly,Paid Search,0.563,29,,,False,False,Active,Active,12,348
RC-03261,2024-08-24,Q3 2024,North America,Freelancer,Basic,Annual,Organic,0.537,12.75,,,False,False,Active,Renewed,12,153.0
RC-03262,2024-01-03,Q1 2024,Europe,Team,Premium,Monthly,Social,0.648,49,,,False,False,Active,Active,12,588
RC-03263,2024-11-12,Q4 2024,Other,Individual,Basic,Monthly,Organic,0.778,15,4,Low usage,False,False,Active,Churned,4,60
RC-03264,2024-04-02,Q2 2024,Asia-Pacific,Small Business,Enterprise,Annual,Organic,0.357,75.65,,,False,False,Active,Renewed,12,907.8
RC-03265,2024-08-26,Q3 2024,North America,Individual,Standard,Monthly,Organic,0.198,29,6,Alternative,True,False,At risk,Churned,6,174
RC-03266,2024-04-17,Q2 2024,North America,Small Business,Premium,Annual,Paid Search,0.652,41.65,,,False,False,Active,Renewed,12,499.8
RC-03267,2024-06-11,Q2 2024,Asia-Pacific,Small Business,Standard,Monthly,Organic,0.464,29,6,Alternative,False,False,Active,Churned,6,174
RC-03268,2024-12-21,Q4 2024,Europe,Small Business,Basic,Monthly,Paid Search,0.825,15,,,True,False,At risk,Active,12,180
RC-03269,2024-11-26,Q4 2024,North America,Individual,Premium,Monthly,Paid Search,0.569,49,,,False,False,Active,Active,12,588
RC-03270,2024-09-27,Q3 2024,North America,Freelancer,Basic,Monthly,Referral,0.518,15,,,False,False,Active,Active,12,180
RC-03271,2024-02-11,Q1 2024,Europe,Individual,Basic,Monthly,Referral,0.761,15,,,False,False,Active,Active,12,180
RC-03272,2024-04-20,Q2 2024,Other,Freelancer,Basic,Monthly,Referral,0.651,15,,,False,False,Active,Active,12,180
RC-03273,2024-02-13,Q1 2024,Asia-Pacific,Freelancer,Premium,Monthly,Paid Search,0.692,49,11,Price,False,False,Active,Churned,11,539
RC-03274,2024-11-20,Q4 2024,Asia-Pacific,Individual,Enterprise,Monthly,Paid Search,0.805,89,,,False,False,Active,Active,12,1068
RC-03275,2024-06-06,Q2 2024,Asia-Pacific,Freelancer,Basic,Monthly,Partner,0.617,15,3,Low usage,False,False,Churned,Churned,3,45
RC-03276,2024-12-23,Q4 2024,North America,Individual,Basic,Monthly,Referral,0.464,15,,,False,False,Active,Active,12,180
RC-03277,2024-02-08,Q1 2024,North America,Freelancer,Standard,Annual,Paid Search,0.456,24.65,,,False,False,Active,Renewed,12,295.8
RC-03278,2024-01-08,Q1 2024,Europe,Individual,Standard,Annual,Referral,0.725,24.65,6,Product experience,False,False,Active,Churned,6,147.9
RC-03279,2024-04-23,Q2 2024,Other,Small Business,Standard,Monthly,Paid Search,0.35,29,,,False,False,Active,Active,12,348
RC-03280,2024-11-21,Q4 2024,Other,Individual,Basic,Monthly,Paid Search,0.956,15,,,False,True,Active,At risk,12,180
RC-03281,2024-05-20,Q2 2024,North America,Freelancer,Enterprise,Monthly,Organic,0.98,89,8,Low usage,False,False,Active,Churned,8,712
RC-03282,2024-01-15,Q1 2024,Asia-Pacific,Freelancer,Premium,Monthly,Social,0.836,49,,,False,False,Active,Active,12,588
RC-03283,2024-03-15,Q1 2024,Europe,Individual,Premium,Monthly,Organic,0.902,49,,,False,False,Active,Active,12,588
RC-03284,2024-11-27,Q4 2024,Europe,Freelancer,Standard,Monthly,Referral,0.416,29,,,True,False,At risk,Active,12,348
RC-03285,2024-04-15,Q2 2024,Other,Individual,Premium,Monthly,Paid Search,0.727,49,,,False,False,Active,Active,12,588
RC-03286,2024-03-02,Q1 2024,North America,Individual,Premium,Annual,Partner,0.882,41.65,12,Alternative,False,False,Active,Churned,12,499.8
RC-03287,2024-11-25,Q4 2024,Europe,Individual,Standard,Monthly,Paid Search,0.516,29,,,False,False,Active,Active,12,348
RC-03288,2024-03-10,Q1 2024,Asia-Pacific,Individual,Standard,Annual,Referral,0.439,24.65,,,False,False,Active,Renewed,12,295.8
RC-03289,2024-09-10,Q3 2024,Asia-Pacific,Small Business,Basic,Monthly,Partner,0.948,15,,,False,True,Active,At risk,12,180
RC-03290,2024-09-26,Q3 2024,Asia-Pacific,Small Business,Standard,Monthly,Organic,0.469,29,2,Price,False,False,Churned,Churned,2,58
RC-03291,2024-03-17,Q1 2024,Asia-Pacific,Individual,Basic,Monthly,Organic,0.333,15,,,False,True,Active,At risk,12,180
RC-03292,2024-04-14,Q2 2024,Asia-Pacific,Individual,Premium,Monthly,Social,0.211,49,,,True,True,At risk,At risk,12,588
RC-03293,2024-02-07,Q1 2024,Asia-Pacific,Individual,Basic,Annual,Paid Search,0.714,12.75,,,False,False,Active,Renewed,12,153.0
RC-03294,2024-01-24,Q1 2024,North America,Individual,Standard,Annual,Paid Search,0.816,24.65,,,False,False,Active,Renewed,12,295.8
RC-03295,2024-05-03,Q2 2024,North America,Small Business,Standard,Monthly,Paid Search,0.181,29,,,True,True,At risk,At risk,12,348
RC-03296,2024-04-28,Q2 2024,Other,Small Business,Premium,Annual,Organic,0.762,41.65,,,False,False,Active,Renewed,12,499.8
RC-03297,2024-10-11,Q4 2024,Europe,Freelancer,Standard,Annual,Referral,0.844,24.65,,,False,False,Active,Renewed,12,295.8
RC-03298,2024-04-24,Q2 2024,Other,Individual,Basic,Annual,Partner,0.525,12.75,,,False,False,Active,Renewed,12,153.0
RC-03299,2024-06-22,Q2 2024,North America,Small Business,Premium,Monthly,Referral,0.364,49,3,Product experience,False,False,Churned,Churned,3,147
RC-03300,2024-09-14,Q3 2024,Europe,Freelancer,Premium,Annual,Social,0.381,41.65,,,False,False,Active,Renewed,12,499.8
RC-03301,2024-05-12,Q2 2024,North America,Individual,Standard,Monthly,Partner,0.515,29,,,True,False,At risk,Active,12,348
RC-03302,2024-04-05,Q2 2024,North America,Freelancer,Basic,Monthly,Organic,0.744,15,,,False,False,Active,Active,12,180
RC-03303,2024-11-02,Q4 2024,Other,Individual,Standard,Monthly,Paid Search,0.498,29,,,False,False,Active,Active,12,348
RC-03304,2024-11-16,Q4 2024,North America,Freelancer,Basic,Monthly,Organic,0.612,15,,,False,False,Active,Active,12,180
RC-03305,2024-12-11,Q4 2024,Asia-Pacific,Individual,Premium,Annual,Social,0.899,41.65,,,False,False,Active,Renewed,12,499.8
RC-03306,2024-11-19,Q4 2024,Asia-Pacific,Individual,Basic,Annual,Paid Search,0.745,12.75,,,False,True,Active,At risk,12,153.0
RC-03307,2024-07-28,Q3 2024,Asia-Pacific,Individual,Basic,Annual,Social,0.446,12.75,2,Alternative,False,False,Churned,Churned,2,25.5
RC-03308,2024-09-25,Q3 2024,Other,Team,Standard,Monthly,Organic,0.658,29,1,Price,False,False,Churned,Churned,1,29
RC-03309,2024-12-11,Q4 2024,North America,Individual,Basic,Monthly,Organic,0.148,15,,,True,True,At risk,At risk,12,180
RC-03310,2024-11-17,Q4 2024,North America,Individual,Premium,Monthly,Organic,0.642,49,,,False,False,Active,Active,12,588
RC-03311,2024-02-23,Q1 2024,Europe,Individual,Standard,Monthly,Referral,0.668,29,,,True,False,At risk,Active,12,348
RC-03312,2024-06-17,Q2 2024,Europe,Small Business,Basic,Monthly,Organic,0.708,15,,,False,False,Active,Active,12,180
RC-03313,2024-12-03,Q4 2024,North America,Individual,Basic,Annual,Paid Search,0.378,12.75,7,Changed needs,False,False,Active,Churned,7,89.25
RC-03314,2024-11-17,Q4 2024,North America,Individual,Enterprise,Annual,Organic,0.453,75.65,,,False,False,Active,Renewed,12,907.8
RC-03315,2024-12-15,Q4 2024,Europe,Individual,Standard,Monthly,Referral,0.158,29,,,True,True,At risk,At risk,12,348
RC-03316,2024-03-18,Q1 2024,Asia-Pacific,Individual,Basic,Monthly,Referral,0.705,15,6,Low usage,False,False,Active,Churned,6,90
RC-03317,2024-07-21,Q3 2024,Asia-Pacific,Freelancer,Premium,Annual,Partner,0.704,41.65,,,False,False,Active,Renewed,12,499.8
RC-03318,2024-03-25,Q1 2024,Asia-Pacific,Small Business,Basic,Monthly,Organic,0.705,15,1,Price,False,False,Churned,Churned,1,15
RC-03319,2024-02-04,Q1 2024,Europe,Individual,Premium,Annual,Referral,0.75,41.65,,,False,False,Active,Renewed,12,499.8
RC-03320,2024-03-24,Q1 2024,Europe,Team,Premium,Annual,Paid Search,0.434,41.65,5,Product experience,True,False,At risk,Churned,5,208.25
RC-03321,2024-12-13,Q4 2024,North America,Small Business,Standard,Monthly,Social,0.78,29,,,False,False,Active,Active,12,348
RC-03322,2024-11-18,Q4 2024,North America,Small Business,Basic,Monthly,Organic,0.624,15,,,False,True,Active,At risk,12,180
RC-03323,2024-07-18,Q3 2024,Asia-Pacific,Freelancer,Premium,Monthly,Organic,0.295,49,11,Changed needs,True,False,At risk,Churned,11,539
RC-03324,2024-09-10,Q3 2024,North America,Individual,Standard,Monthly,Organic,0.864,29,,,False,False,Active,Active,12,348
RC-03325,2024-10-12,Q4 2024,North America,Freelancer,Standard,Monthly,Referral,0.619,29,,,False,False,Active,Active,12,348
RC-03326,2024-12-02,Q4 2024,North America,Small Business,Enterprise,Annual,Social,0.614,75.65,,,False,False,Active,Renewed,12,907.8
RC-03327,2024-10-01,Q4 2024,North America,Freelancer,Basic,Monthly,Paid Search,0.737,15,1,Product experience,False,False,Churned,Churned,1,15
RC-03328,2024-11-07,Q4 2024,North America,Individual,Basic,Monthly,Partner,0.103,15,,,True,True,At risk,At risk,12,180
RC-03329,2024-08-02,Q3 2024,Europe,Individual,Premium,Annual,Social,0.681,41.65,,,False,False,Active,Renewed,12,499.8
RC-03330,2024-04-21,Q2 2024,Asia-Pacific,Freelancer,Basic,Monthly,Organic,0.614,15,7,Price,False,False,Active,Churned,7,105
RC-03331,2024-06-20,Q2 2024,North America,Individual,Standard,Monthly,Social,0.746,29,,,False,False,Active,Active,12,348
RC-03332,2024-10-18,Q4 2024,Asia-Pacific,Individual,Premium,Monthly,Paid Search,0.58,49,,,False,False,Active,Active,12,588
RC-03333,2024-10-27,Q4 2024,Europe,Individual,Premium,Annual,Social,0.737,41.65,,,False,False,Active,Renewed,12,499.8
RC-03334,2024-05-22,Q2 2024,North America,Individual,Enterprise,Annual,Paid Search,0.929,75.65,,,False,False,Active,Renewed,12,907.8
RC-03335,2024-12-14,Q4 2024,North America,Individual,Standard,Annual,Organic,0.548,24.65,12,Low usage,False,False,Active,Churned,12,295.8
RC-03336,2024-04-17,Q2 2024,Other,Individual,Premium,Annual,Social,0.4,41.65,,,False,False,Active,Renewed,12,499.8
RC-03337,2024-04-04,Q2 2024,North America,Freelancer,Basic,Monthly,Social,0.463,15,,,False,True,Active,At risk,12,180
RC-03338,2024-12-07,Q4 2024,Europe,Individual,Premium,Monthly,Social,0.219,49,,,True,True,At risk,At risk,12,588
RC-03339,2024-01-12,Q1 2024,Other,Individual,Standard,Annual,Paid Search,0.506,24.65,9,Payment issue,True,False,At risk,Churned,9,221.85
RC-03340,2024-08-05,Q3 2024,Asia-Pacific,Small Business,Enterprise,Annual,Organic,0.824,75.65,,,False,True,Active,At risk,12,907.8
RC-03341,2024-11-18,Q4 2024,Europe,Team,Basic,Monthly,Organic,0.705,15,,,False,False,Active,Active,12,180
RC-03342,2024-09-03,Q3 2024,Europe,Individual,Premium,Annual,Organic,0.346,41.65,,,False,False,Active,Renewed,12,499.8
RC-03343,2024-01-16,Q1 2024,North America,Individual,Basic,Monthly,Organic,0.559,15,,,False,False,Active,Active,12,180
RC-03344,2024-12-06,Q4 2024,Other,Small Business,Premium,Annual,Referral,0.596,41.65,,,False,False,Active,Renewed,12,499.8
RC-03345,2024-02-14,Q1 2024,North America,Individual,Standard,Annual,Referral,0.647,24.65,1,Low usage,False,False,Churned,Churned,1,24.65
RC-03346,2024-06-10,Q2 2024,North America,Individual,Standard,Monthly,Organic,0.406,29,9,Product experience,False,False,Active,Churned,9,261
RC-03347,2024-11-02,Q4 2024,Europe,Individual,Basic,Monthly,Referral,0.196,15,,,True,True,At risk,At risk,12,180
RC-03348,2024-07-26,Q3 2024,Asia-Pacific,Small Business,Premium,Annual,Paid Search,0.477,41.65,,,False,False,Active,Renewed,12,499.8
RC-03349,2024-08-28,Q3 2024,North America,Small Business,Standard,Monthly,Paid Search,0.942,29,,,False,False,Active,Active,12,348
RC-03350,2024-06-05,Q2 2024,Asia-Pacific,Individual,Basic,Monthly,Paid Search,0.265,15,,,True,True,At risk,At risk,12,180
RC-03351,2024-04-28,Q2 2024,Asia-Pacific,Small Business,Basic,Monthly,Paid Search,0.347,15,,,False,False,Active,Active,12,180
RC-03352,2024-09-08,Q3 2024,Europe,Small Business,Basic,Monthly,Organic,0.418,15,,,False,False,Active,Active,12,180
RC-03353,2024-01-03,Q1 2024,Europe,Individual,Premium,Annual,Organic,0.312,41.65,,,True,True,At risk,At risk,12,499.8
RC-03354,2024-03-10,Q1 2024,Europe,Freelancer,Basic,Monthly,Organic,0.737,15,1,Low usage,False,False,Churned,Churned,1,15
RC-03355,2024-08-23,Q3 2024,North America,Individual,Premium,Annual,Social,0.5,41.65,,,False,True,Active,At risk,12,499.8
RC-03356,2024-01-13,Q1 2024,Asia-Pacific,Individual,Standard,Monthly,Paid Search,0.643,29,,,False,False,Active,Active,12,348
RC-03357,2024-02-09,Q1 2024,North America,Freelancer,Standard,Monthly,Referral,0.523,29,,,True,False,At risk,Active,12,348
RC-03358,2024-12-27,Q4 2024,North America,Freelancer,Standard,Monthly,Paid Search,0.287,29,,,True,True,At risk,At risk,12,348
RC-03359,2024-09-21,Q3 2024,North America,Freelancer,Basic,Monthly,Organic,0.471,15,,,False,False,Active,Active,12,180
RC-03360,2024-04-10,Q2 2024,Other,Individual,Basic,Monthly,Paid Search,0.579,15,,,False,False,Active,Active,12,180
RC-03361,2024-09-19,Q3 2024,North America,Small Business,Standard,Monthly,Paid Search,0.462,29,,,True,False,At risk,Active,12,348
RC-03362,2024-01-19,Q1 2024,Europe,Small Business,Premium,Annual,Paid Search,0.573,41.65,,,False,False,Active,Renewed,12,499.8
RC-03363,2024-04-02,Q2 2024,Other,Individual,Standard,Annual,Referral,0.74,24.65,,,False,False,Active,Renewed,12,295.8
RC-03364,2024-10-28,Q4 2024,North America,Freelancer,Premium,Annual,Social,0.893,41.65,,,False,False,Active,Renewed,12,499.8
RC-03365,2024-12-08,Q4 2024,North America,Team,Basic,Monthly,Organic,0.967,15,,,False,False,Active,Active,12,180
RC-03366,2024-08-01,Q3 2024,Europe,Freelancer,Enterprise,Monthly,Social,0.445,89,,,False,False,Active,Active,12,1068
RC-03367,2024-05-08,Q2 2024,Europe,Small Business,Basic,Monthly,Referral,0.092,15,,,True,True,At risk,At risk,12,180
RC-03368,2024-05-26,Q2 2024,Asia-Pacific,Individual,Premium,Annual,Organic,0.466,41.65,,,False,False,Active,Renewed,12,499.8
RC-03369,2024-12-13,Q4 2024,North America,Individual,Standard,Annual,Organic,0.728,24.65,,,False,False,Active,Renewed,12,295.8
RC-03370,2024-05-27,Q2 2024,North America,Individual,Basic,Monthly,Paid Search,0.324,15,6,Changed needs,True,False,At risk,Churned,6,90
RC-03371,2024-12-18,Q4 2024,North America,Individual,Standard,Monthly,Paid Search,0.265,29,,,True,True,At risk,At risk,12,348
RC-03372,2024-12-26,Q4 2024,North America,Individual,Basic,Monthly,Organic,0.358,15,,,False,False,Active,Active,12,180
RC-03373,2024-03-04,Q1 2024,Europe,Small Business,Premium,Annual,Social,0.552,41.65,11,Price,True,False,At risk,Churned,11,458.15
RC-03374,2024-01-04,Q1 2024,Asia-Pacific,Individual,Standard,Monthly,Organic,0.721,29,,,False,False,Active,Active,12,348
RC-03375,2024-05-17,Q2 2024,Asia-Pacific,Team,Basic,Monthly,Paid Search,0.541,15,,,False,False,Active,Active,12,180
RC-03376,2024-12-20,Q4 2024,North America,Individual,Basic,Annual,Referral,0.846,12.75,7,Product experience,False,False,Active,Churned,7,89.25
RC-03377,2024-07-09,Q3 2024,Other,Individual,Standard,Monthly,Paid Search,0.427,29,,,False,False,Active,Active,12,348
RC-03378,2024-11-13,Q4 2024,North America,Small Business,Standard,Annual,Paid Search,0.796,24.65,,,False,False,Active,Renewed,12,295.8
RC-03379,2024-03-28,Q1 2024,North America,Small Business,Premium,Monthly,Partner,0.719,49,8,Alternative,False,False,Active,Churned,8,392
RC-03380,2024-02-16,Q1 2024,Europe,Individual,Premium,Annual,Paid Search,0.377,41.65,6,Changed needs,False,False,Active,Churned,6,249.9
RC-03381,2024-03-06,Q1 2024,North America,Freelancer,Premium,Annual,Partner,0.703,41.65,,,False,False,Active,Renewed,12,499.8
RC-03382,2024-03-25,Q1 2024,Other,Individual,Basic,Monthly,Paid Search,0.452,15,,,False,False,Active,Active,12,180
RC-03383,2024-12-27,Q4 2024,Asia-Pacific,Small Business,Basic,Annual,Referral,0.403,12.75,,,False,False,Active,Renewed,12,153.0
RC-03384,2024-07-23,Q3 2024,Other,Individual,Premium,Monthly,Partner,0.781,49,3,Changed needs,False,False,Churned,Churned,3,147
RC-03385,2024-01-14,Q1 2024,Europe,Individual,Basic,Annual,Referral,0.318,12.75,,,True,True,At risk,At risk,12,153.0
RC-03386,2024-10-25,Q4 2024,North America,Small Business,Premium,Monthly,Partner,0.273,49,1,Price,False,False,Churned,Churned,1,49
RC-03387,2024-12-28,Q4 2024,Asia-Pacific,Individual,Standard,Monthly,Referral,0.375,29,,,False,False,Active,Active,12,348
RC-03388,2024-04-10,Q2 2024,Other,Freelancer,Basic,Monthly,Organic,0.495,15,,,False,False,Active,Active,12,180
RC-03389,2024-02-06,Q1 2024,North America,Individual,Basic,Monthly,Paid Search,0.33,15,,,False,True,Active,At risk,12,180
RC-03390,2024-04-11,Q2 2024,Europe,Freelancer,Basic,Monthly,Organic,0.819,15,,,False,False,Active,Active,12,180
RC-03391,2024-03-23,Q1 2024,North America,Individual,Standard,Annual,Referral,0.312,24.65,,,True,True,At risk,At risk,12,295.8
RC-03392,2024-07-28,Q3 2024,Asia-Pacific,Freelancer,Standard,Annual,Paid Search,0.789,24.65,,,False,False,Active,Renewed,12,295.8
RC-03393,2024-06-20,Q2 2024,North America,Freelancer,Basic,Monthly,Organic,0.678,15,,,False,False,Active,Active,12,180
RC-03394,2024-01-04,Q1 2024,North America,Individual,Premium,Annual,Organic,0.327,41.65,,,True,True,At risk,At risk,12,499.8
RC-03395,2024-11-20,Q4 2024,North America,Small Business,Basic,Monthly,Referral,0.906,15,,,False,False,Active,Active,12,180
RC-03396,2024-04-08,Q2 2024,Europe,Freelancer,Standard,Annual,Referral,0.688,24.65,3,Low usage,False,False,Churned,Churned,3,73.95
RC-03397,2024-07-20,Q3 2024,Asia-Pacific,Individual,Basic,Monthly,Organic,0.226,15,,,True,True,At risk,At risk,12,180
RC-03398,2024-08-26,Q3 2024,North America,Team,Standard,Monthly,Paid Search,0.72,29,,,False,False,Active,Active,12,348
RC-03399,2024-10-28,Q4 2024,Europe,Freelancer,Standard,Annual,Referral,0.482,24.65,,,False,False,Active,Renewed,12,295.8
RC-03400,2024-05-07,Q2 2024,Other,Individual,Enterprise,Annual,Partner,0.264,75.65,,,True,True,At risk,At risk,12,907.8
RC-03401,2024-10-03,Q4 2024,Europe,Freelancer,Premium,Monthly,Organic,0.835,49,1,Alternative,False,False,Churned,Churned,1,49
RC-03402,2024-01-01,Q1 2024,Other,Individual,Premium,Monthly,Organic,0.523,49,9,Low usage,False,False,Active,Churned,9,441
RC-03403,2024-09-01,Q3 2024,Asia-Pacific,Team,Basic,Monthly,Partner,0.086,15,10,Product experience,True,False,At risk,Churned,10,150
RC-03404,2024-02-01,Q1 2024,Europe,Individual,Premium,Annual,Referral,0.293,41.65,,,True,True,At risk,At risk,12,499.8
RC-03405,2024-10-03,Q4 2024,Other,Individual,Premium,Annual,Social,0.499,41.65,,,False,False,Active,Renewed,12,499.8
RC-03406,2024-06-02,Q2 2024,North America,Individual,Standard,Annual,Partner,0.793,24.65,,,False,False,Active,Renewed,12,295.8
RC-03407,2024-07-02,Q3 2024,Asia-Pacific,Freelancer,Premium,Monthly,Partner,0.596,49,,,False,False,Active,Active,12,588
RC-03408,2024-02-01,Q1 2024,North America,Team,Standard,Monthly,Social,0.717,29,,,False,False,Active,Active,12,348
RC-03409,2024-10-05,Q4 2024,Asia-Pacific,Small Business,Basic,Monthly,Paid Search,0.872,15,11,Low usage,False,False,Active,Churned,11,165
RC-03410,2024-01-24,Q1 2024,North America,Freelancer,Basic,Monthly,Organic,0.631,15,,,False,False,Active,Active,12,180
RC-03411,2024-07-08,Q3 2024,Asia-Pacific,Individual,Basic,Annual,Paid Search,0.924,12.75,,,False,False,Active,Renewed,12,153.0
RC-03412,2024-02-10,Q1 2024,Other,Team,Basic,Monthly,Paid Search,0.825,15,,,False,False,Active,Active,12,180
RC-03413,2024-08-24,Q3 2024,North America,Individual,Basic,Monthly,Partner,0.954,15,9,Price,True,False,At risk,Churned,9,135
RC-03414,2024-12-13,Q4 2024,Other,Small Business,Basic,Monthly,Social,0.603,15,,,False,False,Active,Active,12,180
RC-03415,2024-07-03,Q3 2024,North America,Individual,Standard,Annual,Paid Search,0.645,24.65,9,Changed needs,False,False,Active,Churned,9,221.85
RC-03416,2024-07-08,Q3 2024,North America,Individual,Standard,Annual,Paid Search,0.649,24.65,,,False,False,Active,Renewed,12,295.8
RC-03417,2024-01-28,Q1 2024,Asia-Pacific,Individual,Enterprise,Monthly,Paid Search,0.783,89,,,False,False,Active,Active,12,1068
RC-03418,2024-11-10,Q4 2024,North America,Small Business,Premium,Annual,Partner,0.651,41.65,,,False,False,Active,Renewed,12,499.8
RC-03419,2024-09-11,Q3 2024,Asia-Pacific,Individual,Basic,Monthly,Paid Search,0.187,15,,,True,True,At risk,At risk,12,180
RC-03420,2024-07-18,Q3 2024,North America,Individual,Standard,Annual,Organic,0.643,24.65,1,Price,False,False,Churned,Churned,1,24.65
RC-03421,2024-05-11,Q2 2024,Europe,Small Business,Basic,Monthly,Paid Search,0.581,15,12,Product experience,False,False,Active,Churned,12,180
RC-03422,2024-12-01,Q4 2024,Europe,Freelancer,Basic,Monthly,Referral,0.332,15,5,Price,False,False,Active,Churned,5,75
RC-03423,2024-01-27,Q1 2024,North America,Small Business,Standard,Monthly,Paid Search,0.31,29,12,Low usage,True,False,At risk,Churned,12,348
RC-03424,2024-08-20,Q3 2024,Asia-Pacific,Individual,Basic,Monthly,Organic,0.514,15,,,False,False,Active,Active,12,180
RC-03425,2024-01-14,Q1 2024,Asia-Pacific,Freelancer,Premium,Annual,Referral,0.727,41.65,4,Alternative,True,False,At risk,Churned,4,166.6
RC-03426,2024-07-23,Q3 2024,Other,Freelancer,Basic,Monthly,Paid Search,0.453,15,4,Alternative,True,False,At risk,Churned,4,60
RC-03427,2024-09-27,Q3 2024,North America,Team,Standard,Annual,Organic,0.516,24.65,,,False,False,Active,Renewed,12,295.8
RC-03428,2024-02-28,Q1 2024,Europe,Individual,Enterprise,Monthly,Social,0.473,89,,,False,False,Active,Active,12,1068
RC-03429,2024-10-26,Q4 2024,North America,Small Business,Premium,Annual,Partner,0.304,41.65,,,True,True,At risk,At risk,12,499.8
RC-03430,2024-08-17,Q3 2024,North America,Individual,Premium,Monthly,Paid Search,0.728,49,,,False,False,Active,Active,12,588
RC-03431,2024-11-15,Q4 2024,Asia-Pacific,Individual,Standard,Monthly,Organic,0.708,29,,,False,False,Active,Active,12,348
RC-03432,2024-08-15,Q3 2024,North America,Individual,Standard,Annual,Organic,0.45,24.65,12,Product experience,False,False,Active,Churned,12,295.8
RC-03433,2024-07-12,Q3 2024,North America,Individual,Basic,Monthly,Social,0.512,15,4,Price,False,False,Active,Churned,4,60
RC-03434,2024-04-21,Q2 2024,Asia-Pacific,Individual,Standard,Annual,Referral,0.495,24.65,,,False,False,Active,Renewed,12,295.8
RC-03435,2024-02-16,Q1 2024,Other,Freelancer,Standard,Annual,Organic,0.12,24.65,4,Alternative,True,False,At risk,Churned,4,98.6
RC-03436,2024-07-24,Q3 2024,Europe,Team,Standard,Monthly,Organic,0.554,29,,,False,False,Active,Active,12,348
RC-03437,2024-10-27,Q4 2024,Asia-Pacific,Small Business,Basic,Monthly,Organic,0.849,15,,,False,False,Active,Active,12,180
RC-03438,2024-03-21,Q1 2024,Asia-Pacific,Freelancer,Standard,Monthly,Paid Search,0.468,29,,,False,True,Active,At risk,12,348
RC-03439,2024-11-21,Q4 2024,North America,Individual,Basic,Monthly,Organic,0.12,15,1,Price,False,False,Churned,Churned,1,15
RC-03440,2024-06-18,Q2 2024,Asia-Pacific,Freelancer,Basic,Monthly,Paid Search,0.959,15,,,False,False,Active,Active,12,180
RC-03441,2024-09-27,Q3 2024,Other,Individual,Standard,Annual,Referral,0.599,24.65,,,False,True,Active,At risk,12,295.8
RC-03442,2024-11-27,Q4 2024,Asia-Pacific,Small Business,Premium,Monthly,Partner,0.834,49,,,False,False,Active,Active,12,588
RC-03443,2024-03-09,Q1 2024,Asia-Pacific,Freelancer,Basic,Monthly,Paid Search,0.327,15,1,Low usage,False,False,Churned,Churned,1,15
RC-03444,2024-10-09,Q4 2024,North America,Individual,Standard,Annual,Social,0.315,24.65,12,Price,True,False,At risk,Churned,12,295.8
RC-03445,2024-02-27,Q1 2024,Asia-Pacific,Individual,Enterprise,Annual,Paid Search,0.828,75.65,,,False,False,Active,Renewed,12,907.8
RC-03446,2024-12-07,Q4 2024,Europe,Small Business,Premium,Monthly,Paid Search,0.804,49,,,False,False,Active,Active,12,588
RC-03447,2024-10-02,Q4 2024,Other,Individual,Basic,Monthly,Paid Search,0.852,15,,,False,False,Active,Active,12,180
RC-03448,2024-08-06,Q3 2024,North America,Individual,Standard,Monthly,Partner,0.747,29,,,False,False,Active,Active,12,348
RC-03449,2024-06-09,Q2 2024,North America,Individual,Standard,Annual,Paid Search,0.195,24.65,6,Product experience,True,False,At risk,Churned,6,147.9
RC-03450,2024-09-23,Q3 2024,Asia-Pacific,Individual,Premium,Annual,Paid Search,0.586,41.65,,,False,False,Active,Renewed,12,499.8
RC-03451,2024-08-06,Q3 2024,North America,Freelancer,Premium,Annual,Partner,0.752,41.65,,,False,False,Active,Renewed,12,499.8
RC-03452,2024-12-16,Q4 2024,North America,Team,Basic,Monthly,Referral,0.709,15,1,Price,False,False,Churned,Churned,1,15
RC-03453,2024-02-03,Q1 2024,Europe,Individual,Basic,Annual,Organic,0.859,12.75,,,False,False,Active,Renewed,12,153.0
RC-03454,2024-02-27,Q1 2024,North America,Small Business,Basic,Monthly,Referral,0.747,15,,,False,False,Active,Active,12,180
RC-03455,2024-01-06,Q1 2024,Other,Individual,Standard,Annual,Organic,0.817,24.65,,,False,False,Active,Renewed,12,295.8
RC-03456,2024-01-10,Q1 2024,Europe,Individual,Standard,Monthly,Organic,0.817,29,,,False,False,Active,Active,12,348
RC-03457,2024-12-10,Q4 2024,Asia-Pacific,Individual,Standard,Monthly,Paid Search,0.955,29,,,False,False,Active,Active,12,348
RC-03458,2024-07-03,Q3 2024,Asia-Pacific,Individual,Premium,Annual,Organic,0.811,41.65,,,False,False,Active,Renewed,12,499.8
RC-03459,2024-05-09,Q2 2024,North America,Small Business,Basic,Monthly,Partner,0.459,15,2,Alternative,False,False,Churned,Churned,2,30
RC-03460,2024-03-24,Q1 2024,Europe,Individual,Premium,Annual,Social,0.626,41.65,,,False,False,Active,Renewed,12,499.8
RC-03461,2024-03-25,Q1 2024,North America,Freelancer,Basic,Monthly,Organic,0.754,15,,,False,False,Active,Active,12,180
RC-03462,2024-06-24,Q2 2024,Europe,Small Business,Standard,Monthly,Referral,0.34,29,,,False,False,Active,Active,12,348
RC-03463,2024-11-01,Q4 2024,North America,Individual,Basic,Monthly,Organic,0.461,15,,,False,False,Active,Active,12,180
RC-03464,2024-11-08,Q4 2024,Europe,Individual,Premium,Monthly,Partner,0.453,49,10,Alternative,False,False,Active,Churned,10,490
RC-03465,2024-06-01,Q2 2024,Other,Small Business,Premium,Monthly,Organic,0.392,49,,,False,False,Active,Active,12,588
RC-03466,2024-01-09,Q1 2024,Europe,Team,Basic,Monthly,Paid Search,0.868,15,,,False,False,Active,Active,12,180
RC-03467,2024-12-17,Q4 2024,Asia-Pacific,Small Business,Premium,Annual,Organic,0.506,41.65,,,False,False,Active,Renewed,12,499.8
RC-03468,2024-02-10,Q1 2024,North America,Freelancer,Standard,Monthly,Partner,0.574,29,2,Product experience,False,False,Churned,Churned,2,58
RC-03469,2024-04-05,Q2 2024,North America,Individual,Enterprise,Monthly,Paid Search,0.541,89,,,False,False,Active,Active,12,1068
RC-03470,2024-06-06,Q2 2024,North America,Individual,Standard,Monthly,Organic,0.76,29,,,False,False,Active,Active,12,348
RC-03471,2024-07-25,Q3 2024,Asia-Pacific,Small Business,Basic,Annual,Organic,0.61,12.75,,,False,False,Active,Renewed,12,153.0
RC-03472,2024-06-15,Q2 2024,Asia-Pacific,Freelancer,Standard,Monthly,Organic,0.735,29,,,False,False,Active,Active,12,348
RC-03473,2024-02-03,Q1 2024,Europe,Small Business,Standard,Monthly,Organic,0.757,29,,,False,False,Active,Active,12,348
RC-03474,2024-08-19,Q3 2024,North America,Individual,Standard,Monthly,Social,0.45,29,,,False,False,Active,Active,12,348
RC-03475,2024-08-07,Q3 2024,North America,Individual,Basic,Monthly,Social,0.81,15,,,False,False,Active,Active,12,180
RC-03476,2024-05-10,Q2 2024,Europe,Freelancer,Standard,Annual,Referral,0.871,24.65,,,False,False,Active,Renewed,12,295.8
RC-03477,2024-12-24,Q4 2024,North America,Individual,Basic,Annual,Organic,0.614,12.75,,,False,False,Active,Renewed,12,153.0
RC-03478,2024-12-19,Q4 2024,North America,Individual,Basic,Monthly,Paid Search,0.481,15,,,False,False,Active,Active,12,180
RC-03479,2024-02-18,Q1 2024,Asia-Pacific,Individual,Basic,Monthly,Social,0.377,15,1,Low usage,False,False,Churned,Churned,1,15
RC-03480,2024-05-18,Q2 2024,Europe,Individual,Enterprise,Annual,Organic,0.539,75.65,,,False,True,Active,At risk,12,907.8
RC-03481,2024-05-17,Q2 2024,Asia-Pacific,Individual,Standard,Annual,Organic,0.495,24.65,,,False,False,Active,Renewed,12,295.8
RC-03482,2024-10-28,Q4 2024,Asia-Pacific,Individual,Basic,Monthly,Social,0.785,15,,,False,False,Active,Active,12,180
RC-03483,2024-10-03,Q4 2024,Other,Small Business,Standard,Monthly,Partner,0.464,29,2,Price,False,False,Churned,Churned,2,58
RC-03484,2024-01-17,Q1 2024,North America,Individual,Basic,Annual,Referral,0.654,12.75,,,False,False,Active,Renewed,12,153.0
RC-03485,2024-02-07,Q1 2024,Asia-Pacific,Freelancer,Basic,Monthly,Organic,0.873,15,9,Product experience,False,False,Active,Churned,9,135
RC-03486,2024-11-16,Q4 2024,North America,Team,Enterprise,Annual,Organic,0.569,75.65,,,False,False,Active,Renewed,12,907.8
RC-03487,2024-09-27,Q3 2024,Other,Small Business,Basic,Monthly,Paid Search,0.266,15,,,True,True,At risk,At risk,12,180
RC-03488,2024-07-19,Q3 2024,North America,Team,Standard,Monthly,Referral,0.426,29,,,False,False,Active,Active,12,348
RC-03489,2024-05-11,Q2 2024,Europe,Freelancer,Standard,Annual,Social,0.113,24.65,11,Alternative,True,False,At risk,Churned,11,271.15
RC-03490,2024-04-24,Q2 2024,Europe,Individual,Basic,Annual,Paid Search,0.982,12.75,,,False,False,Active,Renewed,12,153.0
RC-03491,2024-06-02,Q2 2024,Europe,Small Business,Basic,Monthly,Paid Search,0.405,15,9,Price,False,False,Active,Churned,9,135
RC-03492,2024-12-06,Q4 2024,North America,Individual,Basic,Monthly,Referral,0.918,15,,,False,False,Active,Active,12,180
RC-03493,2024-12-11,Q4 2024,Other,Individual,Premium,Monthly,Partner,0.762,49,,,False,False,Active,Active,12,588
RC-03494,2024-03-14,Q1 2024,North America,Individual,Standard,Annual,Partner,0.514,24.65,,,False,False,Active,Renewed,12,295.8
RC-03495,2024-03-08,Q1 2024,North America,Small Business,Basic,Annual,Referral,0.456,12.75,1,Price,False,False,Churned,Churned,1,12.75
RC-03496,2024-10-27,Q4 2024,North America,Freelancer,Standard,Monthly,Social,0.22,29,1,Changed needs,False,False,Churned,Churned,1,29
RC-03497,2024-06-24,Q2 2024,North America,Small Business,Basic,Monthly,Social,0.394,15,3,Price,False,False,Churned,Churned,3,45
RC-03498,2024-08-24,Q3 2024,Asia-Pacific,Freelancer,Standard,Annual,Organic,0.419,24.65,,,False,False,Active,Renewed,12,295.8
RC-03499,2024-04-20,Q2 2024,Europe,Individual,Standard,Monthly,Social,0.714,29,,,False,True,Active,At risk,12,348
RC-03500,2024-06-09,Q2 2024,North America,Individual,Standard,Monthly,Paid Search,0.3,29,1,Price,False,False,Churned,Churned,1,29
RC-03501,2024-01-24,Q1 2024,Europe,Individual,Basic,Monthly,Social,0.384,15,9,Price,False,False,Active,Churned,9,135
RC-03502,2024-07-05,Q3 2024,North America,Freelancer,Premium,Monthly,Referral,0.584,49,,,False,False,Active,Active,12,588
RC-03503,2024-01-27,Q1 2024,North America,Individual,Basic,Monthly,Paid Search,0.469,15,1,Low usage,False,False,Churned,Churned,1,15
RC-03504,2024-04-26,Q2 2024,North America,Small Business,Basic,Monthly,Paid Search,0.641,15,,,False,False,Active,Active,12,180
RC-03505,2024-09-15,Q3 2024,Asia-Pacific,Individual,Premium,Monthly,Organic,0.109,49,,,True,True,At risk,At risk,12,588
RC-03506,2024-12-07,Q4 2024,Asia-Pacific,Individual,Basic,Annual,Social,0.894,12.75,5,Low usage,False,False,Active,Churned,5,63.75
RC-03507,2024-03-10,Q1 2024,North America,Individual,Basic,Monthly,Partner,0.682,15,,,False,False,Active,Active,12,180
RC-03508,2024-07-22,Q3 2024,North America,Small Business,Standard,Monthly,Paid Search,0.744,29,,,False,False,Active,Active,12,348
RC-03509,2024-06-15,Q2 2024,North America,Individual,Standard,Annual,Organic,0.313,24.65,,,True,True,At risk,At risk,12,295.8
RC-03510,2024-08-01,Q3 2024,North America,Individual,Standard,Monthly,Social,0.32,29,,,True,True,At risk,At risk,12,348
RC-03511,2024-04-02,Q2 2024,North America,Individual,Standard,Annual,Partner,0.477,24.65,,,False,False,Active,Renewed,12,295.8
RC-03512,2024-05-28,Q2 2024,Other,Individual,Standard,Annual,Paid Search,0.177,24.65,,,True,True,At risk,At risk,12,295.8
RC-03513,2024-12-18,Q4 2024,Other,Individual,Basic,Monthly,Social,0.356,15,,,False,True,Active,At risk,12,180
RC-03514,2024-07-01,Q3 2024,Asia-Pacific,Individual,Enterprise,Annual,Organic,0.417,75.65,,,False,False,Active,Renewed,12,907.8
RC-03515,2024-05-10,Q2 2024,Europe,Individual,Standard,Monthly,Social,0.741,29,,,False,False,Active,Active,12,348
RC-03516,2024-02-15,Q1 2024,Other,Individual,Basic,Monthly,Organic,0.644,15,,,False,False,Active,Active,12,180
RC-03517,2024-06-21,Q2 2024,Asia-Pacific,Small Business,Enterprise,Monthly,Social,0.643,89,,,True,False,At risk,Active,12,1068
RC-03518,2024-10-27,Q4 2024,Europe,Individual,Standard,Monthly,Referral,0.444,29,,,False,False,Active,Active,12,348
RC-03519,2024-01-01,Q1 2024,Europe,Small Business,Basic,Monthly,Social,0.645,15,,,True,False,At risk,Active,12,180
RC-03520,2024-09-16,Q3 2024,Asia-Pacific,Freelancer,Standard,Annual,Referral,0.368,24.65,,,False,False,Active,Renewed,12,295.8
RC-03521,2024-12-09,Q4 2024,North America,Freelancer,Standard,Monthly,Paid Search,0.515,29,,,False,False,Active,Active,12,348
RC-03522,2024-08-07,Q3 2024,North America,Small Business,Basic,Annual,Organic,0.725,12.75,,,False,False,Active,Renewed,12,153.0
RC-03523,2024-12-20,Q4 2024,Europe,Freelancer,Standard,Annual,Referral,0.498,24.65,5,Product experience,False,False,Active,Churned,5,123.25
RC-03524,2024-12-11,Q4 2024,North America,Individual,Basic,Annual,Paid Search,0.885,12.75,,,False,False,Active,Renewed,12,153.0
RC-03525,2024-02-26,Q1 2024,Asia-Pacific,Individual,Standard,Monthly,Referral,0.243,29,,,True,True,At risk,At risk,12,348
RC-03526,2024-06-10,Q2 2024,North America,Individual,Basic,Monthly,Referral,0.659,15,,,True,False,At risk,Active,12,180
RC-03527,2024-09-06,Q3 2024,North America,Individual,Basic,Monthly,Referral,0.888,15,10,Price,False,False,Active,Churned,10,150
RC-03528,2024-05-12,Q2 2024,Europe,Individual,Premium,Monthly,Organic,0.642,49,,,False,False,Active,Active,12,588
RC-03529,2024-04-08,Q2 2024,Europe,Freelancer,Standard,Annual,Social,0.231,24.65,10,Low usage,True,False,At risk,Churned,10,246.5
RC-03530,2024-09-01,Q3 2024,Asia-Pacific,Individual,Basic,Monthly,Social,0.705,15,,,False,True,Active,At risk,12,180
RC-03531,2024-04-06,Q2 2024,North America,Individual,Standard,Monthly,Social,0.214,29,,,True,True,At risk,At risk,12,348
RC-03532,2024-08-03,Q3 2024,North America,Individual,Basic,Annual,Referral,0.702,12.75,,,False,False,Active,Renewed,12,153.0
RC-03533,2024-02-25,Q1 2024,North America,Small Business,Standard,Annual,Social,0.628,24.65,,,False,False,Active,Renewed,12,295.8
RC-03534,2024-07-10,Q3 2024,Asia-Pacific,Individual,Basic,Monthly,Paid Search,0.635,15,,,False,False,Active,Active,12,180
RC-03535,2024-01-09,Q1 2024,Asia-Pacific,Individual,Basic,Monthly,Organic,0.396,15,,,False,False,Active,Active,12,180
RC-03536,2024-06-27,Q2 2024,Other,Individual,Basic,Monthly,Paid Search,0.508,15,11,Low usage,False,False,Active,Churned,11,165
RC-03537,2024-02-11,Q1 2024,Other,Freelancer,Enterprise,Monthly,Paid Search,0.117,89,10,Alternative,True,False,At risk,Churned,10,890
RC-03538,2024-09-16,Q3 2024,Europe,Individual,Premium,Monthly,Organic,0.728,49,,,False,False,Active,Active,12,588
RC-03539,2024-12-06,Q4 2024,Asia-Pacific,Individual,Basic,Monthly,Referral,0.237,15,,,True,True,At risk,At risk,12,180
RC-03540,2024-04-13,Q2 2024,North America,Freelancer,Enterprise,Monthly,Referral,0.381,89,4,Changed needs,False,False,Active,Churned,4,356
RC-03541,2024-03-13,Q1 2024,Europe,Individual,Basic,Monthly,Organic,0.826,15,,,False,False,Active,Active,12,180
RC-03542,2024-04-03,Q2 2024,North America,Individual,Standard,Monthly,Referral,0.278,29,12,Product experience,True,False,At risk,Churned,12,348
RC-03543,2024-08-04,Q3 2024,North America,Individual,Premium,Monthly,Partner,0.887,49,,,False,False,Active,Active,12,588
RC-03544,2024-06-27,Q2 2024,North America,Individual,Basic,Monthly,Organic,0.369,15,,,False,False,Active,Active,12,180
RC-03545,2024-11-24,Q4 2024,Asia-Pacific,Small Business,Standard,Monthly,Organic,0.621,29,2,Low usage,False,False,Churned,Churned,2,58
RC-03546,2024-07-16,Q3 2024,North America,Individual,Basic,Monthly,Referral,0.88,15,,,False,False,Active,Active,12,180
RC-03547,2024-10-27,Q4 2024,Other,Individual,Premium,Annual,Paid Search,0.821,41.65,,,False,False,Active,Renewed,12,499.8
RC-03548,2024-04-10,Q2 2024,North America,Small Business,Standard,Annual,Paid Search,0.595,24.65,,,False,False,Active,Renewed,12,295.8
RC-03549,2024-01-28,Q1 2024,Asia-Pacific,Individual,Standard,Monthly,Paid Search,0.237,29,,,True,True,At risk,At risk,12,348
RC-03550,2024-06-01,Q2 2024,Europe,Individual,Standard,Monthly,Referral,0.458,29,,,False,False,Active,Active,12,348
RC-03551,2024-12-11,Q4 2024,Europe,Individual,Standard,Monthly,Paid Search,0.934,29,,,False,False,Active,Active,12,348
RC-03552,2024-11-01,Q4 2024,Asia-Pacific,Freelancer,Basic,Annual,Paid Search,0.269,12.75,9,Low usage,True,False,At risk,Churned,9,114.75
RC-03553,2024-07-08,Q3 2024,North America,Small Business,Standard,Monthly,Partner,0.254,29,,,True,True,At risk,At risk,12,348
RC-03554,2024-10-16,Q4 2024,North America,Individual,Standard,Annual,Referral,0.484,24.65,,,False,False,Active,Renewed,12,295.8
RC-03555,2024-12-13,Q4 2024,North America,Individual,Basic,Monthly,Organic,0.293,15,3,Low usage,False,False,Churned,Churned,3,45
RC-03556,2024-11-21,Q4 2024,Europe,Freelancer,Basic,Monthly,Organic,0.538,15,,,False,False,Active,Active,12,180
RC-03557,2024-08-12,Q3 2024,North America,Team,Premium,Annual,Paid Search,0.872,41.65,,,False,False,Active,Renewed,12,499.8
RC-03558,2024-07-21,Q3 2024,North America,Small Business,Basic,Annual,Paid Search,0.25,12.75,,,True,True,At risk,At risk,12,153.0
RC-03559,2024-06-16,Q2 2024,Asia-Pacific,Freelancer,Basic,Monthly,Partner,0.427,15,7,Product experience,False,False,Active,Churned,7,105
RC-03560,2024-06-16,Q2 2024,Asia-Pacific,Individual,Standard,Monthly,Social,0.901,29,,,True,False,At risk,Active,12,348
RC-03561,2024-12-04,Q4 2024,Europe,Team,Standard,Annual,Organic,0.742,24.65,,,False,False,Active,Renewed,12,295.8
RC-03562,2024-04-25,Q2 2024,Europe,Small Business,Basic,Monthly,Paid Search,0.668,15,,,False,False,Active,Active,12,180
RC-03563,2024-12-11,Q4 2024,Other,Small Business,Basic,Annual,Organic,0.468,12.75,,,False,False,Active,Renewed,12,153.0
RC-03564,2024-10-22,Q4 2024,Europe,Individual,Basic,Monthly,Organic,0.606,15,,,False,False,Active,Active,12,180
RC-03565,2024-01-18,Q1 2024,Other,Small Business,Basic,Monthly,Organic,0.892,15,11,Price,False,False,Active,Churned,11,165
RC-03566,2024-10-11,Q4 2024,North America,Small Business,Premium,Monthly,Organic,0.372,49,,,False,False,Active,Active,12,588
RC-03567,2024-10-08,Q4 2024,North America,Small Business,Basic,Monthly,Organic,0.371,15,1,Alternative,False,False,Churned,Churned,1,15
RC-03568,2024-11-27,Q4 2024,Asia-Pacific,Team,Basic,Annual,Organic,0.822,12.75,4,Product experience,False,False,Active,Churned,4,51.0
RC-03569,2024-02-02,Q1 2024,North America,Freelancer,Premium,Monthly,Organic,0.68,49,,,False,False,Active,Active,12,588
RC-03570,2024-08-05,Q3 2024,North America,Small Business,Premium,Monthly,Referral,0.806,49,12,Price,False,False,Active,Churned,12,588
RC-03571,2024-01-26,Q1 2024,Other,Small Business,Standard,Monthly,Referral,0.696,29,,,False,False,Active,Active,12,348
RC-03572,2024-10-19,Q4 2024,North America,Individual,Standard,Monthly,Referral,0.348,29,,,False,False,Active,Active,12,348
RC-03573,2024-12-11,Q4 2024,Europe,Team,Premium,Annual,Organic,0.516,41.65,,,False,False,Active,Renewed,12,499.8
RC-03574,2024-05-26,Q2 2024,Other,Small Business,Standard,Annual,Social,0.43,24.65,,,True,True,At risk,At risk,12,295.8
RC-03575,2024-07-07,Q3 2024,North America,Small Business,Standard,Monthly,Social,0.286,29,,,True,True,At risk,At risk,12,348
RC-03576,2024-12-22,Q4 2024,North America,Small Business,Premium,Monthly,Organic,0.475,49,,,False,False,Active,Active,12,588
RC-03577,2024-01-04,Q1 2024,North America,Freelancer,Standard,Monthly,Referral,0.781,29,,,False,False,Active,Active,12,348
RC-03578,2024-07-02,Q3 2024,Europe,Small Business,Premium,Monthly,Organic,0.693,49,,,False,False,Active,Active,12,588
RC-03579,2024-12-24,Q4 2024,North America,Small Business,Premium,Monthly,Organic,0.551,49,,,False,False,Active,Active,12,588
RC-03580,2024-06-03,Q2 2024,Europe,Individual,Basic,Monthly,Referral,0.638,15,7,Alternative,False,False,Active,Churned,7,105
RC-03581,2024-10-07,Q4 2024,Other,Individual,Standard,Monthly,Referral,0.648,29,,,False,False,Active,Active,12,348
RC-03582,2024-06-17,Q2 2024,Europe,Freelancer,Basic,Monthly,Paid Search,0.797,15,,,False,False,Active,Active,12,180
RC-03583,2024-12-27,Q4 2024,Other,Small Business,Standard,Annual,Social,0.209,24.65,,,True,True,At risk,At risk,12,295.8
RC-03584,2024-09-04,Q3 2024,Europe,Small Business,Enterprise,Annual,Partner,0.667,75.65,1,Low usage,False,False,Churned,Churned,1,75.65
RC-03585,2024-11-13,Q4 2024,North America,Small Business,Standard,Annual,Organic,0.607,24.65,,,False,False,Active,Renewed,12,295.8
RC-03586,2024-06-20,Q2 2024,North America,Small Business,Standard,Monthly,Paid Search,0.391,29,,,False,False,Active,Active,12,348
RC-03587,2024-06-08,Q2 2024,North America,Individual,Standard,Monthly,Referral,0.452,29,,,False,False,Active,Active,12,348
RC-03588,2024-02-19,Q1 2024,Other,Individual,Premium,Annual,Organic,0.946,41.65,,,False,False,Active,Renewed,12,499.8
RC-03589,2024-07-03,Q3 2024,Europe,Individual,Basic,Annual,Social,0.4,12.75,,,False,False,Active,Renewed,12,153.0
RC-03590,2024-08-08,Q3 2024,Asia-Pacific,Team,Premium,Annual,Social,0.614,41.65,,,False,True,Active,At risk,12,499.8
RC-03591,2024-12-23,Q4 2024,Europe,Freelancer,Standard,Annual,Referral,0.773,24.65,,,False,False,Active,Renewed,12,295.8
RC-03592,2024-12-17,Q4 2024,Other,Small Business,Standard,Monthly,Organic,0.657,29,,,False,False,Active,Active,12,348
RC-03593,2024-12-10,Q4 2024,North America,Individual,Basic,Annual,Referral,0.689,12.75,,,False,False,Active,Renewed,12,153.0
RC-03594,2024-03-08,Q1 2024,Asia-Pacific,Individual,Basic,Monthly,Partner,0.934,15,,,False,False,Active,Active,12,180
RC-03595,2024-01-22,Q1 2024,Europe,Individual,Standard,Monthly,Organic,0.387,29,,,False,False,Active,Active,12,348
RC-03596,2024-09-20,Q3 2024,North America,Small Business,Standard,Monthly,Referral,0.963,29,,,False,False,Active,Active,12,348
RC-03597,2024-08-01,Q3 2024,Europe,Small Business,Premium,Monthly,Organic,0.515,49,,,False,False,Active,Active,12,588
RC-03598,2024-03-14,Q1 2024,Asia-Pacific,Freelancer,Premium,Annual,Paid Search,0.652,41.65,,,False,False,Active,Renewed,12,499.8
RC-03599,2024-10-22,Q4 2024,North America,Individual,Standard,Annual,Organic,0.692,24.65,,,False,False,Active,Renewed,12,295.8
RC-03600,2024-04-11,Q2 2024,Europe,Freelancer,Standard,Monthly,Referral,0.638,29,2,Price,False,False,Churned,Churned,2,58
RC-03601,2024-05-04,Q2 2024,Asia-Pacific,Freelancer,Basic,Monthly,Organic,0.78,15,,,False,False,Active,Active,12,180
RC-03602,2024-04-06,Q2 2024,North America,Individual,Basic,Monthly,Organic,0.735,15,3,Low usage,False,False,Churned,Churned,3,45
RC-03603,2024-04-10,Q2 2024,North America,Small Business,Standard,Monthly,Referral,0.857,29,,,False,True,Active,At risk,12,348
RC-03604,2024-03-04,Q1 2024,Asia-Pacific,Individual,Basic,Annual,Paid Search,0.554,12.75,,,False,False,Active,Renewed,12,153.0
RC-03605,2024-05-14,Q2 2024,Europe,Small Business,Standard,Annual,Referral,0.488,24.65,,,False,True,Active,At risk,12,295.8
RC-03606,2024-11-14,Q4 2024,Other,Freelancer,Basic,Annual,Organic,0.357,12.75,6,Low usage,False,False,Active,Churned,6,76.5
RC-03607,2024-05-11,Q2 2024,North America,Individual,Basic,Monthly,Partner,0.31,15,,,True,True,At risk,At risk,12,180
RC-03608,2024-10-13,Q4 2024,North America,Small Business,Basic,Monthly,Organic,0.952,15,10,Price,False,False,Active,Churned,10,150
RC-03609,2024-10-25,Q4 2024,North America,Small Business,Basic,Monthly,Referral,0.722,15,6,Low usage,False,False,Active,Churned,6,90
RC-03610,2024-06-18,Q2 2024,North America,Individual,Basic,Monthly,Social,0.489,15,,,False,False,Active,Active,12,180
RC-03611,2024-02-09,Q1 2024,Europe,Team,Premium,Monthly,Organic,0.477,49,8,Price,False,False,Active,Churned,8,392
RC-03612,2024-09-18,Q3 2024,Asia-Pacific,Small Business,Premium,Annual,Social,0.665,41.65,,,False,False,Active,Renewed,12,499.8
RC-03613,2024-08-14,Q3 2024,Asia-Pacific,Individual,Premium,Monthly,Partner,0.698,49,,,False,False,Active,Active,12,588
RC-03614,2024-03-09,Q1 2024,Asia-Pacific,Small Business,Premium,Monthly,Paid Search,0.692,49,,,False,False,Active,Active,12,588
RC-03615,2024-07-04,Q3 2024,Europe,Individual,Basic,Annual,Social,0.48,12.75,,,False,False,Active,Renewed,12,153.0
RC-03616,2024-01-17,Q1 2024,Asia-Pacific,Freelancer,Standard,Monthly,Organic,0.576,29,,,False,False,Active,Active,12,348
RC-03617,2024-09-06,Q3 2024,North America,Freelancer,Basic,Monthly,Social,0.521,15,,,False,True,Active,At risk,12,180
RC-03618,2024-12-08,Q4 2024,Europe,Individual,Standard,Monthly,Social,0.831,29,,,False,False,Active,Active,12,348
RC-03619,2024-08-08,Q3 2024,Europe,Individual,Standard,Monthly,Paid Search,0.619,29,6,Product experience,False,False,Active,Churned,6,174
RC-03620,2024-07-24,Q3 2024,North America,Individual,Basic,Monthly,Organic,0.554,15,,,False,False,Active,Active,12,180
RC-03621,2024-05-13,Q2 2024,North America,Small Business,Standard,Monthly,Partner,0.359,29,,,False,False,Active,Active,12,348
RC-03622,2024-04-02,Q2 2024,North America,Individual,Basic,Monthly,Organic,0.543,15,,,False,False,Active,Active,12,180
RC-03623,2024-07-09,Q3 2024,Europe,Small Business,Basic,Annual,Paid Search,0.486,12.75,,,False,False,Active,Renewed,12,153.0
RC-03624,2024-06-07,Q2 2024,Asia-Pacific,Small Business,Basic,Monthly,Paid Search,0.675,15,,,False,False,Active,Active,12,180
RC-03625,2024-08-25,Q3 2024,Asia-Pacific,Freelancer,Enterprise,Annual,Paid Search,0.82,75.65,,,False,False,Active,Renewed,12,907.8
RC-03626,2024-07-13,Q3 2024,Europe,Freelancer,Basic,Monthly,Organic,0.885,15,,,False,False,Active,Active,12,180
RC-03627,2024-09-23,Q3 2024,Europe,Individual,Standard,Annual,Social,0.701,24.65,9,Low usage,False,False,Active,Churned,9,221.85
RC-03628,2024-01-06,Q1 2024,North America,Small Business,Premium,Monthly,Paid Search,0.769,49,,,False,False,Active,Active,12,588
RC-03629,2024-03-12,Q1 2024,North America,Freelancer,Standard,Annual,Referral,0.56,24.65,,,False,False,Active,Renewed,12,295.8
RC-03630,2024-09-12,Q3 2024,Asia-Pacific,Small Business,Basic,Monthly,Partner,0.95,15,,,False,False,Active,Active,12,180
RC-03631,2024-07-10,Q3 2024,Europe,Individual,Enterprise,Annual,Organic,0.793,75.65,,,False,False,Active,Renewed,12,907.8
RC-03632,2024-11-25,Q4 2024,North America,Individual,Enterprise,Monthly,Referral,0.8,89,,,False,False,Active,Active,12,1068
RC-03633,2024-10-28,Q4 2024,Europe,Small Business,Premium,Annual,Social,0.38,41.65,2,Price,False,False,Churned,Churned,2,83.3
RC-03634,2024-07-14,Q3 2024,Europe,Individual,Enterprise,Annual,Referral,0.841,75.65,,,False,False,Active,Renewed,12,907.8
RC-03635,2024-04-20,Q2 2024,Europe,Freelancer,Premium,Annual,Organic,0.741,41.65,,,False,False,Active,Renewed,12,499.8
RC-03636,2024-04-20,Q2 2024,North America,Small Business,Standard,Monthly,Referral,0.873,29,,,False,False,Active,Active,12,348
RC-03637,2024-06-24,Q2 2024,Europe,Individual,Basic,Monthly,Social,0.541,15,2,Changed needs,False,False,Churned,Churned,2,30
RC-03638,2024-10-09,Q4 2024,Asia-Pacific,Freelancer,Standard,Monthly,Organic,0.2,29,,,True,True,At risk,At risk,12,348
RC-03639,2024-10-25,Q4 2024,Other,Individual,Premium,Monthly,Paid Search,0.641,49,,,True,False,At risk,Active,12,588
RC-03640,2024-12-11,Q4 2024,Asia-Pacific,Individual,Standard,Monthly,Organic,0.962,29,7,Price,False,False,Active,Churned,7,203
RC-03641,2024-08-22,Q3 2024,North America,Small Business,Premium,Monthly,Organic,0.31,49,,,True,True,At risk,At risk,12,588
RC-03642,2024-11-08,Q4 2024,Europe,Freelancer,Basic,Monthly,Organic,0.59,15,,,False,False,Active,Active,12,180
RC-03643,2024-08-13,Q3 2024,North America,Individual,Basic,Monthly,Referral,0.387,15,,,False,False,Active,Active,12,180
RC-03644,2024-06-01,Q2 2024,Europe,Individual,Standard,Monthly,Referral,0.519,29,,,False,False,Active,Active,12,348
RC-03645,2024-01-21,Q1 2024,North America,Individual,Enterprise,Annual,Referral,0.81,75.65,,,False,False,Active,Renewed,12,907.8
RC-03646,2024-07-09,Q3 2024,Europe,Individual,Standard,Monthly,Referral,0.131,29,4,Product experience,True,False,At risk,Churned,4,116
RC-03647,2024-10-14,Q4 2024,North America,Individual,Premium,Monthly,Referral,0.69,49,,,False,False,Active,Active,12,588
RC-03648,2024-09-04,Q3 2024,North America,Small Business,Standard,Monthly,Organic,0.624,29,,,False,False,Active,Active,12,348
RC-03649,2024-02-10,Q1 2024,Asia-Pacific,Individual,Standard,Monthly,Organic,0.151,29,,,True,True,At risk,At risk,12,348
RC-03650,2024-09-06,Q3 2024,Asia-Pacific,Individual,Standard,Monthly,Paid Search,0.308,29,,,True,True,At risk,At risk,12,348
RC-03651,2024-01-20,Q1 2024,North America,Team,Standard,Monthly,Organic,0.604,29,,,False,False,Active,Active,12,348
RC-03652,2024-05-27,Q2 2024,Asia-Pacific,Small Business,Basic,Monthly,Referral,0.503,15,,,False,False,Active,Active,12,180
RC-03653,2024-05-18,Q2 2024,North America,Individual,Premium,Monthly,Paid Search,0.31,49,3,Low usage,False,False,Churned,Churned,3,147
RC-03654,2024-11-28,Q4 2024,North America,Small Business,Premium,Annual,Referral,0.316,41.65,,,True,True,At risk,At risk,12,499.8
RC-03655,2024-08-28,Q3 2024,North America,Individual,Premium,Monthly,Organic,0.535,49,,,False,False,Active,Active,12,588
RC-03656,2024-08-21,Q3 2024,Europe,Individual,Premium,Monthly,Paid Search,0.59,49,,,False,False,Active,Active,12,588
RC-03657,2024-08-17,Q3 2024,North America,Individual,Premium,Monthly,Partner,0.813,49,,,False,False,Active,Active,12,588
RC-03658,2024-08-20,Q3 2024,Asia-Pacific,Freelancer,Premium,Monthly,Paid Search,0.821,49,,,True,False,At risk,Active,12,588
RC-03659,2024-06-14,Q2 2024,Asia-Pacific,Freelancer,Premium,Monthly,Partner,0.425,49,,,False,False,Active,Active,12,588
RC-03660,2024-07-02,Q3 2024,Asia-Pacific,Individual,Premium,Annual,Organic,0.298,41.65,,,True,True,At risk,At risk,12,499.8
RC-03661,2024-03-22,Q1 2024,Asia-Pacific,Freelancer,Premium,Monthly,Referral,0.901,49,,,False,False,Active,Active,12,588
RC-03662,2024-02-17,Q1 2024,North America,Team,Basic,Monthly,Referral,0.949,15,,,False,False,Active,Active,12,180
RC-03663,2024-12-04,Q4 2024,Asia-Pacific,Freelancer,Basic,Annual,Referral,0.319,12.75,6,Low usage,True,False,At risk,Churned,6,76.5
RC-03664,2024-01-12,Q1 2024,Asia-Pacific,Small Business,Standard,Annual,Partner,0.523,24.65,,,False,False,Active,Renewed,12,295.8
RC-03665,2024-05-22,Q2 2024,Asia-Pacific,Individual,Standard,Annual,Social,0.387,24.65,10,Price,False,False,Active,Churned,10,246.5
RC-03666,2024-06-06,Q2 2024,North America,Freelancer,Basic,Monthly,Organic,0.657,15,,,False,False,Active,Active,12,180
RC-03667,2024-06-14,Q2 2024,Asia-Pacific,Freelancer,Standard,Annual,Organic,0.197,24.65,,,True,True,At risk,At risk,12,295.8
RC-03668,2024-10-19,Q4 2024,Europe,Individual,Enterprise,Annual,Paid Search,0.314,75.65,,,True,True,At risk,At risk,12,907.8
RC-03669,2024-10-09,Q4 2024,North America,Freelancer,Standard,Monthly,Social,0.498,29,,,False,False,Active,Active,12,348
RC-03670,2024-11-06,Q4 2024,North America,Small Business,Premium,Monthly,Paid Search,0.697,49,,,False,False,Active,Active,12,588
RC-03671,2024-05-11,Q2 2024,North America,Individual,Basic,Annual,Organic,0.297,12.75,,,True,True,At risk,At risk,12,153.0
RC-03672,2024-07-13,Q3 2024,Europe,Individual,Basic,Monthly,Partner,0.714,15,,,True,False,At risk,Active,12,180
RC-03673,2024-12-16,Q4 2024,North America,Freelancer,Premium,Annual,Organic,0.643,41.65,7,Low usage,False,False,Active,Churned,7,291.55
RC-03674,2024-08-21,Q3 2024,Other,Small Business,Standard,Annual,Paid Search,0.203,24.65,,,True,True,At risk,At risk,12,295.8
RC-03675,2024-03-27,Q1 2024,Other,Freelancer,Standard,Monthly,Paid Search,0.923,29,,,False,False,Active,Active,12,348
RC-03676,2024-08-09,Q3 2024,Other,Freelancer,Basic,Monthly,Referral,0.354,15,,,False,False,Active,Active,12,180
RC-03677,2024-12-24,Q4 2024,Europe,Small Business,Standard,Monthly,Organic,0.611,29,,,False,False,Active,Active,12,348
RC-03678,2024-04-20,Q2 2024,Europe,Freelancer,Basic,Monthly,Social,0.668,15,8,Price,False,False,Active,Churned,8,120
RC-03679,2024-12-18,Q4 2024,Europe,Individual,Standard,Monthly,Partner,0.851,29,,,False,False,Active,Active,12,348
RC-03680,2024-04-07,Q2 2024,Other,Freelancer,Standard,Annual,Paid Search,0.444,24.65,,,True,False,At risk,Renewed,12,295.8
RC-03681,2024-03-06,Q1 2024,Europe,Individual,Basic,Monthly,Social,0.835,15,,,False,False,Active,Active,12,180
RC-03682,2024-07-07,Q3 2024,North America,Individual,Standard,Annual,Social,0.464,24.65,7,Product experience,False,False,Active,Churned,7,172.55
RC-03683,2024-03-13,Q1 2024,Other,Individual,Standard,Monthly,Organic,0.624,29,,,False,False,Active,Active,12,348
RC-03684,2024-01-06,Q1 2024,Asia-Pacific,Small Business,Basic,Monthly,Organic,0.512,15,,,True,False,At risk,Active,12,180
RC-03685,2024-05-06,Q2 2024,Asia-Pacific,Individual,Standard,Annual,Organic,0.828,24.65,9,Price,False,False,Active,Churned,9,221.85
RC-03686,2024-09-25,Q3 2024,North America,Freelancer,Standard,Monthly,Organic,0.532,29,,,False,False,Active,Active,12,348
RC-03687,2024-07-06,Q3 2024,Europe,Small Business,Standard,Annual,Organic,0.121,24.65,,,True,True,At risk,At risk,12,295.8
RC-03688,2024-05-05,Q2 2024,North America,Small Business,Standard,Monthly,Paid Search,0.332,29,,,False,True,Active,At risk,12,348
RC-03689,2024-08-02,Q3 2024,Asia-Pacific,Freelancer,Standard,Annual,Social,0.608,24.65,9,Price,False,False,Active,Churned,9,221.85
RC-03690,2024-03-27,Q1 2024,Europe,Individual,Standard,Monthly,Organic,0.229,29,,,True,True,At risk,At risk,12,348
RC-03691,2024-01-10,Q1 2024,Europe,Individual,Standard,Monthly,Paid Search,0.666,29,,,False,False,Active,Active,12,348
RC-03692,2024-11-21,Q4 2024,Other,Small Business,Basic,Monthly,Social,0.65,15,9,Low usage,False,False,Active,Churned,9,135
RC-03693,2024-09-28,Q3 2024,Asia-Pacific,Small Business,Standard,Monthly,Referral,0.571,29,,,False,False,Active,Active,12,348
RC-03694,2024-12-14,Q4 2024,Europe,Team,Enterprise,Monthly,Referral,0.803,89,,,False,False,Active,Active,12,1068
RC-03695,2024-04-20,Q2 2024,Europe,Individual,Basic,Monthly,Paid Search,0.444,15,,,True,False,At risk,Active,12,180
RC-03696,2024-10-20,Q4 2024,North America,Team,Standard,Monthly,Social,0.412,29,,,True,False,At risk,Active,12,348
RC-03697,2024-11-02,Q4 2024,Europe,Individual,Standard,Monthly,Organic,0.495,29,,,False,False,Active,Active,12,348
RC-03698,2024-06-09,Q2 2024,North America,Small Business,Standard,Monthly,Referral,0.133,29,,,True,True,At risk,At risk,12,348
RC-03699,2024-12-26,Q4 2024,Europe,Freelancer,Basic,Monthly,Referral,0.127,15,3,Low usage,False,False,Churned,Churned,3,45
RC-03700,2024-11-25,Q4 2024,North America,Individual,Basic,Monthly,Organic,0.692,15,4,Price,False,False,Active,Churned,4,60
RC-03701,2024-09-07,Q3 2024,Europe,Small Business,Premium,Monthly,Paid Search,0.389,49,1,Product experience,False,False,Churned,Churned,1,49
RC-03702,2024-06-27,Q2 2024,North America,Small Business,Basic,Monthly,Paid Search,0.856,15,4,Low usage,False,False,Active,Churned,4,60
RC-03703,2024-03-05,Q1 2024,Asia-Pacific,Individual,Standard,Monthly,Organic,0.676,29,,,False,False,Active,Active,12,348
RC-03704,2024-11-04,Q4 2024,Europe,Small Business,Basic,Monthly,Organic,0.529,15,1,Price,False,False,Churned,Churned,1,15
RC-03705,2024-10-06,Q4 2024,Asia-Pacific,Freelancer,Standard,Monthly,Organic,0.849,29,,,False,False,Active,Active,12,348
RC-03706,2024-05-22,Q2 2024,North America,Individual,Standard,Monthly,Paid Search,0.635,29,,,False,False,Active,Active,12,348
RC-03707,2024-05-19,Q2 2024,Europe,Individual,Basic,Monthly,Paid Search,0.887,15,,,False,True,Active,At risk,12,180
RC-03708,2024-01-27,Q1 2024,Europe,Freelancer,Premium,Monthly,Organic,0.683,49,,,False,False,Active,Active,12,588
RC-03709,2024-03-08,Q1 2024,Asia-Pacific,Freelancer,Enterprise,Monthly,Partner,0.673,89,,,False,False,Active,Active,12,1068
RC-03710,2024-04-02,Q2 2024,Asia-Pacific,Individual,Standard,Monthly,Organic,0.91,29,,,False,False,Active,Active,12,348
RC-03711,2024-08-03,Q3 2024,Asia-Pacific,Individual,Basic,Monthly,Organic,0.543,15,,,False,False,Active,Active,12,180
RC-03712,2024-12-13,Q4 2024,North America,Small Business,Enterprise,Annual,Social,0.301,75.65,,,True,True,At risk,At risk,12,907.8
RC-03713,2024-12-16,Q4 2024,Europe,Freelancer,Enterprise,Annual,Referral,0.464,75.65,,,False,False,Active,Renewed,12,907.8
RC-03714,2024-06-17,Q2 2024,Europe,Small Business,Basic,Monthly,Social,0.836,15,,,True,False,At risk,Active,12,180
RC-03715,2024-06-23,Q2 2024,North America,Individual,Premium,Monthly,Social,0.953,49,,,False,True,Active,At risk,12,588
RC-03716,2024-12-19,Q4 2024,North America,Small Business,Basic,Annual,Organic,0.876,12.75,,,False,False,Active,Renewed,12,153.0
RC-03717,2024-12-01,Q4 2024,Europe,Small Business,Basic,Monthly,Organic,0.952,15,,,False,False,Active,Active,12,180
RC-03718,2024-03-12,Q1 2024,Asia-Pacific,Freelancer,Basic,Monthly,Paid Search,0.452,15,1,Changed needs,False,False,Churned,Churned,1,15
RC-03719,2024-03-11,Q1 2024,Europe,Individual,Standard,Annual,Social,0.388,24.65,,,False,False,Active,Renewed,12,295.8
RC-03720,2024-09-21,Q3 2024,Asia-Pacific,Individual,Standard,Monthly,Organic,0.649,29,,,False,False,Active,Active,12,348
RC-03721,2024-06-13,Q2 2024,Europe,Individual,Standard,Monthly,Referral,0.571,29,,,False,False,Active,Active,12,348
RC-03722,2024-12-20,Q4 2024,Europe,Individual,Basic,Monthly,Organic,0.094,15,,,True,True,At risk,At risk,12,180
RC-03723,2024-11-12,Q4 2024,North America,Freelancer,Standard,Monthly,Organic,0.154,29,,,True,True,At risk,At risk,12,348
RC-03724,2024-12-20,Q4 2024,North America,Freelancer,Standard,Monthly,Organic,0.151,29,6,Product experience,True,False,At risk,Churned,6,174
RC-03725,2024-07-19,Q3 2024,Other,Freelancer,Standard,Annual,Organic,0.5,24.65,1,Price,False,False,Churned,Churned,1,24.65
RC-03726,2024-11-02,Q4 2024,Europe,Individual,Basic,Monthly,Partner,0.476,15,,,False,False,Active,Active,12,180
RC-03727,2024-04-04,Q2 2024,North America,Freelancer,Basic,Annual,Social,0.404,12.75,11,Changed needs,False,False,Active,Churned,11,140.25
RC-03728,2024-12-19,Q4 2024,Asia-Pacific,Small Business,Premium,Annual,Organic,0.682,41.65,,,False,False,Active,Renewed,12,499.8
RC-03729,2024-08-13,Q3 2024,Asia-Pacific,Individual,Basic,Monthly,Referral,0.664,15,8,Price,False,False,Active,Churned,8,120
RC-03730,2024-01-20,Q1 2024,Europe,Freelancer,Basic,Monthly,Paid Search,0.409,15,,,False,False,Active,Active,12,180
RC-03731,2024-02-15,Q1 2024,North America,Freelancer,Enterprise,Monthly,Partner,0.785,89,,,False,False,Active,Active,12,1068
RC-03732,2024-07-01,Q3 2024,Europe,Freelancer,Premium,Annual,Organic,0.869,41.65,,,False,False,Active,Renewed,12,499.8
RC-03733,2024-01-20,Q1 2024,North America,Small Business,Premium,Monthly,Paid Search,0.471,49,,,False,False,Active,Active,12,588
RC-03734,2024-11-24,Q4 2024,Europe,Team,Standard,Monthly,Organic,0.648,29,,,False,True,Active,At risk,12,348
RC-03735,2024-11-11,Q4 2024,Other,Small Business,Premium,Annual,Organic,0.806,41.65,,,False,False,Active,Renewed,12,499.8
RC-03736,2024-01-17,Q1 2024,North America,Individual,Basic,Monthly,Organic,0.269,15,,,True,True,At risk,At risk,12,180
RC-03737,2024-12-15,Q4 2024,Europe,Freelancer,Standard,Monthly,Paid Search,0.664,29,,,False,False,Active,Active,12,348
RC-03738,2024-12-25,Q4 2024,Asia-Pacific,Individual,Premium,Annual,Referral,0.847,41.65,,,False,False,Active,Renewed,12,499.8
RC-03739,2024-11-26,Q4 2024,North America,Freelancer,Standard,Monthly,Organic,0.613,29,8,Low usage,False,False,Active,Churned,8,232
RC-03740,2024-11-22,Q4 2024,North America,Small Business,Basic,Monthly,Organic,0.42,15,,,False,False,Active,Active,12,180
RC-03741,2024-10-07,Q4 2024,Europe,Individual,Basic,Monthly,Partner,0.682,15,,,False,False,Active,Active,12,180
RC-03742,2024-03-22,Q1 2024,Asia-Pacific,Individual,Premium,Annual,Paid Search,0.316,41.65,,,True,True,At risk,At risk,12,499.8
RC-03743,2024-11-02,Q4 2024,Europe,Freelancer,Standard,Monthly,Paid Search,0.125,29,,,True,True,At risk,At risk,12,348
RC-03744,2024-01-09,Q1 2024,Asia-Pacific,Individual,Premium,Annual,Paid Search,0.526,41.65,,,False,False,Active,Renewed,12,499.8
RC-03745,2024-02-14,Q1 2024,Asia-Pacific,Individual,Basic,Monthly,Organic,0.849,15,,,False,False,Active,Active,12,180
RC-03746,2024-08-24,Q3 2024,North America,Individual,Standard,Monthly,Referral,0.245,29,2,Low usage,False,False,Churned,Churned,2,58
RC-03747,2024-10-14,Q4 2024,North America,Individual,Premium,Annual,Social,0.316,41.65,2,Product experience,False,False,Churned,Churned,2,83.3
RC-03748,2024-03-07,Q1 2024,North America,Small Business,Premium,Annual,Paid Search,0.939,41.65,,,False,False,Active,Renewed,12,499.8
RC-03749,2024-08-24,Q3 2024,North America,Individual,Standard,Annual,Organic,0.701,24.65,,,False,False,Active,Renewed,12,295.8
RC-03750,2024-02-21,Q1 2024,Europe,Small Business,Standard,Monthly,Paid Search,0.53,29,,,False,False,Active,Active,12,348
RC-03751,2024-05-07,Q2 2024,Other,Individual,Premium,Annual,Paid Search,0.874,41.65,,,False,False,Active,Renewed,12,499.8
RC-03752,2024-05-26,Q2 2024,North America,Individual,Premium,Monthly,Paid Search,0.927,49,,,False,False,Active,Active,12,588
RC-03753,2024-11-16,Q4 2024,Europe,Individual,Standard,Annual,Organic,0.186,24.65,,,True,True,At risk,At risk,12,295.8
RC-03754,2024-04-12,Q2 2024,Europe,Freelancer,Standard,Monthly,Organic,0.741,29,10,Low usage,False,False,Active,Churned,10,290
RC-03755,2024-02-06,Q1 2024,Europe,Individual,Premium,Annual,Partner,0.144,41.65,,,True,True,At risk,At risk,12,499.8
RC-03756,2024-07-07,Q3 2024,North America,Small Business,Basic,Monthly,Organic,0.313,15,,,True,True,At risk,At risk,12,180
RC-03757,2024-03-27,Q1 2024,Asia-Pacific,Individual,Standard,Annual,Organic,0.39,24.65,,,False,False,Active,Renewed,12,295.8
RC-03758,2024-12-05,Q4 2024,North America,Individual,Standard,Monthly,Social,0.829,29,8,Alternative,False,False,Active,Churned,8,232
RC-03759,2024-08-21,Q3 2024,Asia-Pacific,Individual,Enterprise,Monthly,Organic,0.486,89,,,False,False,Active,Active,12,1068
RC-03760,2024-02-15,Q1 2024,North America,Individual,Basic,Annual,Organic,0.799,12.75,,,False,True,Active,At risk,12,153.0
RC-03761,2024-10-06,Q4 2024,Europe,Small Business,Premium,Monthly,Paid Search,0.972,49,,,False,False,Active,Active,12,588
RC-03762,2024-02-17,Q1 2024,North America,Freelancer,Standard,Monthly,Referral,0.832,29,,,False,False,Active,Active,12,348
RC-03763,2024-07-13,Q3 2024,North America,Freelancer,Standard,Monthly,Paid Search,0.614,29,,,False,False,Active,Active,12,348
RC-03764,2024-11-05,Q4 2024,Asia-Pacific,Small Business,Standard,Monthly,Paid Search,0.699,29,,,False,False,Active,Active,12,348
RC-03765,2024-04-27,Q2 2024,Other,Individual,Standard,Monthly,Paid Search,0.582,29,,,False,False,Active,Active,12,348
RC-03766,2024-11-09,Q4 2024,Other,Small Business,Basic,Monthly,Paid Search,0.591,15,3,Price,False,False,Churned,Churned,3,45
RC-03767,2024-02-02,Q1 2024,Europe,Individual,Basic,Monthly,Paid Search,0.865,15,,,False,False,Active,Active,12,180
RC-03768,2024-06-05,Q2 2024,North America,Individual,Premium,Annual,Partner,0.557,41.65,,,False,False,Active,Renewed,12,499.8
RC-03769,2024-12-24,Q4 2024,North America,Freelancer,Standard,Monthly,Organic,0.523,29,8,Low usage,False,False,Active,Churned,8,232
RC-03770,2024-02-09,Q1 2024,North America,Small Business,Premium,Monthly,Social,0.545,49,,,False,False,Active,Active,12,588
RC-03771,2024-05-08,Q2 2024,Asia-Pacific,Freelancer,Standard,Annual,Partner,0.428,24.65,,,True,False,At risk,Renewed,12,295.8
RC-03772,2024-12-10,Q4 2024,Europe,Individual,Basic,Monthly,Social,0.85,15,,,False,False,Active,Active,12,180
RC-03773,2024-03-14,Q1 2024,Asia-Pacific,Individual,Enterprise,Annual,Referral,0.81,75.65,,,False,False,Active,Renewed,12,907.8
RC-03774,2024-08-20,Q3 2024,North America,Freelancer,Standard,Monthly,Social,0.937,29,,,False,False,Active,Active,12,348
RC-03775,2024-02-11,Q1 2024,North America,Individual,Enterprise,Annual,Partner,0.6,75.65,,,False,False,Active,Renewed,12,907.8
RC-03776,2024-06-11,Q2 2024,Asia-Pacific,Freelancer,Basic,Monthly,Paid Search,0.779,15,,,False,False,Active,Active,12,180
RC-03777,2024-11-10,Q4 2024,North America,Freelancer,Premium,Annual,Organic,0.746,41.65,,,False,False,Active,Renewed,12,499.8
RC-03778,2024-10-26,Q4 2024,Europe,Individual,Basic,Monthly,Paid Search,0.467,15,2,Low usage,False,False,Churned,Churned,2,30
RC-03779,2024-11-17,Q4 2024,Europe,Individual,Enterprise,Annual,Partner,0.519,75.65,,,False,False,Active,Renewed,12,907.8
RC-03780,2024-10-28,Q4 2024,Other,Individual,Standard,Monthly,Organic,0.648,29,10,Alternative,False,False,Active,Churned,10,290
RC-03781,2024-10-14,Q4 2024,Asia-Pacific,Individual,Enterprise,Annual,Social,0.282,75.65,,,True,True,At risk,At risk,12,907.8
RC-03782,2024-08-04,Q3 2024,North America,Individual,Basic,Annual,Organic,0.419,12.75,11,Low usage,False,False,Active,Churned,11,140.25
RC-03783,2024-03-02,Q1 2024,North America,Small Business,Standard,Monthly,Referral,0.248,29,,,True,True,At risk,At risk,12,348
RC-03784,2024-06-12,Q2 2024,Asia-Pacific,Individual,Basic,Annual,Organic,0.644,12.75,,,False,False,Active,Renewed,12,153.0
RC-03785,2024-08-19,Q3 2024,Europe,Freelancer,Standard,Annual,Social,0.9,24.65,,,False,False,Active,Renewed,12,295.8
RC-03786,2024-12-12,Q4 2024,Europe,Team,Premium,Monthly,Organic,0.248,49,,,True,True,At risk,At risk,12,588
RC-03787,2024-10-08,Q4 2024,Europe,Freelancer,Premium,Annual,Social,0.402,41.65,,,False,False,Active,Renewed,12,499.8
RC-03788,2024-05-10,Q2 2024,Asia-Pacific,Individual,Basic,Annual,Social,0.739,12.75,,,True,False,At risk,Renewed,12,153.0
RC-03789,2024-02-27,Q1 2024,Europe,Individual,Enterprise,Annual,Partner,0.949,75.65,,,False,False,Active,Renewed,12,907.8
RC-03790,2024-08-01,Q3 2024,North America,Individual,Basic,Annual,Organic,0.691,12.75,,,False,False,Active,Renewed,12,153.0
RC-03791,2024-02-17,Q1 2024,Asia-Pacific,Freelancer,Standard,Annual,Partner,0.627,24.65,,,False,False,Active,Renewed,12,295.8
RC-03792,2024-02-15,Q1 2024,Europe,Team,Basic,Monthly,Paid Search,0.609,15,,,False,False,Active,Active,12,180
RC-03793,2024-08-23,Q3 2024,North America,Individual,Standard,Annual,Referral,0.514,24.65,,,False,False,Active,Renewed,12,295.8
RC-03794,2024-11-22,Q4 2024,North America,Individual,Basic,Annual,Organic,0.79,12.75,,,False,False,Active,Renewed,12,153.0
RC-03795,2024-07-15,Q3 2024,North America,Small Business,Basic,Monthly,Paid Search,0.945,15,1,Product experience,False,False,Churned,Churned,1,15
RC-03796,2024-05-04,Q2 2024,Europe,Individual,Standard,Annual,Paid Search,0.858,24.65,,,False,False,Active,Renewed,12,295.8
RC-03797,2024-04-28,Q2 2024,North America,Individual,Standard,Monthly,Partner,0.5,29,,,False,False,Active,Active,12,348
RC-03798,2024-09-03,Q3 2024,North America,Individual,Basic,Monthly,Paid Search,0.841,15,,,False,False,Active,Active,12,180
RC-03799,2024-12-25,Q4 2024,Asia-Pacific,Freelancer,Premium,Annual,Organic,0.368,41.65,9,Low usage,False,False,Active,Churned,9,374.85
RC-03800,2024-11-15,Q4 2024,Europe,Individual,Standard,Annual,Organic,0.424,24.65,,,False,False,Active,Renewed,12,295.8
RC-03801,2024-05-28,Q2 2024,Asia-Pacific,Small Business,Basic,Annual,Referral,0.486,12.75,,,False,False,Active,Renewed,12,153.0
RC-03802,2024-04-28,Q2 2024,Other,Small Business,Premium,Monthly,Paid Search,0.979,49,,,False,False,Active,Active,12,588
RC-03803,2024-01-17,Q1 2024,Other,Individual,Standard,Monthly,Organic,0.453,29,,,False,False,Active,Active,12,348
RC-03804,2024-09-18,Q3 2024,Other,Small Business,Basic,Monthly,Organic,0.698,15,,,False,False,Active,Active,12,180
RC-03805,2024-12-05,Q4 2024,Asia-Pacific,Freelancer,Basic,Annual,Referral,0.31,12.75,,,True,True,At risk,At risk,12,153.0
RC-03806,2024-11-21,Q4 2024,North America,Individual,Basic,Annual,Paid Search,0.717,12.75,,,False,False,Active,Renewed,12,153.0
RC-03807,2024-01-11,Q1 2024,Europe,Freelancer,Basic,Monthly,Organic,0.709,15,,,False,False,Active,Active,12,180
RC-03808,2024-02-24,Q1 2024,North America,Individual,Standard,Monthly,Organic,0.146,29,,,True,True,At risk,At risk,12,348
RC-03809,2024-06-10,Q2 2024,Asia-Pacific,Freelancer,Standard,Monthly,Organic,0.383,29,,,False,False,Active,Active,12,348
RC-03810,2024-10-19,Q4 2024,North America,Freelancer,Premium,Annual,Paid Search,0.356,41.65,,,False,False,Active,Renewed,12,499.8
RC-03811,2024-07-15,Q3 2024,North America,Small Business,Standard,Monthly,Organic,0.746,29,,,True,False,At risk,Active,12,348
RC-03812,2024-03-21,Q1 2024,North America,Small Business,Basic,Monthly,Referral,0.716,15,,,False,False,Active,Active,12,180
RC-03813,2024-10-16,Q4 2024,Europe,Individual,Premium,Annual,Referral,0.78,41.65,,,False,False,Active,Renewed,12,499.8
RC-03814,2024-12-25,Q4 2024,Other,Individual,Basic,Monthly,Paid Search,0.607,15,,,False,False,Active,Active,12,180
RC-03815,2024-02-25,Q1 2024,North America,Individual,Premium,Monthly,Paid Search,0.694,49,2,Alternative,False,False,Churned,Churned,2,98
RC-03816,2024-12-25,Q4 2024,Other,Freelancer,Basic,Annual,Social,0.261,12.75,,,True,True,At risk,At risk,12,153.0
RC-03817,2024-01-15,Q1 2024,North America,Individual,Basic,Monthly,Paid Search,0.788,15,6,Changed needs,False,False,Active,Churned,6,90
RC-03818,2024-11-14,Q4 2024,North America,Individual,Premium,Monthly,Paid Search,0.459,49,,,False,False,Active,Active,12,588
RC-03819,2024-12-28,Q4 2024,Asia-Pacific,Individual,Basic,Monthly,Organic,0.166,15,2,Product experience,False,False,Churned,Churned,2,30
RC-03820,2024-10-11,Q4 2024,Asia-Pacific,Team,Basic,Monthly,Referral,0.619,15,,,False,False,Active,Active,12,180
RC-03821,2024-12-28,Q4 2024,Asia-Pacific,Small Business,Basic,Monthly,Organic,0.714,15,,,True,False,At risk,Active,12,180
RC-03822,2024-02-20,Q1 2024,North America,Freelancer,Standard,Monthly,Organic,0.424,29,,,False,False,Active,Active,12,348
RC-03823,2024-12-13,Q4 2024,Europe,Freelancer,Standard,Annual,Paid Search,0.331,24.65,,,False,True,Active,At risk,12,295.8
RC-03824,2024-02-18,Q1 2024,North America,Freelancer,Premium,Annual,Organic,0.048,41.65,,,True,True,At risk,At risk,12,499.8
RC-03825,2024-06-23,Q2 2024,North America,Individual,Enterprise,Annual,Referral,0.754,75.65,,,False,False,Active,Renewed,12,907.8
RC-03826,2024-08-16,Q3 2024,Asia-Pacific,Small Business,Basic,Monthly,Referral,0.891,15,,,False,False,Active,Active,12,180
RC-03827,2024-02-16,Q1 2024,North America,Individual,Standard,Monthly,Organic,0.938,29,,,False,False,Active,Active,12,348
RC-03828,2024-07-22,Q3 2024,Europe,Individual,Premium,Annual,Paid Search,0.471,41.65,12,Product experience,False,False,Active,Churned,12,499.8
RC-03829,2024-07-07,Q3 2024,North America,Team,Premium,Annual,Referral,0.859,41.65,,,False,False,Active,Renewed,12,499.8
RC-03830,2024-10-12,Q4 2024,North America,Freelancer,Enterprise,Monthly,Paid Search,0.554,89,,,False,False,Active,Active,12,1068
RC-03831,2024-02-19,Q1 2024,Other,Individual,Standard,Monthly,Social,0.225,29,3,Payment issue,False,False,Churned,Churned,3,87
RC-03832,2024-04-12,Q2 2024,Europe,Individual,Standard,Annual,Paid Search,0.876,24.65,,,False,False,Active,Renewed,12,295.8
RC-03833,2024-06-18,Q2 2024,Europe,Individual,Standard,Monthly,Paid Search,0.882,29,2,Alternative,False,False,Churned,Churned,2,58
RC-03834,2024-07-23,Q3 2024,Asia-Pacific,Individual,Premium,Annual,Referral,0.582,41.65,,,False,False,Active,Renewed,12,499.8
RC-03835,2024-02-03,Q1 2024,North America,Individual,Standard,Monthly,Organic,0.583,29,,,False,False,Active,Active,12,348
RC-03836,2024-08-01,Q3 2024,North America,Individual,Standard,Annual,Referral,0.666,24.65,,,False,True,Active,At risk,12,295.8
RC-03837,2024-08-20,Q3 2024,Asia-Pacific,Individual,Basic,Monthly,Partner,0.626,15,7,Price,False,False,Active,Churned,7,105
RC-03838,2024-07-17,Q3 2024,Asia-Pacific,Individual,Basic,Monthly,Organic,0.385,15,5,Payment issue,False,False,Active,Churned,5,75
RC-03839,2024-11-20,Q4 2024,Other,Small Business,Basic,Monthly,Organic,0.435,15,,,False,False,Active,Active,12,180
RC-03840,2024-07-11,Q3 2024,Europe,Freelancer,Basic,Monthly,Social,0.589,15,,,False,False,Active,Active,12,180
RC-03841,2024-12-05,Q4 2024,Asia-Pacific,Individual,Basic,Monthly,Referral,0.431,15,,,False,False,Active,Active,12,180
RC-03842,2024-05-19,Q2 2024,North America,Individual,Standard,Annual,Paid Search,0.678,24.65,,,False,False,Active,Renewed,12,295.8
RC-03843,2024-08-15,Q3 2024,Asia-Pacific,Individual,Premium,Monthly,Social,0.695,49,,,True,False,At risk,Active,12,588
RC-03844,2024-11-21,Q4 2024,Europe,Freelancer,Standard,Annual,Organic,0.097,24.65,,,True,True,At risk,At risk,12,295.8
RC-03845,2024-06-11,Q2 2024,Europe,Individual,Basic,Monthly,Referral,0.776,15,,,False,False,Active,Active,12,180
RC-03846,2024-11-05,Q4 2024,North America,Small Business,Standard,Monthly,Organic,0.829,29,,,False,False,Active,Active,12,348
RC-03847,2024-08-04,Q3 2024,Asia-Pacific,Individual,Standard,Monthly,Partner,0.394,29,,,False,False,Active,Active,12,348
RC-03848,2024-12-16,Q4 2024,Asia-Pacific,Individual,Enterprise,Monthly,Paid Search,0.453,89,,,False,False,Active,Active,12,1068
RC-03849,2024-05-04,Q2 2024,Europe,Individual,Standard,Annual,Organic,0.289,24.65,,,True,True,At risk,At risk,12,295.8
RC-03850,2024-06-19,Q2 2024,Asia-Pacific,Freelancer,Standard,Monthly,Organic,0.792,29,,,False,False,Active,Active,12,348
RC-03851,2024-06-20,Q2 2024,Asia-Pacific,Freelancer,Basic,Monthly,Partner,0.637,15,3,Price,False,False,Churned,Churned,3,45
RC-03852,2024-01-25,Q1 2024,North America,Freelancer,Basic,Monthly,Paid Search,0.34,15,,,False,True,Active,At risk,12,180
RC-03853,2024-12-19,Q4 2024,Europe,Individual,Premium,Monthly,Partner,0.842,49,,,False,False,Active,Active,12,588
RC-03854,2024-11-21,Q4 2024,Asia-Pacific,Small Business,Standard,Monthly,Partner,0.673,29,,,False,False,Active,Active,12,348
RC-03855,2024-03-17,Q1 2024,Europe,Individual,Enterprise,Annual,Paid Search,0.838,75.65,5,Alternative,False,False,Active,Churned,5,378.25
RC-03856,2024-06-20,Q2 2024,North America,Individual,Standard,Annual,Paid Search,0.24,24.65,8,Payment issue,True,False,At risk,Churned,8,197.2
RC-03857,2024-12-21,Q4 2024,Asia-Pacific,Individual,Standard,Annual,Social,0.418,24.65,,,False,False,Active,Renewed,12,295.8
RC-03858,2024-04-19,Q2 2024,North America,Individual,Standard,Annual,Paid Search,0.633,24.65,,,False,False,Active,Renewed,12,295.8
RC-03859,2024-04-15,Q2 2024,North America,Small Business,Standard,Monthly,Organic,0.922,29,,,False,True,Active,At risk,12,348
RC-03860,2024-05-20,Q2 2024,Europe,Individual,Enterprise,Annual,Referral,0.391,75.65,2,Low usage,False,False,Churned,Churned,2,151.3
RC-03861,2024-03-13,Q1 2024,Europe,Individual,Basic,Monthly,Social,0.746,15,11,Product experience,False,False,Active,Churned,11,165
RC-03862,2024-07-22,Q3 2024,Europe,Individual,Standard,Annual,Organic,0.221,24.65,,,True,True,At risk,At risk,12,295.8
RC-03863,2024-06-11,Q2 2024,North America,Individual,Standard,Monthly,Paid Search,0.763,29,,,False,False,Active,Active,12,348
RC-03864,2024-06-09,Q2 2024,Asia-Pacific,Individual,Basic,Monthly,Referral,0.251,15,,,True,True,At risk,At risk,12,180
RC-03865,2024-11-09,Q4 2024,North America,Individual,Basic,Annual,Organic,0.902,12.75,,,False,False,Active,Renewed,12,153.0
RC-03866,2024-09-21,Q3 2024,Asia-Pacific,Individual,Standard,Monthly,Paid Search,0.13,29,,,True,True,At risk,At risk,12,348
RC-03867,2024-10-22,Q4 2024,Europe,Small Business,Premium,Annual,Paid Search,0.803,41.65,,,True,False,At risk,Renewed,12,499.8
RC-03868,2024-09-01,Q3 2024,Europe,Small Business,Standard,Monthly,Paid Search,0.384,29,,,False,False,Active,Active,12,348
RC-03869,2024-04-28,Q2 2024,North America,Small Business,Standard,Monthly,Organic,0.675,29,,,False,False,Active,Active,12,348
RC-03870,2024-05-22,Q2 2024,North America,Small Business,Premium,Monthly,Paid Search,0.164,49,4,Low usage,True,False,At risk,Churned,4,196
RC-03871,2024-09-09,Q3 2024,Asia-Pacific,Small Business,Premium,Annual,Partner,0.92,41.65,,,False,False,Active,Renewed,12,499.8
RC-03872,2024-04-27,Q2 2024,Asia-Pacific,Small Business,Basic,Monthly,Referral,0.594,15,3,Price,False,False,Churned,Churned,3,45
RC-03873,2024-11-05,Q4 2024,Other,Individual,Premium,Monthly,Social,0.501,49,2,Low usage,False,False,Churned,Churned,2,98
RC-03874,2024-12-08,Q4 2024,North America,Individual,Standard,Monthly,Organic,0.524,29,,,False,True,Active,At risk,12,348
RC-03875,2024-04-09,Q2 2024,North America,Small Business,Standard,Annual,Organic,0.723,24.65,,,False,False,Active,Renewed,12,295.8
RC-03876,2024-09-21,Q3 2024,Asia-Pacific,Small Business,Premium,Annual,Social,0.357,41.65,,,False,False,Active,Renewed,12,499.8
RC-03877,2024-10-21,Q4 2024,North America,Individual,Premium,Monthly,Partner,0.749,49,,,False,False,Active,Active,12,588
RC-03878,2024-10-09,Q4 2024,Europe,Small Business,Premium,Annual,Partner,0.631,41.65,,,False,False,Active,Renewed,12,499.8
RC-03879,2024-10-21,Q4 2024,Other,Individual,Enterprise,Annual,Organic,0.251,75.65,,,True,True,At risk,At risk,12,907.8
RC-03880,2024-09-20,Q3 2024,Asia-Pacific,Individual,Premium,Monthly,Organic,0.458,49,,,False,True,Active,At risk,12,588
RC-03881,2024-01-25,Q1 2024,Asia-Pacific,Individual,Basic,Monthly,Partner,0.702,15,,,False,False,Active,Active,12,180
RC-03882,2024-01-27,Q1 2024,North America,Freelancer,Standard,Monthly,Referral,0.752,29,,,False,False,Active,Active,12,348
RC-03883,2024-02-26,Q1 2024,North America,Freelancer,Standard,Monthly,Social,0.363,29,,,False,False,Active,Active,12,348
RC-03884,2024-10-12,Q4 2024,Europe,Individual,Standard,Monthly,Paid Search,0.628,29,,,False,False,Active,Active,12,348
RC-03885,2024-11-27,Q4 2024,Europe,Small Business,Standard,Monthly,Organic,0.971,29,,,False,False,Active,Active,12,348
RC-03886,2024-02-21,Q1 2024,North America,Individual,Premium,Annual,Paid Search,0.344,41.65,,,False,True,Active,At risk,12,499.8
RC-03887,2024-08-09,Q3 2024,Other,Individual,Standard,Monthly,Referral,0.657,29,,,False,True,Active,At risk,12,348
RC-03888,2024-09-21,Q3 2024,North America,Individual,Basic,Monthly,Paid Search,0.867,15,1,Alternative,False,False,Churned,Churned,1,15
RC-03889,2024-12-17,Q4 2024,Europe,Individual,Premium,Annual,Paid Search,0.558,41.65,,,False,False,Active,Renewed,12,499.8
RC-03890,2024-01-06,Q1 2024,Asia-Pacific,Freelancer,Enterprise,Monthly,Paid Search,0.426,89,,,False,False,Active,Active,12,1068
RC-03891,2024-01-07,Q1 2024,North America,Small Business,Standard,Monthly,Social,0.94,29,,,False,False,Active,Active,12,348
RC-03892,2024-09-27,Q3 2024,North America,Individual,Standard,Monthly,Organic,0.315,29,,,True,True,At risk,At risk,12,348
RC-03893,2024-10-19,Q4 2024,North America,Small Business,Standard,Monthly,Referral,0.759,29,,,False,False,Active,Active,12,348
RC-03894,2024-04-28,Q2 2024,North America,Individual,Standard,Monthly,Organic,0.361,29,,,False,False,Active,Active,12,348
RC-03895,2024-11-08,Q4 2024,Europe,Individual,Basic,Annual,Organic,0.667,12.75,,,False,False,Active,Renewed,12,153.0
RC-03896,2024-09-02,Q3 2024,North America,Individual,Standard,Annual,Paid Search,0.563,24.65,,,False,False,Active,Renewed,12,295.8
RC-03897,2024-02-11,Q1 2024,Europe,Individual,Basic,Monthly,Referral,0.404,15,,,False,False,Active,Active,12,180
RC-03898,2024-06-07,Q2 2024,Europe,Freelancer,Basic,Monthly,Partner,0.511,15,,,False,False,Active,Active,12,180
RC-03899,2024-10-16,Q4 2024,North America,Individual,Standard,Annual,Paid Search,0.476,24.65,,,False,False,Active,Renewed,12,295.8
RC-03900,2024-06-10,Q2 2024,Europe,Freelancer,Standard,Monthly,Partner,0.887,29,,,False,False,Active,Active,12,348
RC-03901,2024-01-27,Q1 2024,Asia-Pacific,Freelancer,Basic,Monthly,Organic,0.817,15,,,False,False,Active,Active,12,180
RC-03902,2024-02-05,Q1 2024,Asia-Pacific,Individual,Standard,Monthly,Referral,0.601,29,,,False,False,Active,Active,12,348
RC-03903,2024-02-22,Q1 2024,North America,Freelancer,Standard,Monthly,Paid Search,0.554,29,,,False,False,Active,Active,12,348
RC-03904,2024-04-19,Q2 2024,Other,Individual,Premium,Monthly,Organic,0.573,49,,,False,False,Active,Active,12,588
RC-03905,2024-05-11,Q2 2024,North America,Freelancer,Standard,Annual,Partner,0.82,24.65,8,Product experience,False,False,Active,Churned,8,197.2
RC-03906,2024-09-01,Q3 2024,North America,Freelancer,Standard,Monthly,Paid Search,0.694,29,6,Changed needs,False,False,Active,Churned,6,174
RC-03907,2024-11-21,Q4 2024,Europe,Individual,Standard,Annual,Referral,0.865,24.65,,,False,False,Active,Renewed,12,295.8
RC-03908,2024-02-11,Q1 2024,North America,Freelancer,Standard,Annual,Organic,0.419,24.65,,,False,False,Active,Renewed,12,295.8
RC-03909,2024-07-21,Q3 2024,North America,Individual,Premium,Annual,Partner,0.631,41.65,3,Changed needs,False,False,Churned,Churned,3,124.95
RC-03910,2024-05-14,Q2 2024,Other,Freelancer,Enterprise,Monthly,Social,0.749,89,,,False,False,Active,Active,12,1068
RC-03911,2024-09-28,Q3 2024,North America,Small Business,Basic,Monthly,Partner,0.8,15,,,False,False,Active,Active,12,180
RC-03912,2024-08-27,Q3 2024,North America,Individual,Basic,Annual,Organic,0.654,12.75,3,Alternative,False,False,Churned,Churned,3,38.25
RC-03913,2024-06-26,Q2 2024,North America,Individual,Basic,Monthly,Social,0.675,15,,,False,False,Active,Active,12,180
RC-03914,2024-01-19,Q1 2024,North America,Individual,Standard,Monthly,Paid Search,0.734,29,2,Price,False,False,Churned,Churned,2,58
RC-03915,2024-10-20,Q4 2024,Europe,Individual,Standard,Monthly,Social,0.763,29,,,False,False,Active,Active,12,348
RC-03916,2024-02-23,Q1 2024,Europe,Individual,Standard,Monthly,Organic,0.682,29,,,False,False,Active,Active,12,348
RC-03917,2024-03-28,Q1 2024,Europe,Small Business,Standard,Annual,Organic,0.818,24.65,,,False,False,Active,Renewed,12,295.8
RC-03918,2024-12-09,Q4 2024,Asia-Pacific,Small Business,Standard,Annual,Referral,0.492,24.65,,,False,False,Active,Renewed,12,295.8
RC-03919,2024-08-20,Q3 2024,North America,Individual,Premium,Annual,Organic,0.412,41.65,,,False,False,Active,Renewed,12,499.8
RC-03920,2024-04-23,Q2 2024,North America,Individual,Standard,Monthly,Partner,0.767,29,,,False,False,Active,Active,12,348
RC-03921,2024-09-12,Q3 2024,Asia-Pacific,Individual,Basic,Monthly,Organic,0.657,15,,,False,False,Active,Active,12,180
RC-03922,2024-09-09,Q3 2024,Europe,Individual,Premium,Annual,Organic,0.663,41.65,7,Product experience,False,False,Active,Churned,7,291.55
RC-03923,2024-11-24,Q4 2024,Europe,Individual,Premium,Annual,Partner,0.31,41.65,,,True,True,At risk,At risk,12,499.8
RC-03924,2024-09-26,Q3 2024,Other,Individual,Standard,Monthly,Social,0.849,29,,,False,False,Active,Active,12,348
RC-03925,2024-10-25,Q4 2024,Europe,Freelancer,Standard,Monthly,Paid Search,0.546,29,,,False,False,Active,Active,12,348
RC-03926,2024-07-12,Q3 2024,Asia-Pacific,Individual,Standard,Monthly,Organic,0.561,29,,,False,False,Active,Active,12,348
RC-03927,2024-06-20,Q2 2024,Europe,Individual,Standard,Annual,Social,0.707,24.65,,,False,False,Active,Renewed,12,295.8
RC-03928,2024-07-03,Q3 2024,Europe,Individual,Basic,Annual,Paid Search,0.663,12.75,,,False,False,Active,Renewed,12,153.0
RC-03929,2024-09-25,Q3 2024,Europe,Freelancer,Standard,Annual,Organic,0.749,24.65,,,False,False,Active,Renewed,12,295.8
RC-03930,2024-12-28,Q4 2024,Europe,Small Business,Premium,Annual,Organic,0.649,41.65,,,False,True,Active,At risk,12,499.8
RC-03931,2024-12-03,Q4 2024,Asia-Pacific,Individual,Premium,Annual,Organic,0.335,41.65,,,False,True,Active,At risk,12,499.8
RC-03932,2024-04-23,Q2 2024,North America,Individual,Standard,Monthly,Organic,0.504,29,,,False,False,Active,Active,12,348
RC-03933,2024-12-15,Q4 2024,Europe,Freelancer,Standard,Monthly,Social,0.63,29,,,False,False,Active,Active,12,348
RC-03934,2024-12-01,Q4 2024,Europe,Team,Premium,Monthly,Organic,0.378,49,5,Product experience,False,False,Active,Churned,5,245
RC-03935,2024-01-22,Q1 2024,North America,Individual,Standard,Annual,Organic,0.877,24.65,6,Low usage,False,False,Active,Churned,6,147.9
RC-03936,2024-10-26,Q4 2024,Europe,Freelancer,Enterprise,Monthly,Paid Search,0.661,89,,,True,False,At risk,Active,12,1068
RC-03937,2024-04-24,Q2 2024,Asia-Pacific,Small Business,Standard,Monthly,Paid Search,0.885,29,,,False,False,Active,Active,12,348
RC-03938,2024-11-24,Q4 2024,North America,Freelancer,Standard,Annual,Referral,0.591,24.65,,,False,False,Active,Renewed,12,295.8
RC-03939,2024-08-06,Q3 2024,Europe,Individual,Standard,Monthly,Partner,0.677,29,,,False,False,Active,Active,12,348
RC-03940,2024-11-02,Q4 2024,North America,Individual,Basic,Monthly,Referral,0.516,15,,,False,False,Active,Active,12,180
RC-03941,2024-04-16,Q2 2024,North America,Individual,Premium,Monthly,Organic,0.356,49,,,False,False,Active,Active,12,588
RC-03942,2024-12-28,Q4 2024,Other,Freelancer,Standard,Annual,Organic,0.677,24.65,,,False,False,Active,Renewed,12,295.8
RC-03943,2024-01-28,Q1 2024,Europe,Freelancer,Premium,Annual,Organic,0.147,41.65,1,Alternative,False,False,Churned,Churned,1,41.65
RC-03944,2024-05-28,Q2 2024,North America,Freelancer,Basic,Monthly,Paid Search,0.531,15,8,Alternative,False,False,Active,Churned,8,120
RC-03945,2024-02-16,Q1 2024,Europe,Individual,Basic,Monthly,Partner,0.84,15,2,Price,False,False,Churned,Churned,2,30
RC-03946,2024-04-16,Q2 2024,North America,Individual,Standard,Monthly,Social,0.165,29,,,True,True,At risk,At risk,12,348
RC-03947,2024-08-20,Q3 2024,Europe,Individual,Standard,Monthly,Partner,0.153,29,,,True,True,At risk,At risk,12,348
RC-03948,2024-01-12,Q1 2024,Europe,Freelancer,Standard,Monthly,Organic,0.488,29,,,False,False,Active,Active,12,348
RC-03949,2024-05-16,Q2 2024,Europe,Individual,Enterprise,Annual,Organic,0.506,75.65,,,True,False,At risk,Renewed,12,907.8
RC-03950,2024-07-06,Q3 2024,Europe,Individual,Enterprise,Monthly,Organic,0.903,89,,,False,False,Active,Active,12,1068
RC-03951,2024-03-13,Q1 2024,North America,Individual,Premium,Monthly,Organic,0.741,49,12,Price,False,False,Active,Churned,12,588
RC-03952,2024-01-05,Q1 2024,Asia-Pacific,Individual,Premium,Annual,Social,0.712,41.65,,,False,False,Active,Renewed,12,499.8
RC-03953,2024-08-19,Q3 2024,Asia-Pacific,Small Business,Premium,Annual,Partner,0.618,41.65,,,False,False,Active,Renewed,12,499.8
RC-03954,2024-01-19,Q1 2024,Europe,Freelancer,Basic,Annual,Partner,0.817,12.75,,,False,False,Active,Renewed,12,153.0
RC-03955,2024-12-07,Q4 2024,North America,Small Business,Basic,Monthly,Organic,0.86,15,,,False,False,Active,Active,12,180
RC-03956,2024-01-12,Q1 2024,Asia-Pacific,Freelancer,Standard,Monthly,Referral,0.745,29,8,Price,False,False,Active,Churned,8,232
RC-03957,2024-04-17,Q2 2024,North America,Freelancer,Premium,Annual,Organic,0.249,41.65,,,True,True,At risk,At risk,12,499.8
RC-03958,2024-02-26,Q1 2024,North America,Individual,Basic,Monthly,Paid Search,0.393,15,2,Price,False,False,Churned,Churned,2,30
RC-03959,2024-12-15,Q4 2024,Europe,Team,Premium,Annual,Referral,0.289,41.65,,,True,True,At risk,At risk,12,499.8
RC-03960,2024-12-20,Q4 2024,Europe,Individual,Standard,Monthly,Social,0.508,29,,,False,False,Active,Active,12,348
RC-03961,2024-10-08,Q4 2024,Europe,Freelancer,Standard,Monthly,Organic,0.579,29,,,False,False,Active,Active,12,348
RC-03962,2024-03-03,Q1 2024,North America,Small Business,Premium,Annual,Organic,0.636,41.65,,,False,False,Active,Renewed,12,499.8
RC-03963,2024-08-21,Q3 2024,Asia-Pacific,Individual,Basic,Annual,Partner,0.538,12.75,2,Alternative,False,False,Churned,Churned,2,25.5
RC-03964,2024-08-09,Q3 2024,North America,Individual,Basic,Annual,Organic,0.685,12.75,,,False,False,Active,Renewed,12,153.0
RC-03965,2024-12-04,Q4 2024,Asia-Pacific,Individual,Standard,Annual,Paid Search,0.844,24.65,7,Price,False,False,Active,Churned,7,172.55
RC-03966,2024-04-02,Q2 2024,Europe,Small Business,Basic,Monthly,Social,0.68,15,9,Changed needs,False,False,Active,Churned,9,135
RC-03967,2024-11-05,Q4 2024,North America,Team,Basic,Monthly,Organic,0.781,15,,,False,False,Active,Active,12,180
RC-03968,2024-02-28,Q1 2024,Europe,Small Business,Standard,Monthly,Social,0.666,29,,,False,False,Active,Active,12,348
RC-03969,2024-09-13,Q3 2024,North America,Small Business,Enterprise,Annual,Paid Search,0.541,75.65,,,False,False,Active,Renewed,12,907.8
RC-03970,2024-07-18,Q3 2024,Europe,Small Business,Basic,Monthly,Partner,0.561,15,,,False,False,Active,Active,12,180
RC-03971,2024-08-16,Q3 2024,Asia-Pacific,Individual,Standard,Monthly,Referral,0.856,29,,,False,False,Active,Active,12,348
RC-03972,2024-11-03,Q4 2024,North America,Freelancer,Standard,Monthly,Referral,0.395,29,,,False,False,Active,Active,12,348
RC-03973,2024-04-11,Q2 2024,Europe,Small Business,Basic,Monthly,Organic,0.74,15,3,Price,False,False,Churned,Churned,3,45
RC-03974,2024-06-18,Q2 2024,North America,Small Business,Premium,Monthly,Social,0.68,49,,,False,False,Active,Active,12,588
RC-03975,2024-03-27,Q1 2024,Asia-Pacific,Individual,Standard,Monthly,Paid Search,0.879,29,1,Price,False,False,Churned,Churned,1,29
RC-03976,2024-12-19,Q4 2024,Europe,Freelancer,Premium,Monthly,Paid Search,0.815,49,,,False,False,Active,Active,12,588
RC-03977,2024-06-17,Q2 2024,Asia-Pacific,Individual,Premium,Monthly,Social,0.618,49,,,False,False,Active,Active,12,588
RC-03978,2024-02-21,Q1 2024,North America,Freelancer,Basic,Annual,Referral,0.841,12.75,,,False,False,Active,Renewed,12,153.0
RC-03979,2024-09-17,Q3 2024,North America,Freelancer,Basic,Monthly,Partner,0.456,15,3,Low usage,False,False,Churned,Churned,3,45
RC-03980,2024-09-22,Q3 2024,Europe,Individual,Basic,Monthly,Partner,0.708,15,,,False,False,Active,Active,12,180
RC-03981,2024-04-12,Q2 2024,North America,Team,Basic,Monthly,Paid Search,0.408,15,10,Alternative,False,False,Active,Churned,10,150
RC-03982,2024-05-16,Q2 2024,Other,Individual,Standard,Monthly,Social,0.31,29,7,Low usage,True,False,At risk,Churned,7,203
RC-03983,2024-12-23,Q4 2024,North America,Small Business,Basic,Monthly,Social,0.852,15,,,False,False,Active,Active,12,180
RC-03984,2024-10-16,Q4 2024,North America,Small Business,Standard,Monthly,Organic,0.528,29,8,Price,False,False,Active,Churned,8,232
RC-03985,2024-03-19,Q1 2024,North America,Individual,Basic,Monthly,Social,0.475,15,,,False,False,Active,Active,12,180
RC-03986,2024-03-26,Q1 2024,Other,Freelancer,Basic,Monthly,Social,0.673,15,,,False,False,Active,Active,12,180
RC-03987,2024-03-09,Q1 2024,Europe,Individual,Premium,Monthly,Social,0.679,49,,,False,False,Active,Active,12,588
RC-03988,2024-05-10,Q2 2024,Other,Individual,Standard,Monthly,Social,0.209,29,1,Alternative,False,False,Churned,Churned,1,29
RC-03989,2024-02-11,Q1 2024,Asia-Pacific,Freelancer,Basic,Monthly,Referral,0.367,15,,,False,False,Active,Active,12,180
RC-03990,2024-10-24,Q4 2024,Europe,Individual,Standard,Annual,Social,0.62,24.65,,,False,False,Active,Renewed,12,295.8
RC-03991,2024-05-05,Q2 2024,North America,Small Business,Basic,Monthly,Organic,0.914,15,,,False,False,Active,Active,12,180
RC-03992,2024-09-05,Q3 2024,Europe,Small Business,Standard,Monthly,Social,0.447,29,,,False,True,Active,At risk,12,348
RC-03993,2024-02-17,Q1 2024,North America,Team,Enterprise,Annual,Referral,0.691,75.65,7,Product experience,True,False,At risk,Churned,7,529.55
RC-03994,2024-11-16,Q4 2024,North America,Individual,Basic,Monthly,Paid Search,0.142,15,10,Price,True,False,At risk,Churned,10,150
RC-03995,2024-10-14,Q4 2024,Asia-Pacific,Freelancer,Standard,Monthly,Organic,0.446,29,8,Changed needs,False,False,Active,Churned,8,232
RC-03996,2024-12-21,Q4 2024,Europe,Team,Basic,Monthly,Partner,0.723,15,,,False,False,Active,Active,12,180
RC-03997,2024-11-02,Q4 2024,Europe,Individual,Standard,Monthly,Partner,0.554,29,,,False,False,Active,Active,12,348
RC-03998,2024-10-22,Q4 2024,Europe,Freelancer,Premium,Annual,Organic,0.677,41.65,,,False,True,Active,At risk,12,499.8
RC-03999,2024-09-24,Q3 2024,Other,Small Business,Premium,Annual,Social,0.903,41.65,2,Alternative,False,False,Churned,Churned,2,83.3
RC-04000,2024-05-20,Q2 2024,Other,Individual,Basic,Annual,Social,0.561,12.75,,,False,False,Active,Renewed,12,153.0
RC-04001,2024-11-06,Q4 2024,Asia-Pacific,Small Business,Premium,Monthly,Organic,0.553,49,,,False,False,Active,Active,12,588
RC-04002,2024-11-19,Q4 2024,Europe,Individual,Standard,Monthly,Organic,0.278,29,,,True,True,At risk,At risk,12,348
RC-04003,2024-09-27,Q3 2024,Asia-Pacific,Individual,Basic,Monthly,Referral,0.242,15,,,True,True,At risk,At risk,12,180
RC-04004,2024-05-11,Q2 2024,Europe,Individual,Basic,Annual,Paid Search,0.493,12.75,,,False,False,Active,Renewed,12,153.0
RC-04005,2024-08-04,Q3 2024,Europe,Small Business,Standard,Monthly,Organic,0.507,29,,,False,False,Active,Active,12,348
RC-04006,2024-11-17,Q4 2024,Asia-Pacific,Freelancer,Basic,Monthly,Partner,0.602,15,,,False,False,Active,Active,12,180
RC-04007,2024-04-16,Q2 2024,North America,Individual,Basic,Monthly,Partner,0.507,15,,,False,False,Active,Active,12,180
RC-04008,2024-10-27,Q4 2024,Europe,Freelancer,Standard,Annual,Organic,0.422,24.65,,,False,False,Active,Renewed,12,295.8
RC-04009,2024-12-02,Q4 2024,Europe,Small Business,Basic,Monthly,Referral,0.321,15,,,True,True,At risk,At risk,12,180
RC-04010,2024-07-28,Q3 2024,North America,Freelancer,Basic,Monthly,Organic,0.744,15,,,False,False,Active,Active,12,180
RC-04011,2024-05-27,Q2 2024,North America,Individual,Premium,Annual,Social,0.435,41.65,,,False,False,Active,Renewed,12,499.8
RC-04012,2024-02-06,Q1 2024,Asia-Pacific,Individual,Premium,Annual,Paid Search,0.217,41.65,,,True,True,At risk,At risk,12,499.8
RC-04013,2024-09-11,Q3 2024,North America,Individual,Basic,Monthly,Paid Search,0.738,15,5,Price,False,False,Active,Churned,5,75
RC-04014,2024-06-10,Q2 2024,Europe,Individual,Premium,Annual,Organic,0.737,41.65,,,False,False,Active,Renewed,12,499.8
RC-04015,2024-11-13,Q4 2024,Asia-Pacific,Freelancer,Enterprise,Annual,Paid Search,0.821,75.65,,,False,False,Active,Renewed,12,907.8
RC-04016,2024-05-25,Q2 2024,Asia-Pacific,Small Business,Standard,Monthly,Organic,0.462,29,,,False,False,Active,Active,12,348
RC-04017,2024-05-14,Q2 2024,North America,Small Business,Standard,Monthly,Social,0.226,29,3,Price,False,False,Churned,Churned,3,87
RC-04018,2024-12-18,Q4 2024,Asia-Pacific,Individual,Basic,Monthly,Paid Search,0.731,15,,,False,False,Active,Active,12,180
RC-04019,2024-09-25,Q3 2024,Other,Freelancer,Basic,Monthly,Organic,0.418,15,,,False,False,Active,Active,12,180
RC-04020,2024-01-15,Q1 2024,North America,Small Business,Basic,Monthly,Organic,0.284,15,,,True,True,At risk,At risk,12,180
RC-04021,2024-11-03,Q4 2024,North America,Individual,Basic,Monthly,Social,0.489,15,1,Price,False,False,Churned,Churned,1,15
RC-04022,2024-11-28,Q4 2024,North America,Small Business,Standard,Monthly,Organic,0.64,29,,,False,False,Active,Active,12,348
RC-04023,2024-07-12,Q3 2024,Other,Individual,Premium,Monthly,Organic,0.402,49,,,False,False,Active,Active,12,588
RC-04024,2024-12-07,Q4 2024,North America,Small Business,Basic,Annual,Referral,0.847,12.75,,,False,False,Active,Renewed,12,153.0
RC-04025,2024-02-03,Q1 2024,Other,Freelancer,Standard,Annual,Partner,0.86,24.65,,,True,False,At risk,Renewed,12,295.8
RC-04026,2024-02-03,Q1 2024,Europe,Individual,Premium,Monthly,Paid Search,0.43,49,,,False,False,Active,Active,12,588
RC-04027,2024-04-26,Q2 2024,Asia-Pacific,Small Business,Basic,Annual,Partner,0.444,12.75,,,False,False,Active,Renewed,12,153.0
RC-04028,2024-10-13,Q4 2024,Europe,Individual,Standard,Annual,Organic,0.242,24.65,,,True,True,At risk,At risk,12,295.8
RC-04029,2024-02-21,Q1 2024,Europe,Individual,Standard,Annual,Referral,0.746,24.65,6,Product experience,False,False,Active,Churned,6,147.9
RC-04030,2024-02-08,Q1 2024,North America,Freelancer,Premium,Monthly,Partner,0.876,49,,,False,False,Active,Active,12,588
RC-04031,2024-05-17,Q2 2024,Europe,Small Business,Premium,Annual,Organic,0.746,41.65,,,False,False,Active,Renewed,12,499.8
RC-04032,2024-12-01,Q4 2024,Other,Individual,Premium,Annual,Organic,0.335,41.65,,,False,True,Active,At risk,12,499.8
RC-04033,2024-02-28,Q1 2024,Other,Individual,Standard,Monthly,Referral,0.862,29,,,False,False,Active,Active,12,348
RC-04034,2024-09-20,Q3 2024,Europe,Individual,Basic,Monthly,Organic,0.814,15,,,False,False,Active,Active,12,180
RC-04035,2024-07-27,Q3 2024,North America,Individual,Standard,Annual,Social,0.932,24.65,,,False,False,Active,Renewed,12,295.8
RC-04036,2024-12-10,Q4 2024,Europe,Small Business,Premium,Monthly,Paid Search,0.835,49,,,False,False,Active,Active,12,588
RC-04037,2024-06-11,Q2 2024,Europe,Small Business,Standard,Annual,Paid Search,0.629,24.65,,,False,False,Active,Renewed,12,295.8
RC-04038,2024-12-20,Q4 2024,Asia-Pacific,Team,Standard,Annual,Social,0.493,24.65,,,False,False,Active,Renewed,12,295.8
RC-04039,2024-11-12,Q4 2024,Asia-Pacific,Small Business,Standard,Monthly,Referral,0.67,29,,,False,False,Active,Active,12,348
RC-04040,2024-05-24,Q2 2024,North America,Small Business,Standard,Monthly,Organic,0.609,29,,,False,False,Active,Active,12,348
RC-04041,2024-09-05,Q3 2024,Europe,Team,Premium,Monthly,Paid Search,0.797,49,,,False,False,Active,Active,12,588
RC-04042,2024-03-14,Q1 2024,North America,Individual,Standard,Annual,Social,0.98,24.65,,,False,False,Active,Renewed,12,295.8
RC-04043,2024-01-01,Q1 2024,North America,Freelancer,Enterprise,Monthly,Social,0.236,89,,,True,True,At risk,At risk,12,1068
RC-04044,2024-02-25,Q1 2024,Asia-Pacific,Small Business,Premium,Annual,Partner,0.691,41.65,,,False,False,Active,Renewed,12,499.8
RC-04045,2024-03-06,Q1 2024,Other,Team,Basic,Monthly,Paid Search,0.665,15,,,False,False,Active,Active,12,180
RC-04046,2024-02-13,Q1 2024,Other,Small Business,Premium,Annual,Partner,0.726,41.65,,,False,False,Active,Renewed,12,499.8
RC-04047,2024-02-19,Q1 2024,Europe,Small Business,Premium,Monthly,Referral,0.471,49,10,Low usage,False,False,Active,Churned,10,490
RC-04048,2024-02-01,Q1 2024,Asia-Pacific,Small Business,Basic,Monthly,Organic,0.472,15,,,False,False,Active,Active,12,180
RC-04049,2024-08-25,Q3 2024,Europe,Freelancer,Standard,Annual,Organic,0.797,24.65,,,False,False,Active,Renewed,12,295.8
RC-04050,2024-10-05,Q4 2024,North America,Small Business,Premium,Monthly,Organic,0.587,49,,,False,True,Active,At risk,12,588
RC-04051,2024-09-24,Q3 2024,Europe,Individual,Premium,Annual,Organic,0.541,41.65,5,Low usage,False,False,Active,Churned,5,208.25
RC-04052,2024-10-03,Q4 2024,North America,Individual,Standard,Annual,Social,0.317,24.65,,,True,True,At risk,At risk,12,295.8
RC-04053,2024-08-03,Q3 2024,Asia-Pacific,Individual,Basic,Annual,Paid Search,0.438,12.75,3,Changed needs,False,False,Churned,Churned,3,38.25
RC-04054,2024-06-21,Q2 2024,North America,Individual,Standard,Annual,Referral,0.649,24.65,3,Price,False,False,Churned,Churned,3,73.95
RC-04055,2024-12-15,Q4 2024,Europe,Individual,Standard,Monthly,Referral,0.44,29,7,Low usage,False,False,Active,Churned,7,203
RC-04056,2024-03-01,Q1 2024,Asia-Pacific,Individual,Premium,Monthly,Paid Search,0.807,49,3,Low usage,False,False,Churned,Churned,3,147
RC-04057,2024-06-12,Q2 2024,North America,Freelancer,Basic,Monthly,Organic,0.55,15,,,False,False,Active,Active,12,180
RC-04058,2024-07-28,Q3 2024,Asia-Pacific,Freelancer,Premium,Annual,Social,0.224,41.65,,,True,True,At risk,At risk,12,499.8
RC-04059,2024-11-15,Q4 2024,Other,Small Business,Basic,Annual,Organic,0.548,12.75,,,False,False,Active,Renewed,12,153.0
RC-04060,2024-12-18,Q4 2024,Asia-Pacific,Individual,Standard,Monthly,Social,0.717,29,,,False,False,Active,Active,12,348
RC-04061,2024-10-16,Q4 2024,North America,Freelancer,Basic,Monthly,Referral,0.367,15,,,False,False,Active,Active,12,180
RC-04062,2024-08-02,Q3 2024,North America,Freelancer,Standard,Annual,Organic,0.867,24.65,,,False,False,Active,Renewed,12,295.8
RC-04063,2024-10-28,Q4 2024,Asia-Pacific,Individual,Basic,Monthly,Organic,0.647,15,3,Price,False,False,Churned,Churned,3,45
RC-04064,2024-08-28,Q3 2024,Europe,Individual,Standard,Monthly,Organic,0.617,29,,,False,False,Active,Active,12,348
RC-04065,2024-12-18,Q4 2024,North America,Individual,Standard,Monthly,Paid Search,0.545,29,,,False,False,Active,Active,12,348
RC-04066,2024-11-07,Q4 2024,North America,Individual,Enterprise,Annual,Organic,0.962,75.65,,,False,False,Active,Renewed,12,907.8
RC-04067,2024-02-03,Q1 2024,North America,Freelancer,Standard,Annual,Organic,0.32,24.65,8,Changed needs,True,False,At risk,Churned,8,197.2
RC-04068,2024-01-11,Q1 2024,North America,Individual,Basic,Monthly,Paid Search,0.644,15,,,False,False,Active,Active,12,180
RC-04069,2024-09-10,Q3 2024,Europe,Freelancer,Standard,Monthly,Organic,0.586,29,12,Low usage,False,False,Active,Churned,12,348
RC-04070,2024-03-15,Q1 2024,Asia-Pacific,Individual,Premium,Monthly,Paid Search,0.729,49,,,False,False,Active,Active,12,588
RC-04071,2024-02-25,Q1 2024,Europe,Individual,Standard,Monthly,Organic,0.621,29,,,False,False,Active,Active,12,348
RC-04072,2024-08-27,Q3 2024,North America,Individual,Basic,Monthly,Paid Search,0.627,15,,,False,False,Active,Active,12,180
RC-04073,2024-12-26,Q4 2024,North America,Small Business,Basic,Monthly,Organic,0.513,15,,,False,False,Active,Active,12,180
RC-04074,2024-01-27,Q1 2024,North America,Individual,Standard,Monthly,Organic,0.646,29,,,False,False,Active,Active,12,348
RC-04075,2024-01-04,Q1 2024,Asia-Pacific,Individual,Standard,Monthly,Paid Search,0.626,29,,,False,False,Active,Active,12,348
RC-04076,2024-08-08,Q3 2024,Asia-Pacific,Small Business,Standard,Annual,Paid Search,0.871,24.65,,,False,False,Active,Renewed,12,295.8
RC-04077,2024-08-21,Q3 2024,Other,Individual,Basic,Monthly,Referral,0.599,15,,,True,False,At risk,Active,12,180
RC-04078,2024-09-07,Q3 2024,North America,Small Business,Premium,Monthly,Paid Search,0.326,49,,,True,True,At risk,At risk,12,588
RC-04079,2024-07-25,Q3 2024,Europe,Freelancer,Standard,Monthly,Organic,0.587,29,,,False,False,Active,Active,12,348
RC-04080,2024-01-12,Q1 2024,Asia-Pacific,Individual,Standard,Monthly,Social,0.233,29,,,True,True,At risk,At risk,12,348
RC-04081,2024-10-12,Q4 2024,Asia-Pacific,Small Business,Basic,Monthly,Social,0.751,15,,,False,False,Active,Active,12,180
RC-04082,2024-09-14,Q3 2024,Europe,Individual,Premium,Annual,Organic,0.114,41.65,,,True,True,At risk,At risk,12,499.8
RC-04083,2024-02-24,Q1 2024,Europe,Team,Basic,Monthly,Organic,0.697,15,,,False,False,Active,Active,12,180
RC-04084,2024-08-06,Q3 2024,Asia-Pacific,Individual,Standard,Monthly,Paid Search,0.839,29,,,False,False,Active,Active,12,348
RC-04085,2024-06-19,Q2 2024,North America,Individual,Basic,Monthly,Referral,0.87,15,,,False,False,Active,Active,12,180
RC-04086,2024-06-08,Q2 2024,North America,Team,Basic,Annual,Paid Search,0.817,12.75,6,Low usage,False,False,Active,Churned,6,76.5
RC-04087,2024-09-05,Q3 2024,North America,Team,Basic,Monthly,Paid Search,0.571,15,,,False,False,Active,Active,12,180
RC-04088,2024-10-09,Q4 2024,Other,Small Business,Basic,Annual,Organic,0.547,12.75,5,Alternative,False,False,Active,Churned,5,63.75
RC-04089,2024-08-07,Q3 2024,Europe,Individual,Basic,Annual,Paid Search,0.588,12.75,,,True,False,At risk,Renewed,12,153.0
RC-04090,2024-01-09,Q1 2024,Asia-Pacific,Individual,Standard,Monthly,Referral,0.79,29,,,False,True,Active,At risk,12,348
RC-04091,2024-04-18,Q2 2024,Asia-Pacific,Small Business,Standard,Annual,Referral,0.68,24.65,,,False,False,Active,Renewed,12,295.8
RC-04092,2024-03-03,Q1 2024,Europe,Small Business,Premium,Monthly,Organic,0.247,49,,,True,True,At risk,At risk,12,588
RC-04093,2024-03-15,Q1 2024,Asia-Pacific,Individual,Basic,Annual,Organic,0.423,12.75,1,Payment issue,False,False,Churned,Churned,1,12.75
RC-04094,2024-12-28,Q4 2024,Europe,Freelancer,Premium,Annual,Paid Search,0.384,41.65,1,Price,False,False,Churned,Churned,1,41.65
RC-04095,2024-11-13,Q4 2024,North America,Individual,Standard,Monthly,Referral,0.684,29,,,False,False,Active,Active,12,348
RC-04096,2024-12-04,Q4 2024,Asia-Pacific,Individual,Standard,Annual,Organic,0.876,24.65,12,Product experience,False,False,Active,Churned,12,295.8
RC-04097,2024-08-20,Q3 2024,Europe,Individual,Basic,Annual,Social,0.681,12.75,,,False,False,Active,Renewed,12,153.0
RC-04098,2024-09-13,Q3 2024,Europe,Team,Enterprise,Annual,Social,0.326,75.65,,,True,True,At risk,At risk,12,907.8
RC-04099,2024-11-09,Q4 2024,North America,Freelancer,Premium,Annual,Partner,0.569,41.65,,,False,True,Active,At risk,12,499.8
RC-04100,2024-01-06,Q1 2024,North America,Small Business,Basic,Monthly,Referral,0.575,15,2,Low usage,False,False,Churned,Churned,2,30
RC-04101,2024-02-19,Q1 2024,Asia-Pacific,Individual,Premium,Annual,Organic,0.823,41.65,,,False,False,Active,Renewed,12,499.8
RC-04102,2024-10-15,Q4 2024,Asia-Pacific,Small Business,Basic,Annual,Organic,0.51,12.75,10,Low usage,False,False,Active,Churned,10,127.5
RC-04103,2024-10-14,Q4 2024,Europe,Small Business,Standard,Monthly,Organic,0.458,29,,,True,False,At risk,Active,12,348
RC-04104,2024-09-14,Q3 2024,Asia-Pacific,Small Business,Standard,Monthly,Paid Search,0.641,29,,,False,False,Active,Active,12,348
RC-04105,2024-12-13,Q4 2024,North America,Individual,Basic,Monthly,Social,0.525,15,,,False,False,Active,Active,12,180
RC-04106,2024-02-21,Q1 2024,Europe,Individual,Basic,Monthly,Paid Search,0.789,15,,,False,False,Active,Active,12,180
RC-04107,2024-11-23,Q4 2024,Other,Freelancer,Basic,Monthly,Organic,0.268,15,3,Alternative,False,False,Churned,Churned,3,45
RC-04108,2024-01-28,Q1 2024,North America,Freelancer,Enterprise,Monthly,Paid Search,0.761,89,,,True,False,At risk,Active,12,1068
RC-04109,2024-08-03,Q3 2024,Asia-Pacific,Individual,Premium,Annual,Referral,0.674,41.65,,,False,False,Active,Renewed,12,499.8
RC-04110,2024-10-20,Q4 2024,North America,Team,Premium,Monthly,Referral,0.326,49,1,Price,False,False,Churned,Churned,1,49
RC-04111,2024-06-07,Q2 2024,North America,Individual,Premium,Annual,Organic,0.731,41.65,,,False,False,Active,Renewed,12,499.8
RC-04112,2024-12-04,Q4 2024,Asia-Pacific,Individual,Basic,Monthly,Partner,0.692,15,,,False,False,Active,Active,12,180
RC-04113,2024-12-27,Q4 2024,Asia-Pacific,Small Business,Standard,Monthly,Organic,0.413,29,,,False,False,Active,Active,12,348
RC-04114,2024-11-19,Q4 2024,Asia-Pacific,Individual,Standard,Annual,Paid Search,0.13,24.65,,,True,True,At risk,At risk,12,295.8
RC-04115,2024-12-09,Q4 2024,Europe,Individual,Basic,Monthly,Social,0.56,15,,,False,False,Active,Active,12,180
RC-04116,2024-09-21,Q3 2024,North America,Individual,Basic,Annual,Partner,0.729,12.75,,,False,False,Active,Renewed,12,153.0
RC-04117,2024-11-28,Q4 2024,North America,Small Business,Basic,Monthly,Referral,0.829,15,,,False,False,Active,Active,12,180
RC-04118,2024-11-04,Q4 2024,North America,Small Business,Standard,Monthly,Paid Search,0.371,29,,,False,False,Active,Active,12,348
RC-04119,2024-07-18,Q3 2024,Asia-Pacific,Individual,Basic,Monthly,Paid Search,0.677,15,,,False,False,Active,Active,12,180
RC-04120,2024-11-02,Q4 2024,Europe,Small Business,Basic,Monthly,Partner,0.438,15,10,Low usage,False,False,Active,Churned,10,150
RC-04121,2024-05-04,Q2 2024,Europe,Freelancer,Basic,Monthly,Social,0.501,15,,,False,False,Active,Active,12,180
RC-04122,2024-10-11,Q4 2024,Europe,Individual,Standard,Monthly,Organic,0.661,29,,,False,False,Active,Active,12,348
RC-04123,2024-07-28,Q3 2024,Asia-Pacific,Individual,Premium,Annual,Paid Search,0.804,41.65,,,False,True,Active,At risk,12,499.8
RC-04124,2024-11-25,Q4 2024,Europe,Small Business,Standard,Monthly,Partner,0.59,29,,,False,False,Active,Active,12,348
RC-04125,2024-12-10,Q4 2024,North America,Team,Premium,Monthly,Social,0.762,49,,,False,False,Active,Active,12,588
RC-04126,2024-03-04,Q1 2024,Asia-Pacific,Small Business,Standard,Annual,Referral,0.931,24.65,,,False,False,Active,Renewed,12,295.8
RC-04127,2024-07-09,Q3 2024,Other,Freelancer,Basic,Monthly,Social,0.573,15,10,Alternative,True,False,At risk,Churned,10,150
RC-04128,2024-03-25,Q1 2024,North America,Freelancer,Premium,Annual,Organic,0.396,41.65,,,False,False,Active,Renewed,12,499.8
RC-04129,2024-03-07,Q1 2024,Europe,Freelancer,Standard,Monthly,Social,0.411,29,1,Changed needs,False,False,Churned,Churned,1,29
RC-04130,2024-11-07,Q4 2024,Europe,Individual,Standard,Annual,Paid Search,0.438,24.65,,,False,False,Active,Renewed,12,295.8
RC-04131,2024-12-26,Q4 2024,North America,Individual,Standard,Monthly,Paid Search,0.767,29,5,Price,True,False,At risk,Churned,5,145
RC-04132,2024-08-03,Q3 2024,Other,Freelancer,Standard,Monthly,Organic,0.481,29,,,False,False,Active,Active,12,348
RC-04133,2024-09-07,Q3 2024,Asia-Pacific,Individual,Basic,Monthly,Referral,0.703,15,,,True,True,At risk,At risk,12,180
RC-04134,2024-07-12,Q3 2024,North America,Team,Standard,Annual,Paid Search,0.578,24.65,,,False,False,Active,Renewed,12,295.8
RC-04135,2024-11-04,Q4 2024,Europe,Small Business,Standard,Monthly,Organic,0.41,29,,,False,False,Active,Active,12,348
RC-04136,2024-09-22,Q3 2024,Asia-Pacific,Freelancer,Basic,Monthly,Paid Search,0.516,15,,,False,False,Active,Active,12,180
RC-04137,2024-12-03,Q4 2024,Europe,Freelancer,Basic,Annual,Social,0.727,12.75,,,False,True,Active,At risk,12,153.0
RC-04138,2024-06-26,Q2 2024,Other,Individual,Premium,Monthly,Organic,0.387,49,,,False,False,Active,Active,12,588
RC-04139,2024-11-28,Q4 2024,Europe,Individual,Standard,Monthly,Organic,0.915,29,,,False,False,Active,Active,12,348
RC-04140,2024-09-06,Q3 2024,Other,Freelancer,Basic,Monthly,Paid Search,0.175,15,,,True,True,At risk,At risk,12,180
RC-04141,2024-02-25,Q1 2024,North America,Team,Basic,Annual,Paid Search,0.447,12.75,7,Low usage,False,False,Active,Churned,7,89.25
RC-04142,2024-02-21,Q1 2024,North America,Small Business,Basic,Monthly,Paid Search,0.622,15,,,False,True,Active,At risk,12,180
RC-04143,2024-11-12,Q4 2024,Europe,Freelancer,Premium,Annual,Organic,0.501,41.65,4,Alternative,False,False,Active,Churned,4,166.6
RC-04144,2024-07-02,Q3 2024,Asia-Pacific,Individual,Standard,Monthly,Partner,0.737,29,,,True,True,At risk,At risk,12,348
RC-04145,2024-12-27,Q4 2024,Asia-Pacific,Individual,Standard,Annual,Social,0.596,24.65,,,False,False,Active,Renewed,12,295.8
RC-04146,2024-02-18,Q1 2024,North America,Freelancer,Standard,Monthly,Referral,0.401,29,,,False,False,Active,Active,12,348
RC-04147,2024-09-12,Q3 2024,Other,Small Business,Enterprise,Annual,Social,0.562,75.65,,,False,True,Active,At risk,12,907.8
RC-04148,2024-05-16,Q2 2024,Asia-Pacific,Freelancer,Standard,Annual,Social,0.499,24.65,,,False,False,Active,Renewed,12,295.8
RC-04149,2024-07-16,Q3 2024,Asia-Pacific,Individual,Standard,Monthly,Partner,0.894,29,11,Payment issue,False,False,Active,Churned,11,319
RC-04150,2024-10-05,Q4 2024,North America,Small Business,Premium,Annual,Organic,0.694,41.65,,,False,False,Active,Renewed,12,499.8
RC-04151,2024-09-10,Q3 2024,Europe,Freelancer,Basic,Monthly,Referral,0.828,15,,,False,False,Active,Active,12,180
RC-04152,2024-02-20,Q1 2024,Asia-Pacific,Individual,Basic,Monthly,Social,0.504,15,,,False,False,Active,Active,12,180
RC-04153,2024-06-14,Q2 2024,Europe,Individual,Basic,Annual,Organic,0.646,12.75,3,Alternative,False,False,Churned,Churned,3,38.25
RC-04154,2024-08-19,Q3 2024,Europe,Small Business,Basic,Monthly,Organic,0.4,15,7,Changed needs,False,False,Active,Churned,7,105
RC-04155,2024-11-13,Q4 2024,Asia-Pacific,Team,Basic,Monthly,Paid Search,0.155,15,11,Price,True,False,At risk,Churned,11,165
RC-04156,2024-10-27,Q4 2024,North America,Freelancer,Basic,Annual,Social,0.632,12.75,,,False,False,Active,Renewed,12,153.0
RC-04157,2024-05-24,Q2 2024,Asia-Pacific,Individual,Basic,Annual,Referral,0.752,12.75,12,Price,False,False,Active,Churned,12,153.0
RC-04158,2024-12-15,Q4 2024,North America,Individual,Basic,Monthly,Paid Search,0.585,15,10,Alternative,False,False,Active,Churned,10,150
RC-04159,2024-08-10,Q3 2024,Asia-Pacific,Small Business,Standard,Monthly,Organic,0.388,29,1,Payment issue,False,False,Churned,Churned,1,29
RC-04160,2024-02-14,Q1 2024,Asia-Pacific,Freelancer,Basic,Monthly,Partner,0.376,15,,,False,False,Active,Active,12,180
RC-04161,2024-06-24,Q2 2024,Asia-Pacific,Individual,Basic,Monthly,Organic,0.993,15,,,False,False,Active,Active,12,180
RC-04162,2024-02-26,Q1 2024,Europe,Freelancer,Standard,Monthly,Organic,0.971,29,,,False,False,Active,Active,12,348
RC-04163,2024-02-13,Q1 2024,Asia-Pacific,Individual,Standard,Monthly,Social,0.592,29,10,Price,False,False,Active,Churned,10,290
RC-04164,2024-10-12,Q4 2024,Other,Team,Basic,Annual,Organic,0.198,12.75,,,True,True,At risk,At risk,12,153.0
RC-04165,2024-01-25,Q1 2024,North America,Individual,Standard,Monthly,Organic,0.684,29,,,False,False,Active,Active,12,348
RC-04166,2024-05-10,Q2 2024,North America,Individual,Premium,Annual,Organic,0.775,41.65,,,False,False,Active,Renewed,12,499.8
RC-04167,2024-07-12,Q3 2024,North America,Individual,Basic,Monthly,Referral,0.726,15,11,Alternative,False,False,Active,Churned,11,165
RC-04168,2024-08-19,Q3 2024,North America,Individual,Basic,Monthly,Organic,0.556,15,7,Price,False,False,Active,Churned,7,105
RC-04169,2024-08-21,Q3 2024,Asia-Pacific,Individual,Basic,Monthly,Referral,0.388,15,,,False,False,Active,Active,12,180
RC-04170,2024-04-09,Q2 2024,North America,Individual,Basic,Monthly,Social,0.855,15,,,False,False,Active,Active,12,180
RC-04171,2024-12-03,Q4 2024,Europe,Freelancer,Standard,Annual,Paid Search,0.606,24.65,,,False,False,Active,Renewed,12,295.8
RC-04172,2024-04-28,Q2 2024,North America,Individual,Basic,Monthly,Paid Search,0.375,15,11,Low usage,False,False,Active,Churned,11,165
RC-04173,2024-12-15,Q4 2024,North America,Team,Premium,Annual,Paid Search,0.73,41.65,,,False,False,Active,Renewed,12,499.8
RC-04174,2024-02-11,Q1 2024,Europe,Individual,Basic,Monthly,Social,0.398,15,,,False,False,Active,Active,12,180
RC-04175,2024-05-12,Q2 2024,Asia-Pacific,Small Business,Basic,Monthly,Organic,0.47,15,,,False,False,Active,Active,12,180
RC-04176,2024-02-05,Q1 2024,Asia-Pacific,Individual,Premium,Monthly,Organic,0.793,49,,,False,False,Active,Active,12,588
RC-04177,2024-05-28,Q2 2024,Europe,Individual,Standard,Monthly,Partner,0.724,29,,,True,False,At risk,Active,12,348
RC-04178,2024-12-25,Q4 2024,Europe,Individual,Basic,Monthly,Organic,0.367,15,,,False,False,Active,Active,12,180
RC-04179,2024-07-18,Q3 2024,Other,Individual,Standard,Monthly,Referral,0.771,29,6,Low usage,False,False,Active,Churned,6,174
RC-04180,2024-07-18,Q3 2024,Asia-Pacific,Individual,Premium,Annual,Paid Search,0.791,41.65,,,False,True,Active,At risk,12,499.8
RC-04181,2024-07-20,Q3 2024,North America,Freelancer,Basic,Monthly,Partner,0.321,15,,,True,True,At risk,At risk,12,180
RC-04182,2024-09-26,Q3 2024,Europe,Freelancer,Standard,Monthly,Organic,0.596,29,,,False,False,Active,Active,12,348
RC-04183,2024-05-05,Q2 2024,Asia-Pacific,Individual,Basic,Monthly,Organic,0.695,15,,,False,False,Active,Active,12,180
RC-04184,2024-12-06,Q4 2024,Europe,Individual,Premium,Monthly,Organic,0.495,49,6,Alternative,False,False,Active,Churned,6,294
RC-04185,2024-04-23,Q2 2024,Europe,Small Business,Standard,Monthly,Partner,0.407,29,9,Product experience,False,False,Active,Churned,9,261
RC-04186,2024-05-04,Q2 2024,Europe,Freelancer,Standard,Monthly,Organic,0.9,29,,,False,False,Active,Active,12,348
RC-04187,2024-10-03,Q4 2024,Europe,Freelancer,Standard,Monthly,Organic,0.887,29,,,False,True,Active,At risk,12,348
RC-04188,2024-07-12,Q3 2024,Other,Individual,Premium,Monthly,Organic,0.843,49,,,False,False,Active,Active,12,588
RC-04189,2024-11-26,Q4 2024,North America,Individual,Premium,Monthly,Organic,0.357,49,1,Product experience,False,False,Churned,Churned,1,49
RC-04190,2024-11-20,Q4 2024,Europe,Small Business,Enterprise,Annual,Social,0.748,75.65,,,False,False,Active,Renewed,12,907.8
RC-04191,2024-07-19,Q3 2024,Europe,Individual,Premium,Monthly,Organic,0.763,49,,,False,False,Active,Active,12,588
RC-04192,2024-06-17,Q2 2024,Asia-Pacific,Individual,Enterprise,Annual,Organic,0.26,75.65,,,True,True,At risk,At risk,12,907.8
RC-04193,2024-11-14,Q4 2024,North America,Freelancer,Basic,Monthly,Paid Search,0.453,15,,,False,False,Active,Active,12,180
RC-04194,2024-10-01,Q4 2024,Europe,Individual,Enterprise,Annual,Paid Search,0.542,75.65,,,False,False,Active,Renewed,12,907.8
RC-04195,2024-11-19,Q4 2024,Asia-Pacific,Individual,Standard,Monthly,Referral,0.678,29,,,False,False,Active,Active,12,348
RC-04196,2024-05-04,Q2 2024,Asia-Pacific,Individual,Enterprise,Annual,Paid Search,0.815,75.65,,,False,False,Active,Renewed,12,907.8
RC-04197,2024-12-07,Q4 2024,Asia-Pacific,Individual,Basic,Monthly,Paid Search,0.665,15,,,False,False,Active,Active,12,180
RC-04198,2024-03-09,Q1 2024,North America,Freelancer,Standard,Monthly,Referral,0.25,29,,,True,True,At risk,At risk,12,348
RC-04199,2024-12-22,Q4 2024,North America,Small Business,Basic,Monthly,Partner,0.276,15,,,True,True,At risk,At risk,12,180
RC-04200,2024-11-24,Q4 2024,Asia-Pacific,Freelancer,Premium,Annual,Organic,0.853,41.65,,,False,False,Active,Renewed,12,499.8
RC-04201,2024-08-27,Q3 2024,Asia-Pacific,Individual,Basic,Annual,Referral,0.546,12.75,,,False,False,Active,Renewed,12,153.0
RC-04202,2024-08-11,Q3 2024,Europe,Individual,Basic,Monthly,Partner,0.851,15,1,Payment issue,False,False,Churned,Churned,1,15
RC-04203,2024-04-16,Q2 2024,Europe,Team,Standard,Monthly,Referral,0.633,29,,,False,False,Active,Active,12,348
RC-04204,2024-07-03,Q3 2024,Asia-Pacific,Individual,Basic,Annual,Partner,0.415,12.75,4,Price,False,False,Active,Churned,4,51.0
RC-04205,2024-08-26,Q3 2024,Asia-Pacific,Individual,Standard,Annual,Social,0.808,24.65,,,False,False,Active,Renewed,12,295.8
RC-04206,2024-01-24,Q1 2024,Europe,Individual,Standard,Monthly,Referral,0.454,29,,,True,False,At risk,Active,12,348
RC-04207,2024-06-15,Q2 2024,Europe,Small Business,Basic,Annual,Paid Search,0.441,12.75,,,False,False,Active,Renewed,12,153.0
RC-04208,2024-12-28,Q4 2024,Other,Individual,Basic,Annual,Paid Search,0.877,12.75,10,Product experience,False,False,Active,Churned,10,127.5
RC-04209,2024-08-28,Q3 2024,North America,Individual,Standard,Annual,Partner,0.332,24.65,,,False,True,Active,At risk,12,295.8
RC-04210,2024-12-21,Q4 2024,North America,Individual,Basic,Monthly,Organic,0.813,15,,,False,False,Active,Active,12,180
RC-04211,2024-04-25,Q2 2024,Europe,Team,Standard,Annual,Paid Search,0.651,24.65,,,False,False,Active,Renewed,12,295.8
RC-04212,2024-07-27,Q3 2024,Europe,Freelancer,Basic,Monthly,Paid Search,0.69,15,,,False,False,Active,Active,12,180
RC-04213,2024-05-22,Q2 2024,North America,Small Business,Standard,Monthly,Social,0.528,29,,,False,False,Active,Active,12,348
RC-04214,2024-01-09,Q1 2024,North America,Individual,Basic,Monthly,Paid Search,0.747,15,,,False,False,Active,Active,12,180
RC-04215,2024-08-08,Q3 2024,North America,Individual,Standard,Monthly,Paid Search,0.478,29,9,Changed needs,False,False,Active,Churned,9,261
RC-04216,2024-04-19,Q2 2024,Other,Individual,Standard,Annual,Paid Search,0.628,24.65,,,False,False,Active,Renewed,12,295.8
RC-04217,2024-08-22,Q3 2024,Other,Freelancer,Enterprise,Monthly,Organic,0.793,89,,,False,False,Active,Active,12,1068
RC-04218,2024-04-04,Q2 2024,Europe,Freelancer,Basic,Annual,Referral,0.583,12.75,,,False,False,Active,Renewed,12,153.0
RC-04219,2024-04-13,Q2 2024,North America,Small Business,Standard,Annual,Paid Search,0.448,24.65,,,False,False,Active,Renewed,12,295.8
RC-04220,2024-07-16,Q3 2024,North America,Small Business,Standard,Annual,Organic,0.28,24.65,,,True,True,At risk,At risk,12,295.8
RC-04221,2024-06-07,Q2 2024,Asia-Pacific,Team,Premium,Monthly,Referral,0.373,49,,,False,False,Active,Active,12,588
RC-04222,2024-05-22,Q2 2024,North America,Individual,Premium,Monthly,Referral,0.509,49,,,False,False,Active,Active,12,588
RC-04223,2024-09-14,Q3 2024,Other,Individual,Premium,Monthly,Referral,0.608,49,,,False,True,Active,At risk,12,588
RC-04224,2024-10-12,Q4 2024,North America,Freelancer,Basic,Monthly,Organic,0.283,15,12,Low usage,True,False,At risk,Churned,12,180
RC-04225,2024-01-24,Q1 2024,Other,Individual,Standard,Monthly,Referral,0.565,29,,,False,False,Active,Active,12,348
RC-04226,2024-09-22,Q3 2024,North America,Team,Basic,Monthly,Paid Search,0.624,15,,,False,False,Active,Active,12,180
RC-04227,2024-12-21,Q4 2024,Europe,Team,Basic,Monthly,Organic,0.539,15,,,True,False,At risk,Active,12,180
RC-04228,2024-08-13,Q3 2024,Asia-Pacific,Freelancer,Premium,Annual,Referral,0.071,41.65,,,True,True,At risk,At risk,12,499.8
RC-04229,2024-05-14,Q2 2024,Europe,Freelancer,Basic,Monthly,Organic,0.792,15,,,False,False,Active,Active,12,180
RC-04230,2024-11-08,Q4 2024,Europe,Team,Standard,Monthly,Organic,0.881,29,,,False,False,Active,Active,12,348
RC-04231,2024-05-01,Q2 2024,Other,Team,Standard,Monthly,Organic,0.351,29,,,False,False,Active,Active,12,348
RC-04232,2024-09-27,Q3 2024,North America,Freelancer,Standard,Monthly,Referral,0.76,29,7,Alternative,False,False,Active,Churned,7,203
RC-04233,2024-03-20,Q1 2024,Asia-Pacific,Individual,Enterprise,Annual,Social,0.719,75.65,,,False,False,Active,Renewed,12,907.8
RC-04234,2024-08-10,Q3 2024,Europe,Individual,Basic,Monthly,Paid Search,0.775,15,,,False,False,Active,Active,12,180
RC-04235,2024-11-01,Q4 2024,Asia-Pacific,Individual,Standard,Annual,Organic,0.637,24.65,,,False,False,Active,Renewed,12,295.8
RC-04236,2024-09-20,Q3 2024,Asia-Pacific,Freelancer,Basic,Monthly,Organic,0.509,15,11,Product experience,False,False,Active,Churned,11,165
RC-04237,2024-02-14,Q1 2024,Europe,Individual,Basic,Monthly,Organic,0.299,15,,,True,True,At risk,At risk,12,180
RC-04238,2024-10-27,Q4 2024,Europe,Freelancer,Standard,Monthly,Organic,0.299,29,3,Low usage,False,False,Churned,Churned,3,87
RC-04239,2024-09-06,Q3 2024,Other,Individual,Premium,Annual,Organic,0.564,41.65,,,False,False,Active,Renewed,12,499.8
RC-04240,2024-10-10,Q4 2024,Europe,Individual,Standard,Monthly,Organic,0.736,29,,,False,False,Active,Active,12,348
RC-04241,2024-03-15,Q1 2024,North America,Small Business,Basic,Monthly,Social,0.759,15,1,Low usage,False,False,Churned,Churned,1,15
RC-04242,2024-03-26,Q1 2024,North America,Individual,Standard,Annual,Social,0.837,24.65,,,False,False,Active,Renewed,12,295.8
RC-04243,2024-02-06,Q1 2024,Asia-Pacific,Individual,Standard,Monthly,Paid Search,0.137,29,,,True,True,At risk,At risk,12,348
RC-04244,2024-08-01,Q3 2024,North America,Freelancer,Basic,Monthly,Social,0.429,15,,,False,False,Active,Active,12,180
RC-04245,2024-09-26,Q3 2024,Europe,Individual,Standard,Monthly,Social,0.409,29,,,False,False,Active,Active,12,348
RC-04246,2024-12-14,Q4 2024,Europe,Individual,Enterprise,Monthly,Organic,0.594,89,,,False,True,Active,At risk,12,1068
RC-04247,2024-01-12,Q1 2024,North America,Individual,Premium,Annual,Social,0.489,41.65,,,False,False,Active,Renewed,12,499.8
RC-04248,2024-04-08,Q2 2024,North America,Individual,Premium,Monthly,Social,0.728,49,,,False,False,Active,Active,12,588
RC-04249,2024-02-16,Q1 2024,North America,Individual,Premium,Annual,Paid Search,0.41,41.65,,,False,False,Active,Renewed,12,499.8
RC-04250,2024-11-25,Q4 2024,North America,Freelancer,Standard,Annual,Organic,0.639,24.65,,,False,False,Active,Renewed,12,295.8
RC-04251,2024-10-23,Q4 2024,North America,Individual,Basic,Monthly,Organic,0.789,15,,,False,False,Active,Active,12,180
RC-04252,2024-05-04,Q2 2024,Europe,Small Business,Enterprise,Annual,Paid Search,0.52,75.65,,,False,False,Active,Renewed,12,907.8
RC-04253,2024-02-01,Q1 2024,North America,Individual,Basic,Monthly,Organic,0.471,15,,,False,False,Active,Active,12,180
RC-04254,2024-05-21,Q2 2024,Europe,Freelancer,Premium,Annual,Paid Search,0.516,41.65,10,Price,False,False,Active,Churned,10,416.5
RC-04255,2024-02-18,Q1 2024,North America,Small Business,Basic,Annual,Referral,0.72,12.75,,,False,False,Active,Renewed,12,153.0
RC-04256,2024-08-03,Q3 2024,North America,Individual,Premium,Annual,Social,0.333,41.65,,,False,True,Active,At risk,12,499.8
RC-04257,2024-09-25,Q3 2024,North America,Individual,Premium,Monthly,Referral,0.381,49,2,Low usage,False,False,Churned,Churned,2,98
RC-04258,2024-01-07,Q1 2024,Asia-Pacific,Individual,Standard,Monthly,Paid Search,0.715,29,3,Price,False,False,Churned,Churned,3,87
RC-04259,2024-05-19,Q2 2024,Asia-Pacific,Individual,Standard,Annual,Referral,0.251,24.65,,,True,True,At risk,At risk,12,295.8
RC-04260,2024-01-12,Q1 2024,Europe,Team,Basic,Monthly,Organic,0.909,15,,,False,False,Active,Active,12,180
RC-04261,2024-06-09,Q2 2024,North America,Individual,Standard,Monthly,Paid Search,0.499,29,12,Changed needs,False,False,Active,Churned,12,348
RC-04262,2024-12-21,Q4 2024,North America,Individual,Standard,Monthly,Organic,0.54,29,,,True,False,At risk,Active,12,348
RC-04263,2024-05-21,Q2 2024,North America,Individual,Basic,Monthly,Referral,0.883,15,2,Price,False,False,Churned,Churned,2,30
RC-04264,2024-05-05,Q2 2024,North America,Small Business,Premium,Annual,Social,0.277,41.65,,,True,True,At risk,At risk,12,499.8
RC-04265,2024-02-13,Q1 2024,Other,Small Business,Basic,Monthly,Referral,0.76,15,,,False,False,Active,Active,12,180
RC-04266,2024-12-25,Q4 2024,Asia-Pacific,Individual,Standard,Annual,Paid Search,0.786,24.65,1,Alternative,False,False,Churned,Churned,1,24.65
RC-04267,2024-05-08,Q2 2024,Asia-Pacific,Freelancer,Basic,Monthly,Organic,0.078,15,1,Low usage,False,False,Churned,Churned,1,15
RC-04268,2024-07-06,Q3 2024,Asia-Pacific,Small Business,Enterprise,Annual,Social,0.635,75.65,11,Price,True,False,At risk,Churned,11,832.15
RC-04269,2024-10-09,Q4 2024,North America,Team,Standard,Monthly,Referral,0.568,29,,,False,False,Active,Active,12,348
RC-04270,2024-05-11,Q2 2024,North America,Small Business,Standard,Monthly,Organic,0.613,29,,,False,True,Active,At risk,12,348
RC-04271,2024-12-15,Q4 2024,North America,Individual,Standard,Monthly,Paid Search,0.842,29,,,False,False,Active,Active,12,348
RC-04272,2024-07-02,Q3 2024,Europe,Freelancer,Basic,Monthly,Referral,0.152,15,,,True,True,At risk,At risk,12,180
RC-04273,2024-11-17,Q4 2024,North America,Individual,Basic,Monthly,Partner,0.199,15,1,Payment issue,False,False,Churned,Churned,1,15
RC-04274,2024-05-28,Q2 2024,Asia-Pacific,Small Business,Premium,Annual,Partner,0.601,41.65,,,False,False,Active,Renewed,12,499.8
RC-04275,2024-11-21,Q4 2024,North America,Individual,Standard,Monthly,Organic,0.208,29,,,True,True,At risk,At risk,12,348
RC-04276,2024-06-25,Q2 2024,North America,Small Business,Basic,Monthly,Paid Search,0.743,15,,,False,False,Active,Active,12,180
RC-04277,2024-09-19,Q3 2024,Europe,Individual,Basic,Annual,Social,0.933,12.75,,,False,False,Active,Renewed,12,153.0
RC-04278,2024-12-16,Q4 2024,North America,Small Business,Standard,Monthly,Organic,0.45,29,,,False,False,Active,Active,12,348
RC-04279,2024-05-02,Q2 2024,North America,Individual,Basic,Monthly,Referral,0.756,15,1,Price,False,False,Churned,Churned,1,15
RC-04280,2024-12-09,Q4 2024,Asia-Pacific,Individual,Standard,Annual,Organic,0.689,24.65,,,False,False,Active,Renewed,12,295.8
RC-04281,2024-05-22,Q2 2024,Europe,Individual,Standard,Monthly,Organic,0.261,29,7,Low usage,True,False,At risk,Churned,7,203
RC-04282,2024-08-04,Q3 2024,Other,Freelancer,Basic,Monthly,Organic,0.559,15,,,False,False,Active,Active,12,180
RC-04283,2024-08-05,Q3 2024,Europe,Small Business,Premium,Monthly,Organic,0.66,49,,,False,True,Active,At risk,12,588
RC-04284,2024-05-01,Q2 2024,Asia-Pacific,Individual,Standard,Monthly,Referral,0.33,29,3,Price,False,False,Churned,Churned,3,87
RC-04285,2024-11-16,Q4 2024,North America,Freelancer,Basic,Annual,Paid Search,0.492,12.75,5,Alternative,False,False,Active,Churned,5,63.75
RC-04286,2024-07-20,Q3 2024,Europe,Freelancer,Standard,Annual,Paid Search,0.492,24.65,12,Price,False,False,Active,Churned,12,295.8
RC-04287,2024-01-10,Q1 2024,Other,Small Business,Basic,Monthly,Partner,0.457,15,,,False,False,Active,Active,12,180
RC-04288,2024-08-07,Q3 2024,North America,Freelancer,Premium,Monthly,Organic,0.74,49,,,False,False,Active,Active,12,588
RC-04289,2024-11-09,Q4 2024,Asia-Pacific,Freelancer,Premium,Monthly,Referral,0.743,49,,,False,True,Active,At risk,12,588
RC-04290,2024-12-23,Q4 2024,North America,Individual,Basic,Monthly,Paid Search,0.897,15,,,False,False,Active,Active,12,180
RC-04291,2024-06-08,Q2 2024,North America,Freelancer,Enterprise,Annual,Organic,0.154,75.65,,,True,True,At risk,At risk,12,907.8
RC-04292,2024-08-18,Q3 2024,North America,Individual,Standard,Monthly,Organic,0.194,29,1,Alternative,False,False,Churned,Churned,1,29
RC-04293,2024-01-04,Q1 2024,Europe,Small Business,Standard,Annual,Referral,0.643,24.65,,,False,False,Active,Renewed,12,295.8
RC-04294,2024-02-08,Q1 2024,North America,Small Business,Premium,Annual,Organic,0.906,41.65,,,False,False,Active,Renewed,12,499.8
RC-04295,2024-06-14,Q2 2024,Other,Individual,Standard,Monthly,Organic,0.38,29,,,False,False,Active,Active,12,348
RC-04296,2024-08-23,Q3 2024,Asia-Pacific,Individual,Basic,Monthly,Organic,0.385,15,,,False,False,Active,Active,12,180
RC-04297,2024-07-24,Q3 2024,North America,Individual,Standard,Monthly,Referral,0.557,29,,,False,False,Active,Active,12,348
RC-04298,2024-09-01,Q3 2024,Europe,Team,Basic,Annual,Social,0.265,12.75,,,True,True,At risk,At risk,12,153.0
RC-04299,2024-01-20,Q1 2024,Europe,Freelancer,Standard,Monthly,Organic,0.801,29,8,Low usage,False,False,Active,Churned,8,232
RC-04300,2024-06-24,Q2 2024,Asia-Pacific,Small Business,Basic,Monthly,Referral,0.327,15,,,True,True,At risk,At risk,12,180
RC-04301,2024-06-09,Q2 2024,Asia-Pacific,Individual,Enterprise,Monthly,Referral,0.813,89,,,False,False,Active,Active,12,1068
RC-04302,2024-08-21,Q3 2024,North America,Small Business,Premium,Monthly,Referral,0.618,49,,,False,False,Active,Active,12,588
RC-04303,2024-02-22,Q1 2024,North America,Individual,Basic,Monthly,Organic,0.642,15,1,Product experience,False,False,Churned,Churned,1,15
RC-04304,2024-12-27,Q4 2024,Other,Individual,Premium,Monthly,Organic,0.194,49,,,True,True,At risk,At risk,12,588
RC-04305,2024-07-01,Q3 2024,Asia-Pacific,Individual,Premium,Monthly,Social,0.907,49,,,False,False,Active,Active,12,588
RC-04306,2024-05-21,Q2 2024,Asia-Pacific,Freelancer,Standard,Annual,Organic,0.304,24.65,,,True,True,At risk,At risk,12,295.8
RC-04307,2024-07-12,Q3 2024,Asia-Pacific,Team,Premium,Annual,Social,0.889,41.65,,,False,False,Active,Renewed,12,499.8
RC-04308,2024-11-26,Q4 2024,Other,Team,Enterprise,Annual,Paid Search,0.667,75.65,,,False,False,Active,Renewed,12,907.8
RC-04309,2024-04-13,Q2 2024,North America,Individual,Basic,Monthly,Organic,0.43,15,,,False,False,Active,Active,12,180
RC-04310,2024-12-23,Q4 2024,North America,Individual,Basic,Monthly,Organic,0.666,15,,,False,False,Active,Active,12,180
RC-04311,2024-04-17,Q2 2024,North America,Individual,Standard,Monthly,Social,0.467,29,,,False,False,Active,Active,12,348
RC-04312,2024-05-10,Q2 2024,North America,Individual,Standard,Annual,Paid Search,0.413,24.65,,,False,False,Active,Renewed,12,295.8
RC-04313,2024-04-07,Q2 2024,North America,Small Business,Standard,Monthly,Partner,0.861,29,,,False,False,Active,Active,12,348
RC-04314,2024-04-16,Q2 2024,North America,Individual,Basic,Monthly,Referral,0.295,15,7,Changed needs,True,False,At risk,Churned,7,105
RC-04315,2024-06-13,Q2 2024,North America,Individual,Basic,Monthly,Referral,0.709,15,,,False,False,Active,Active,12,180
RC-04316,2024-10-09,Q4 2024,North America,Freelancer,Premium,Monthly,Organic,0.815,49,,,False,False,Active,Active,12,588
RC-04317,2024-11-26,Q4 2024,Europe,Individual,Basic,Annual,Paid Search,0.499,12.75,8,Price,False,False,Active,Churned,8,102.0
RC-04318,2024-03-11,Q1 2024,Europe,Individual,Standard,Annual,Organic,0.675,24.65,6,Low usage,False,False,Active,Churned,6,147.9
RC-04319,2024-07-21,Q3 2024,Asia-Pacific,Individual,Basic,Monthly,Paid Search,0.485,15,,,False,False,Active,Active,12,180
RC-04320,2024-08-21,Q3 2024,North America,Individual,Basic,Annual,Organic,0.755,12.75,,,False,False,Active,Renewed,12,153.0
RC-04321,2024-03-14,Q1 2024,North America,Freelancer,Standard,Monthly,Organic,0.902,29,,,False,True,Active,At risk,12,348
RC-04322,2024-03-26,Q1 2024,Asia-Pacific,Freelancer,Premium,Annual,Social,0.633,41.65,9,Product experience,False,False,Active,Churned,9,374.85
RC-04323,2024-09-18,Q3 2024,Asia-Pacific,Small Business,Basic,Annual,Social,0.446,12.75,,,False,False,Active,Renewed,12,153.0
RC-04324,2024-04-04,Q2 2024,Europe,Freelancer,Basic,Annual,Partner,0.517,12.75,8,Alternative,False,False,Active,Churned,8,102.0
RC-04325,2024-11-03,Q4 2024,Other,Small Business,Standard,Monthly,Referral,0.407,29,7,Low usage,False,False,Active,Churned,7,203
RC-04326,2024-04-16,Q2 2024,Other,Individual,Standard,Annual,Organic,0.555,24.65,,,False,False,Active,Renewed,12,295.8
RC-04327,2024-12-25,Q4 2024,North America,Small Business,Enterprise,Annual,Paid Search,0.558,75.65,1,Product experience,False,False,Churned,Churned,1,75.65
RC-04328,2024-08-15,Q3 2024,North America,Freelancer,Standard,Monthly,Referral,0.953,29,7,Changed needs,False,False,Active,Churned,7,203
RC-04329,2024-09-04,Q3 2024,North America,Individual,Premium,Monthly,Partner,0.267,49,,,True,True,At risk,At risk,12,588
RC-04330,2024-03-27,Q1 2024,Europe,Individual,Standard,Annual,Referral,0.622,24.65,,,False,False,Active,Renewed,12,295.8
RC-04331,2024-12-20,Q4 2024,Other,Small Business,Enterprise,Monthly,Organic,0.368,89,10,Alternative,False,False,Active,Churned,10,890
RC-04332,2024-03-18,Q1 2024,North America,Small Business,Premium,Annual,Partner,0.818,41.65,,,False,False,Active,Renewed,12,499.8
RC-04333,2024-07-02,Q3 2024,Other,Individual,Premium,Monthly,Paid Search,0.941,49,,,False,False,Active,Active,12,588
RC-04334,2024-09-04,Q3 2024,North America,Small Business,Enterprise,Annual,Referral,0.502,75.65,,,False,False,Active,Renewed,12,907.8
RC-04335,2024-12-24,Q4 2024,Other,Small Business,Basic,Monthly,Organic,0.89,15,,,False,False,Active,Active,12,180
RC-04336,2024-04-06,Q2 2024,North America,Individual,Premium,Annual,Paid Search,0.536,41.65,12,Low usage,False,False,Active,Churned,12,499.8
RC-04337,2024-03-07,Q1 2024,North America,Individual,Standard,Annual,Organic,0.546,24.65,,,False,False,Active,Renewed,12,295.8
RC-04338,2024-01-21,Q1 2024,Europe,Team,Basic,Monthly,Social,0.286,15,,,True,True,At risk,At risk,12,180
RC-04339,2024-06-21,Q2 2024,North America,Individual,Basic,Monthly,Paid Search,0.161,15,3,Price,False,False,Churned,Churned,3,45
RC-04340,2024-03-25,Q1 2024,North America,Freelancer,Premium,Annual,Social,0.474,41.65,,,False,False,Active,Renewed,12,499.8
RC-04341,2024-09-09,Q3 2024,North America,Freelancer,Basic,Monthly,Social,0.299,15,6,Price,True,False,At risk,Churned,6,90
RC-04342,2024-07-28,Q3 2024,Europe,Individual,Basic,Monthly,Paid Search,0.666,15,,,False,False,Active,Active,12,180
RC-04343,2024-08-20,Q3 2024,Europe,Individual,Basic,Annual,Organic,0.15,12.75,,,True,True,At risk,At risk,12,153.0
RC-04344,2024-07-28,Q3 2024,North America,Small Business,Standard,Monthly,Social,0.783,29,,,False,False,Active,Active,12,348
RC-04345,2024-06-05,Q2 2024,Europe,Team,Basic,Monthly,Organic,0.826,15,5,Alternative,False,False,Active,Churned,5,75
RC-04346,2024-08-21,Q3 2024,Other,Individual,Premium,Monthly,Paid Search,0.642,49,,,False,False,Active,Active,12,588
RC-04347,2024-06-03,Q2 2024,North America,Small Business,Premium,Monthly,Paid Search,0.723,49,8,Low usage,False,False,Active,Churned,8,392
RC-04348,2024-02-20,Q1 2024,Asia-Pacific,Individual,Basic,Monthly,Organic,0.607,15,12,Low usage,False,False,Active,Churned,12,180
RC-04349,2024-06-05,Q2 2024,Other,Individual,Premium,Annual,Paid Search,0.669,41.65,1,Alternative,False,False,Churned,Churned,1,41.65
RC-04350,2024-04-27,Q2 2024,Europe,Small Business,Enterprise,Annual,Social,0.869,75.65,,,False,False,Active,Renewed,12,907.8
RC-04351,2024-12-18,Q4 2024,Other,Freelancer,Basic,Monthly,Paid Search,0.452,15,1,Alternative,False,False,Churned,Churned,1,15
RC-04352,2024-07-06,Q3 2024,Europe,Individual,Premium,Monthly,Referral,0.862,49,,,False,False,Active,Active,12,588
RC-04353,2024-02-07,Q1 2024,Other,Individual,Premium,Annual,Organic,0.559,41.65,,,False,False,Active,Renewed,12,499.8
RC-04354,2024-10-03,Q4 2024,Europe,Individual,Basic,Monthly,Organic,0.324,15,,,True,True,At risk,At risk,12,180
RC-04355,2024-08-01,Q3 2024,Other,Individual,Standard,Monthly,Referral,0.707,29,4,Product experience,False,False,Active,Churned,4,116
RC-04356,2024-05-02,Q2 2024,North America,Individual,Standard,Annual,Social,0.818,24.65,3,Product experience,False,False,Churned,Churned,3,73.95
RC-04357,2024-02-19,Q1 2024,Other,Individual,Standard,Monthly,Social,0.75,29,,,False,False,Active,Active,12,348
RC-04358,2024-01-15,Q1 2024,Asia-Pacific,Small Business,Basic,Monthly,Social,0.386,15,,,False,False,Active,Active,12,180
RC-04359,2024-05-26,Q2 2024,North America,Freelancer,Enterprise,Annual,Organic,0.327,75.65,,,True,True,At risk,At risk,12,907.8
RC-04360,2024-12-16,Q4 2024,Europe,Team,Premium,Annual,Paid Search,0.812,41.65,,,False,False,Active,Renewed,12,499.8
RC-04361,2024-06-07,Q2 2024,North America,Freelancer,Basic,Annual,Referral,0.434,12.75,,,False,False,Active,Renewed,12,153.0
RC-04362,2024-11-02,Q4 2024,Europe,Individual,Basic,Annual,Paid Search,0.463,12.75,4,Alternative,False,False,Active,Churned,4,51.0
RC-04363,2024-05-17,Q2 2024,Other,Freelancer,Enterprise,Annual,Referral,0.571,75.65,,,False,False,Active,Renewed,12,907.8
RC-04364,2024-06-02,Q2 2024,North America,Small Business,Basic,Monthly,Paid Search,0.706,15,,,False,False,Active,Active,12,180
RC-04365,2024-12-27,Q4 2024,North America,Small Business,Premium,Annual,Social,0.917,41.65,,,False,False,Active,Renewed,12,499.8
RC-04366,2024-04-10,Q2 2024,North America,Individual,Standard,Monthly,Organic,0.551,29,,,False,True,Active,At risk,12,348
RC-04367,2024-08-01,Q3 2024,North America,Freelancer,Enterprise,Annual,Paid Search,0.586,75.65,,,False,False,Active,Renewed,12,907.8
RC-04368,2024-02-03,Q1 2024,Other,Individual,Basic,Monthly,Organic,0.493,15,10,Product experience,False,False,Active,Churned,10,150
RC-04369,2024-11-18,Q4 2024,North America,Individual,Standard,Annual,Organic,0.327,24.65,,,True,True,At risk,At risk,12,295.8
RC-04370,2024-08-12,Q3 2024,Asia-Pacific,Individual,Basic,Monthly,Partner,0.552,15,2,Product experience,False,False,Churned,Churned,2,30
RC-04371,2024-04-13,Q2 2024,Europe,Individual,Basic,Annual,Organic,0.751,12.75,,,False,False,Active,Renewed,12,153.0
RC-04372,2024-12-05,Q4 2024,North America,Individual,Standard,Monthly,Paid Search,0.724,29,,,False,False,Active,Active,12,348
RC-04373,2024-07-26,Q3 2024,North America,Small Business,Standard,Annual,Referral,0.572,24.65,,,False,False,Active,Renewed,12,295.8
RC-04374,2024-06-18,Q2 2024,Europe,Freelancer,Basic,Monthly,Organic,0.875,15,,,False,False,Active,Active,12,180
RC-04375,2024-12-19,Q4 2024,North America,Individual,Premium,Monthly,Organic,0.585,49,,,False,False,Active,Active,12,588
RC-04376,2024-09-04,Q3 2024,Europe,Small Business,Premium,Annual,Social,0.339,41.65,,,False,True,Active,At risk,12,499.8
RC-04377,2024-06-07,Q2 2024,Europe,Individual,Basic,Monthly,Organic,0.356,15,,,False,False,Active,Active,12,180
RC-04378,2024-06-11,Q2 2024,North America,Individual,Basic,Monthly,Paid Search,0.479,15,9,Low usage,False,False,Active,Churned,9,135
RC-04379,2024-02-17,Q1 2024,Europe,Individual,Standard,Annual,Organic,0.28,24.65,,,True,True,At risk,At risk,12,295.8
RC-04380,2024-08-17,Q3 2024,North America,Individual,Basic,Monthly,Referral,0.882,15,8,Low usage,False,False,Active,Churned,8,120
RC-04381,2024-03-15,Q1 2024,Europe,Small Business,Standard,Monthly,Partner,0.589,29,,,False,False,Active,Active,12,348
RC-04382,2024-11-04,Q4 2024,Europe,Small Business,Premium,Annual,Referral,0.937,41.65,,,False,False,Active,Renewed,12,499.8
RC-04383,2024-10-28,Q4 2024,Asia-Pacific,Individual,Standard,Monthly,Organic,0.67,29,,,False,False,Active,Active,12,348
RC-04384,2024-12-19,Q4 2024,Europe,Individual,Standard,Monthly,Social,0.735,29,,,False,False,Active,Active,12,348
RC-04385,2024-03-17,Q1 2024,Europe,Individual,Basic,Monthly,Organic,0.507,15,,,False,False,Active,Active,12,180
RC-04386,2024-03-14,Q1 2024,Other,Individual,Standard,Monthly,Referral,0.479,29,,,False,True,Active,At risk,12,348
RC-04387,2024-05-21,Q2 2024,Europe,Small Business,Basic,Monthly,Organic,0.791,15,,,False,False,Active,Active,12,180
RC-04388,2024-03-20,Q1 2024,Asia-Pacific,Individual,Standard,Annual,Organic,0.751,24.65,,,False,False,Active,Renewed,12,295.8
RC-04389,2024-10-27,Q4 2024,Europe,Team,Standard,Monthly,Partner,0.993,29,,,False,False,Active,Active,12,348
RC-04390,2024-10-02,Q4 2024,North America,Individual,Premium,Annual,Social,0.477,41.65,6,Alternative,False,False,Active,Churned,6,249.9
RC-04391,2024-07-10,Q3 2024,Asia-Pacific,Team,Enterprise,Annual,Organic,0.578,75.65,,,False,False,Active,Renewed,12,907.8
RC-04392,2024-10-28,Q4 2024,North America,Individual,Standard,Annual,Referral,0.304,24.65,,,True,True,At risk,At risk,12,295.8
RC-04393,2024-08-22,Q3 2024,North America,Freelancer,Premium,Monthly,Organic,0.672,49,,,False,False,Active,Active,12,588
RC-04394,2024-02-06,Q1 2024,North America,Team,Standard,Monthly,Social,0.852,29,2,Price,False,False,Churned,Churned,2,58
RC-04395,2024-09-11,Q3 2024,Asia-Pacific,Individual,Standard,Monthly,Referral,0.177,29,,,True,True,At risk,At risk,12,348
RC-04396,2024-10-24,Q4 2024,Other,Freelancer,Standard,Monthly,Referral,0.512,29,,,False,False,Active,Active,12,348
RC-04397,2024-06-15,Q2 2024,North America,Freelancer,Standard,Annual,Paid Search,0.849,24.65,,,False,False,Active,Renewed,12,295.8
RC-04398,2024-09-22,Q3 2024,North America,Individual,Standard,Monthly,Social,0.172,29,10,Price,True,False,At risk,Churned,10,290
RC-04399,2024-11-07,Q4 2024,Other,Individual,Basic,Annual,Partner,0.491,12.75,,,False,False,Active,Renewed,12,153.0
RC-04400,2024-09-14,Q3 2024,Asia-Pacific,Small Business,Premium,Annual,Organic,0.107,41.65,,,True,True,At risk,At risk,12,499.8
RC-04401,2024-04-26,Q2 2024,Asia-Pacific,Small Business,Premium,Annual,Social,0.365,41.65,4,Low usage,False,False,Active,Churned,4,166.6
RC-04402,2024-12-12,Q4 2024,Asia-Pacific,Individual,Premium,Monthly,Paid Search,0.578,49,,,False,False,Active,Active,12,588
RC-04403,2024-11-06,Q4 2024,Europe,Individual,Enterprise,Annual,Organic,0.273,75.65,,,True,True,At risk,At risk,12,907.8
RC-04404,2024-11-09,Q4 2024,Europe,Individual,Basic,Monthly,Paid Search,0.724,15,,,False,False,Active,Active,12,180
RC-04405,2024-07-04,Q3 2024,Asia-Pacific,Freelancer,Standard,Annual,Paid Search,0.741,24.65,,,False,False,Active,Renewed,12,295.8
RC-04406,2024-01-24,Q1 2024,Other,Small Business,Standard,Annual,Organic,0.68,24.65,1,Low usage,False,False,Churned,Churned,1,24.65
RC-04407,2024-04-08,Q2 2024,North America,Individual,Premium,Monthly,Paid Search,0.923,49,,,False,False,Active,Active,12,588
RC-04408,2024-04-01,Q2 2024,Europe,Individual,Standard,Monthly,Organic,0.777,29,,,False,False,Active,Active,12,348
RC-04409,2024-07-24,Q3 2024,Other,Small Business,Premium,Annual,Organic,0.323,41.65,2,Payment issue,False,False,Churned,Churned,2,83.3
RC-04410,2024-06-18,Q2 2024,Asia-Pacific,Individual,Premium,Monthly,Paid Search,0.473,49,,,False,False,Active,Active,12,588
RC-04411,2024-08-06,Q3 2024,Europe,Individual,Standard,Monthly,Organic,0.413,29,,,False,False,Active,Active,12,348
RC-04412,2024-04-14,Q2 2024,North America,Freelancer,Standard,Monthly,Paid Search,0.501,29,,,False,False,Active,Active,12,348
RC-04413,2024-10-04,Q4 2024,North America,Small Business,Standard,Annual,Organic,0.506,24.65,,,False,False,Active,Renewed,12,295.8
RC-04414,2024-08-09,Q3 2024,North America,Freelancer,Standard,Monthly,Paid Search,0.652,29,,,False,True,Active,At risk,12,348
RC-04415,2024-09-13,Q3 2024,North America,Small Business,Premium,Monthly,Organic,0.566,49,,,False,False,Active,Active,12,588
RC-04416,2024-06-04,Q2 2024,Europe,Individual,Standard,Monthly,Paid Search,0.517,29,6,Low usage,False,False,Active,Churned,6,174
RC-04417,2024-12-23,Q4 2024,Europe,Individual,Standard,Annual,Organic,0.846,24.65,,,False,False,Active,Renewed,12,295.8
RC-04418,2024-04-12,Q2 2024,North America,Team,Standard,Annual,Paid Search,0.248,24.65,,,True,True,At risk,At risk,12,295.8
RC-04419,2024-04-11,Q2 2024,Europe,Individual,Premium,Annual,Organic,0.678,41.65,,,False,False,Active,Renewed,12,499.8
RC-04420,2024-08-15,Q3 2024,Europe,Small Business,Basic,Monthly,Paid Search,0.693,15,12,Alternative,False,False,Active,Churned,12,180
RC-04421,2024-07-23,Q3 2024,Europe,Individual,Premium,Monthly,Partner,0.559,49,,,False,False,Active,Active,12,588
RC-04422,2024-09-06,Q3 2024,North America,Small Business,Standard,Monthly,Organic,0.768,29,,,True,False,At risk,Active,12,348
RC-04423,2024-05-23,Q2 2024,North America,Individual,Basic,Monthly,Organic,0.321,15,12,Price,True,False,At risk,Churned,12,180
RC-04424,2024-11-13,Q4 2024,Asia-Pacific,Freelancer,Basic,Monthly,Organic,0.674,15,1,Changed needs,False,False,Churned,Churned,1,15
RC-04425,2024-11-22,Q4 2024,North America,Freelancer,Basic,Monthly,Paid Search,0.51,15,,,False,False,Active,Active,12,180
RC-04426,2024-10-12,Q4 2024,Europe,Individual,Standard,Annual,Referral,0.811,24.65,,,False,False,Active,Renewed,12,295.8
RC-04427,2024-07-20,Q3 2024,North America,Small Business,Premium,Annual,Social,0.8,41.65,,,False,False,Active,Renewed,12,499.8
RC-04428,2024-03-24,Q1 2024,North America,Individual,Standard,Monthly,Paid Search,0.215,29,6,Low usage,True,False,At risk,Churned,6,174
RC-04429,2024-12-13,Q4 2024,Other,Individual,Basic,Monthly,Paid Search,0.529,15,5,Low usage,False,False,Active,Churned,5,75
RC-04430,2024-06-27,Q2 2024,North America,Freelancer,Basic,Monthly,Organic,0.891,15,,,False,False,Active,Active,12,180
RC-04431,2024-03-16,Q1 2024,Asia-Pacific,Freelancer,Premium,Annual,Social,0.458,41.65,,,False,False,Active,Renewed,12,499.8
RC-04432,2024-09-08,Q3 2024,Europe,Individual,Basic,Monthly,Partner,0.642,15,,,False,False,Active,Active,12,180
RC-04433,2024-08-01,Q3 2024,Europe,Freelancer,Premium,Monthly,Paid Search,0.112,49,,,True,True,At risk,At risk,12,588
RC-04434,2024-06-18,Q2 2024,Other,Individual,Standard,Annual,Partner,0.907,24.65,,,False,False,Active,Renewed,12,295.8
RC-04435,2024-09-13,Q3 2024,Asia-Pacific,Individual,Basic,Monthly,Paid Search,0.963,15,,,False,False,Active,Active,12,180
RC-04436,2024-12-27,Q4 2024,North America,Individual,Premium,Annual,Referral,0.951,41.65,,,False,False,Active,Renewed,12,499.8
RC-04437,2024-07-26,Q3 2024,North America,Individual,Standard,Monthly,Organic,0.404,29,,,False,False,Active,Active,12,348
RC-04438,2024-06-27,Q2 2024,Europe,Individual,Standard,Monthly,Social,0.727,29,3,Low usage,False,False,Churned,Churned,3,87
RC-04439,2024-05-12,Q2 2024,Asia-Pacific,Small Business,Standard,Annual,Referral,0.194,24.65,,,True,True,At risk,At risk,12,295.8
RC-04440,2024-11-11,Q4 2024,Europe,Small Business,Basic,Monthly,Organic,0.759,15,,,False,False,Active,Active,12,180
RC-04441,2024-04-14,Q2 2024,Europe,Freelancer,Standard,Monthly,Paid Search,0.892,29,,,True,False,At risk,Active,12,348
RC-04442,2024-05-15,Q2 2024,North America,Individual,Premium,Monthly,Organic,0.715,49,,,False,False,Active,Active,12,588
RC-04443,2024-11-11,Q4 2024,Europe,Individual,Basic,Monthly,Social,0.823,15,,,False,False,Active,Active,12,180
RC-04444,2024-04-08,Q2 2024,North America,Individual,Standard,Monthly,Referral,0.462,29,,,False,False,Active,Active,12,348
RC-04445,2024-03-18,Q1 2024,Asia-Pacific,Small Business,Basic,Monthly,Social,0.291,15,5,Product experience,True,False,At risk,Churned,5,75
RC-04446,2024-09-09,Q3 2024,Europe,Small Business,Standard,Monthly,Social,0.59,29,10,Product experience,False,False,Active,Churned,10,290
RC-04447,2024-05-07,Q2 2024,North America,Freelancer,Standard,Monthly,Organic,0.754,29,8,Price,False,False,Active,Churned,8,232
RC-04448,2024-06-05,Q2 2024,North America,Individual,Standard,Annual,Social,0.24,24.65,3,Price,False,False,Churned,Churned,3,73.95
RC-04449,2024-03-09,Q1 2024,Other,Individual,Standard,Monthly,Paid Search,0.556,29,8,Price,False,False,Active,Churned,8,232
RC-04450,2024-05-04,Q2 2024,North America,Small Business,Premium,Monthly,Referral,0.331,49,,,False,True,Active,At risk,12,588
RC-04451,2024-12-20,Q4 2024,North America,Individual,Standard,Monthly,Paid Search,0.86,29,,,False,False,Active,Active,12,348
RC-04452,2024-09-24,Q3 2024,Asia-Pacific,Team,Standard,Monthly,Paid Search,0.48,29,,,False,False,Active,Active,12,348
RC-04453,2024-08-27,Q3 2024,North America,Small Business,Basic,Monthly,Referral,0.936,15,10,Low usage,False,False,Active,Churned,10,150
RC-04454,2024-09-17,Q3 2024,North America,Freelancer,Basic,Monthly,Social,0.472,15,,,False,False,Active,Active,12,180
RC-04455,2024-02-07,Q1 2024,North America,Small Business,Enterprise,Monthly,Organic,0.64,89,,,False,False,Active,Active,12,1068
RC-04456,2024-03-26,Q1 2024,Asia-Pacific,Freelancer,Premium,Annual,Partner,0.263,41.65,,,True,True,At risk,At risk,12,499.8
RC-04457,2024-09-15,Q3 2024,Europe,Individual,Basic,Monthly,Organic,0.096,15,5,Price,True,False,At risk,Churned,5,75
RC-04458,2024-04-17,Q2 2024,North America,Small Business,Standard,Annual,Organic,0.713,24.65,,,False,True,Active,At risk,12,295.8
RC-04459,2024-01-14,Q1 2024,Asia-Pacific,Small Business,Basic,Monthly,Referral,0.126,15,,,True,True,At risk,At risk,12,180
RC-04460,2024-02-25,Q1 2024,Asia-Pacific,Small Business,Premium,Annual,Organic,0.717,41.65,,,False,False,Active,Renewed,12,499.8
RC-04461,2024-08-11,Q3 2024,Europe,Individual,Standard,Monthly,Social,0.137,29,,,True,True,At risk,At risk,12,348
RC-04462,2024-11-28,Q4 2024,Asia-Pacific,Small Business,Enterprise,Monthly,Organic,0.63,89,,,False,True,Active,At risk,12,1068
RC-04463,2024-06-06,Q2 2024,Europe,Individual,Standard,Monthly,Organic,0.375,29,1,Price,False,False,Churned,Churned,1,29
RC-04464,2024-02-10,Q1 2024,Asia-Pacific,Individual,Standard,Monthly,Organic,0.859,29,,,True,True,At risk,At risk,12,348
RC-04465,2024-04-14,Q2 2024,Europe,Small Business,Basic,Annual,Organic,0.42,12.75,,,False,False,Active,Renewed,12,153.0
RC-04466,2024-05-08,Q2 2024,Europe,Freelancer,Basic,Monthly,Referral,0.802,15,,,False,False,Active,Active,12,180
RC-04467,2024-09-13,Q3 2024,North America,Individual,Premium,Monthly,Partner,0.618,49,,,False,False,Active,Active,12,588
RC-04468,2024-02-14,Q1 2024,Europe,Small Business,Premium,Monthly,Partner,0.341,49,,,False,False,Active,Active,12,588
RC-04469,2024-02-10,Q1 2024,Asia-Pacific,Individual,Premium,Annual,Social,0.259,41.65,,,True,True,At risk,At risk,12,499.8
RC-04470,2024-12-07,Q4 2024,Asia-Pacific,Small Business,Premium,Monthly,Organic,0.538,49,,,False,False,Active,Active,12,588
RC-04471,2024-10-14,Q4 2024,North America,Individual,Premium,Monthly,Referral,0.696,49,,,False,False,Active,Active,12,588
RC-04472,2024-10-09,Q4 2024,North America,Freelancer,Standard,Monthly,Social,0.738,29,,,False,False,Active,Active,12,348
RC-04473,2024-06-08,Q2 2024,Europe,Individual,Enterprise,Annual,Social,0.601,75.65,,,False,False,Active,Renewed,12,907.8
RC-04474,2024-04-04,Q2 2024,Europe,Small Business,Premium,Monthly,Referral,0.225,49,,,True,True,At risk,At risk,12,588
RC-04475,2024-03-27,Q1 2024,Europe,Individual,Premium,Monthly,Paid Search,0.581,49,,,False,False,Active,Active,12,588
RC-04476,2024-12-07,Q4 2024,Asia-Pacific,Small Business,Basic,Monthly,Organic,0.536,15,,,False,False,Active,Active,12,180
RC-04477,2024-01-05,Q1 2024,Europe,Freelancer,Basic,Monthly,Referral,0.284,15,,,True,True,At risk,At risk,12,180
RC-04478,2024-11-23,Q4 2024,Asia-Pacific,Small Business,Basic,Monthly,Partner,0.883,15,8,Low usage,False,False,Active,Churned,8,120
RC-04479,2024-11-25,Q4 2024,North America,Small Business,Standard,Monthly,Referral,0.404,29,,,False,False,Active,Active,12,348
RC-04480,2024-03-15,Q1 2024,North America,Individual,Basic,Monthly,Social,0.957,15,3,Low usage,False,False,Churned,Churned,3,45
RC-04481,2024-07-09,Q3 2024,Asia-Pacific,Freelancer,Standard,Annual,Organic,0.674,24.65,,,True,False,At risk,Renewed,12,295.8
RC-04482,2024-12-08,Q4 2024,North America,Small Business,Premium,Monthly,Paid Search,0.637,49,,,False,False,Active,Active,12,588
RC-04483,2024-08-14,Q3 2024,Europe,Individual,Standard,Monthly,Organic,0.838,29,,,False,False,Active,Active,12,348
RC-04484,2024-07-05,Q3 2024,Other,Individual,Standard,Monthly,Paid Search,0.402,29,,,False,True,Active,At risk,12,348
RC-04485,2024-05-16,Q2 2024,North America,Small Business,Basic,Monthly,Partner,0.449,15,5,Low usage,False,False,Active,Churned,5,75
RC-04486,2024-03-28,Q1 2024,Asia-Pacific,Individual,Premium,Annual,Social,0.749,41.65,,,False,False,Active,Renewed,12,499.8
RC-04487,2024-07-20,Q3 2024,Europe,Individual,Basic,Monthly,Organic,0.83,15,,,False,False,Active,Active,12,180
RC-04488,2024-11-03,Q4 2024,Europe,Small Business,Premium,Monthly,Organic,0.352,49,,,False,False,Active,Active,12,588
RC-04489,2024-07-06,Q3 2024,Asia-Pacific,Freelancer,Standard,Monthly,Social,0.86,29,,,False,False,Active,Active,12,348
RC-04490,2024-05-21,Q2 2024,North America,Individual,Standard,Annual,Organic,0.646,24.65,,,False,False,Active,Renewed,12,295.8
RC-04491,2024-12-19,Q4 2024,North America,Individual,Premium,Monthly,Paid Search,0.518,49,3,Low usage,False,False,Churned,Churned,3,147
RC-04492,2024-08-13,Q3 2024,North America,Individual,Premium,Annual,Partner,0.413,41.65,,,False,False,Active,Renewed,12,499.8
RC-04493,2024-03-10,Q1 2024,North America,Individual,Standard,Monthly,Paid Search,0.453,29,,,False,False,Active,Active,12,348
RC-04494,2024-02-06,Q1 2024,Other,Individual,Standard,Monthly,Organic,0.677,29,,,False,False,Active,Active,12,348
RC-04495,2024-04-07,Q2 2024,North America,Team,Enterprise,Annual,Social,0.503,75.65,,,False,False,Active,Renewed,12,907.8
RC-04496,2024-10-19,Q4 2024,Europe,Individual,Premium,Annual,Referral,0.325,41.65,,,True,True,At risk,At risk,12,499.8
RC-04497,2024-01-11,Q1 2024,North America,Freelancer,Standard,Annual,Referral,0.125,24.65,4,Price,True,False,At risk,Churned,4,98.6
RC-04498,2024-11-23,Q4 2024,Europe,Small Business,Basic,Monthly,Organic,0.676,15,,,False,True,Active,At risk,12,180
RC-04499,2024-07-26,Q3 2024,Asia-Pacific,Freelancer,Basic,Annual,Organic,0.529,12.75,,,False,False,Active,Renewed,12,153.0
RC-04500,2024-04-17,Q2 2024,North America,Individual,Basic,Monthly,Organic,0.894,15,,,False,False,Active,Active,12,180
RC-04501,2024-10-03,Q4 2024,Europe,Freelancer,Enterprise,Annual,Organic,0.659,75.65,,,False,False,Active,Renewed,12,907.8
RC-04502,2024-01-07,Q1 2024,Asia-Pacific,Individual,Basic,Monthly,Paid Search,0.834,15,,,False,False,Active,Active,12,180
RC-04503,2024-06-05,Q2 2024,Asia-Pacific,Freelancer,Standard,Monthly,Organic,0.28,29,10,Product experience,True,False,At risk,Churned,10,290
RC-04504,2024-04-26,Q2 2024,Other,Small Business,Basic,Monthly,Organic,0.778,15,,,False,False,Active,Active,12,180
RC-04505,2024-12-06,Q4 2024,Europe,Individual,Basic,Monthly,Referral,0.756,15,,,False,False,Active,Active,12,180
RC-04506,2024-06-21,Q2 2024,North America,Individual,Premium,Annual,Paid Search,0.398,41.65,7,Product experience,False,False,Active,Churned,7,291.55
RC-04507,2024-08-21,Q3 2024,North America,Team,Enterprise,Monthly,Paid Search,0.676,89,,,False,False,Active,Active,12,1068
RC-04508,2024-03-02,Q1 2024,North America,Individual,Basic,Annual,Social,0.289,12.75,1,Low usage,False,False,Churned,Churned,1,12.75
RC-04509,2024-03-07,Q1 2024,North America,Individual,Premium,Annual,Referral,0.426,41.65,,,False,True,Active,At risk,12,499.8
RC-04510,2024-01-04,Q1 2024,North America,Freelancer,Premium,Monthly,Organic,0.783,49,2,Low usage,False,False,Churned,Churned,2,98
RC-04511,2024-02-19,Q1 2024,Asia-Pacific,Individual,Standard,Annual,Referral,0.421,24.65,,,False,False,Active,Renewed,12,295.8
RC-04512,2024-05-16,Q2 2024,North America,Small Business,Standard,Monthly,Partner,0.982,29,,,False,False,Active,Active,12,348
RC-04513,2024-08-11,Q3 2024,North America,Individual,Basic,Monthly,Referral,0.695,15,,,False,False,Active,Active,12,180
RC-04514,2024-05-05,Q2 2024,North America,Small Business,Standard,Monthly,Referral,0.903,29,,,False,True,Active,At risk,12,348
RC-04515,2024-12-10,Q4 2024,North America,Individual,Enterprise,Monthly,Organic,0.842,89,,,False,False,Active,Active,12,1068
RC-04516,2024-09-09,Q3 2024,Asia-Pacific,Freelancer,Standard,Monthly,Partner,0.343,29,,,False,False,Active,Active,12,348
RC-04517,2024-12-14,Q4 2024,Europe,Team,Standard,Annual,Paid Search,0.454,24.65,3,Changed needs,False,False,Churned,Churned,3,73.95
RC-04518,2024-08-05,Q3 2024,North America,Individual,Basic,Annual,Organic,0.584,12.75,,,False,False,Active,Renewed,12,153.0
RC-04519,2024-01-06,Q1 2024,North America,Small Business,Enterprise,Annual,Paid Search,0.781,75.65,,,False,False,Active,Renewed,12,907.8
RC-04520,2024-09-08,Q3 2024,Europe,Individual,Basic,Monthly,Organic,0.465,15,,,False,False,Active,Active,12,180
RC-04521,2024-10-11,Q4 2024,Other,Individual,Basic,Monthly,Organic,0.128,15,10,Low usage,True,False,At risk,Churned,10,150
RC-04522,2024-10-07,Q4 2024,Asia-Pacific,Individual,Standard,Monthly,Organic,0.434,29,,,False,False,Active,Active,12,348
RC-04523,2024-06-25,Q2 2024,North America,Individual,Basic,Monthly,Social,0.479,15,1,Alternative,False,False,Churned,Churned,1,15
RC-04524,2024-08-14,Q3 2024,North America,Individual,Standard,Monthly,Paid Search,0.711,29,,,False,False,Active,Active,12,348
RC-04525,2024-07-14,Q3 2024,Europe,Freelancer,Basic,Monthly,Referral,0.725,15,6,Price,False,False,Active,Churned,6,90
RC-04526,2024-12-14,Q4 2024,Other,Small Business,Enterprise,Annual,Paid Search,0.524,75.65,,,False,False,Active,Renewed,12,907.8
RC-04527,2024-12-10,Q4 2024,Asia-Pacific,Individual,Basic,Monthly,Referral,0.238,15,,,True,True,At risk,At risk,12,180
RC-04528,2024-10-17,Q4 2024,North America,Small Business,Standard,Annual,Organic,0.489,24.65,,,False,False,Active,Renewed,12,295.8
RC-04529,2024-03-02,Q1 2024,North America,Small Business,Basic,Annual,Referral,0.191,12.75,,,True,True,At risk,At risk,12,153.0
RC-04530,2024-09-06,Q3 2024,Asia-Pacific,Individual,Basic,Monthly,Paid Search,0.541,15,,,False,False,Active,Active,12,180
RC-04531,2024-12-16,Q4 2024,Asia-Pacific,Freelancer,Premium,Annual,Social,0.775,41.65,,,True,False,At risk,Renewed,12,499.8
RC-04532,2024-02-20,Q1 2024,North America,Individual,Standard,Annual,Organic,0.804,24.65,,,False,False,Active,Renewed,12,295.8
RC-04533,2024-09-13,Q3 2024,North America,Freelancer,Premium,Monthly,Organic,0.441,49,,,False,False,Active,Active,12,588
RC-04534,2024-12-15,Q4 2024,North America,Freelancer,Premium,Monthly,Paid Search,0.814,49,,,False,False,Active,Active,12,588
RC-04535,2024-05-13,Q2 2024,North America,Small Business,Standard,Monthly,Social,0.521,29,,,False,False,Active,Active,12,348
RC-04536,2024-05-08,Q2 2024,Europe,Individual,Standard,Monthly,Organic,0.84,29,,,False,False,Active,Active,12,348
RC-04537,2024-09-18,Q3 2024,Europe,Team,Standard,Monthly,Organic,0.313,29,11,Price,True,False,At risk,Churned,11,319
RC-04538,2024-09-13,Q3 2024,North America,Individual,Premium,Annual,Paid Search,0.123,41.65,,,True,True,At risk,At risk,12,499.8
RC-04539,2024-05-11,Q2 2024,Asia-Pacific,Freelancer,Standard,Monthly,Partner,0.716,29,,,False,False,Active,Active,12,348
RC-04540,2024-03-17,Q1 2024,Asia-Pacific,Individual,Standard,Monthly,Referral,0.613,29,,,False,False,Active,Active,12,348
RC-04541,2024-11-06,Q4 2024,Asia-Pacific,Individual,Premium,Annual,Organic,0.359,41.65,,,False,False,Active,Renewed,12,499.8
RC-04542,2024-02-18,Q1 2024,Europe,Freelancer,Standard,Monthly,Paid Search,0.661,29,7,Low usage,False,False,Active,Churned,7,203
RC-04543,2024-04-26,Q2 2024,Europe,Small Business,Premium,Monthly,Organic,0.875,49,,,False,False,Active,Active,12,588
RC-04544,2024-06-05,Q2 2024,North America,Small Business,Premium,Annual,Referral,0.809,41.65,,,False,False,Active,Renewed,12,499.8
RC-04545,2024-04-18,Q2 2024,North America,Small Business,Basic,Monthly,Organic,0.615,15,,,False,False,Active,Active,12,180
RC-04546,2024-04-25,Q2 2024,Asia-Pacific,Individual,Basic,Monthly,Social,0.648,15,6,Low usage,False,False,Active,Churned,6,90
RC-04547,2024-10-27,Q4 2024,North America,Freelancer,Standard,Monthly,Social,0.518,29,,,False,False,Active,Active,12,348
RC-04548,2024-06-05,Q2 2024,North America,Small Business,Basic,Monthly,Partner,0.739,15,,,False,False,Active,Active,12,180
RC-04549,2024-10-11,Q4 2024,Asia-Pacific,Individual,Basic,Monthly,Paid Search,0.188,15,,,True,True,At risk,At risk,12,180
RC-04550,2024-03-14,Q1 2024,Europe,Freelancer,Standard,Annual,Referral,0.499,24.65,,,True,True,At risk,At risk,12,295.8
RC-04551,2024-05-11,Q2 2024,Europe,Team,Premium,Monthly,Social,0.675,49,,,False,False,Active,Active,12,588
RC-04552,2024-04-11,Q2 2024,Other,Small Business,Basic,Monthly,Partner,0.68,15,1,Low usage,False,False,Churned,Churned,1,15
RC-04553,2024-07-10,Q3 2024,Europe,Individual,Premium,Monthly,Organic,0.448,49,,,False,False,Active,Active,12,588
RC-04554,2024-10-03,Q4 2024,Other,Freelancer,Standard,Monthly,Social,0.738,29,,,False,False,Active,Active,12,348
RC-04555,2024-07-08,Q3 2024,North America,Team,Basic,Monthly,Organic,0.6,15,,,False,False,Active,Active,12,180
RC-04556,2024-02-01,Q1 2024,Europe,Small Business,Basic,Annual,Organic,0.927,12.75,,,False,False,Active,Renewed,12,153.0
RC-04557,2024-09-26,Q3 2024,North America,Individual,Basic,Monthly,Social,0.581,15,,,False,False,Active,Active,12,180
RC-04558,2024-01-13,Q1 2024,Other,Small Business,Standard,Monthly,Referral,0.622,29,,,False,False,Active,Active,12,348
RC-04559,2024-04-10,Q2 2024,North America,Individual,Basic,Monthly,Referral,0.612,15,,,False,False,Active,Active,12,180
RC-04560,2024-03-17,Q1 2024,North America,Individual,Basic,Monthly,Social,0.561,15,,,False,False,Active,Active,12,180
RC-04561,2024-07-05,Q3 2024,Europe,Individual,Premium,Monthly,Partner,0.565,49,12,Changed needs,False,False,Active,Churned,12,588
RC-04562,2024-04-22,Q2 2024,Europe,Freelancer,Premium,Annual,Social,0.544,41.65,,,False,False,Active,Renewed,12,499.8
RC-04563,2024-10-15,Q4 2024,North America,Freelancer,Standard,Monthly,Organic,0.507,29,,,False,False,Active,Active,12,348
RC-04564,2024-11-15,Q4 2024,North America,Individual,Enterprise,Monthly,Paid Search,0.713,89,,,False,False,Active,Active,12,1068
RC-04565,2024-11-08,Q4 2024,North America,Freelancer,Premium,Monthly,Organic,0.722,49,,,False,False,Active,Active,12,588
RC-04566,2024-09-24,Q3 2024,Other,Individual,Basic,Monthly,Referral,0.543,15,,,False,False,Active,Active,12,180
RC-04567,2024-07-11,Q3 2024,Europe,Individual,Standard,Annual,Social,0.558,24.65,,,False,False,Active,Renewed,12,295.8
RC-04568,2024-12-26,Q4 2024,Europe,Small Business,Standard,Monthly,Referral,0.176,29,2,Low usage,False,False,Churned,Churned,2,58
RC-04569,2024-01-04,Q1 2024,North America,Freelancer,Basic,Monthly,Organic,0.769,15,,,False,False,Active,Active,12,180
RC-04570,2024-11-14,Q4 2024,North America,Small Business,Basic,Monthly,Social,0.719,15,3,Product experience,False,False,Churned,Churned,3,45
RC-04571,2024-12-02,Q4 2024,Asia-Pacific,Individual,Premium,Monthly,Paid Search,0.547,49,,,False,False,Active,Active,12,588
RC-04572,2024-12-25,Q4 2024,Asia-Pacific,Individual,Premium,Monthly,Organic,0.417,49,,,False,False,Active,Active,12,588
RC-04573,2024-12-04,Q4 2024,Europe,Team,Standard,Monthly,Social,0.827,29,,,True,False,At risk,Active,12,348
RC-04574,2024-12-13,Q4 2024,North America,Individual,Basic,Monthly,Organic,0.532,15,5,Price,False,False,Active,Churned,5,75
RC-04575,2024-04-11,Q2 2024,Other,Individual,Standard,Monthly,Referral,0.709,29,,,False,False,Active,Active,12,348
RC-04576,2024-12-03,Q4 2024,Europe,Small Business,Basic,Monthly,Paid Search,0.64,15,,,False,False,Active,Active,12,180
RC-04577,2024-01-16,Q1 2024,North America,Individual,Basic,Monthly,Partner,0.69,15,,,True,False,At risk,Active,12,180
RC-04578,2024-11-21,Q4 2024,North America,Freelancer,Standard,Monthly,Paid Search,0.644,29,1,Alternative,False,False,Churned,Churned,1,29
RC-04579,2024-03-26,Q1 2024,Other,Individual,Enterprise,Annual,Social,0.51,75.65,,,True,False,At risk,Renewed,12,907.8
RC-04580,2024-03-27,Q1 2024,Europe,Small Business,Premium,Monthly,Referral,0.844,49,,,False,False,Active,Active,12,588
RC-04581,2024-05-28,Q2 2024,Europe,Small Business,Standard,Monthly,Social,0.452,29,,,False,False,Active,Active,12,348
RC-04582,2024-09-12,Q3 2024,Other,Individual,Standard,Monthly,Social,0.374,29,,,False,False,Active,Active,12,348
RC-04583,2024-06-13,Q2 2024,North America,Individual,Basic,Monthly,Paid Search,0.538,15,,,False,False,Active,Active,12,180
RC-04584,2024-10-19,Q4 2024,Asia-Pacific,Freelancer,Standard,Monthly,Social,0.17,29,8,Low usage,True,False,At risk,Churned,8,232
RC-04585,2024-05-15,Q2 2024,Europe,Individual,Premium,Monthly,Referral,0.581,49,,,False,False,Active,Active,12,588
RC-04586,2024-02-27,Q1 2024,Europe,Individual,Basic,Monthly,Referral,0.363,15,2,Alternative,False,False,Churned,Churned,2,30
RC-04587,2024-06-14,Q2 2024,Other,Small Business,Premium,Monthly,Partner,0.085,49,1,Low usage,False,False,Churned,Churned,1,49
RC-04588,2024-10-26,Q4 2024,Asia-Pacific,Small Business,Basic,Monthly,Organic,0.471,15,5,Changed needs,False,False,Active,Churned,5,75
RC-04589,2024-07-04,Q3 2024,Asia-Pacific,Freelancer,Basic,Monthly,Partner,0.743,15,,,False,False,Active,Active,12,180
RC-04590,2024-01-01,Q1 2024,Europe,Freelancer,Basic,Monthly,Social,0.874,15,,,False,False,Active,Active,12,180
RC-04591,2024-04-10,Q2 2024,North America,Small Business,Standard,Annual,Organic,0.301,24.65,3,Changed needs,False,False,Churned,Churned,3,73.95
RC-04592,2024-11-08,Q4 2024,North America,Small Business,Premium,Monthly,Organic,0.53,49,,,False,False,Active,Active,12,588
RC-04593,2024-03-05,Q1 2024,North America,Individual,Standard,Monthly,Paid Search,0.862,29,,,False,False,Active,Active,12,348
RC-04594,2024-05-27,Q2 2024,Europe,Individual,Standard,Annual,Organic,0.416,24.65,2,Price,False,False,Churned,Churned,2,49.3
RC-04595,2024-01-19,Q1 2024,North America,Individual,Premium,Monthly,Partner,0.217,49,,,True,True,At risk,At risk,12,588
RC-04596,2024-03-21,Q1 2024,Asia-Pacific,Small Business,Premium,Monthly,Paid Search,0.508,49,12,Alternative,False,False,Active,Churned,12,588
RC-04597,2024-11-17,Q4 2024,Europe,Small Business,Basic,Monthly,Referral,0.946,15,,,False,False,Active,Active,12,180
RC-04598,2024-07-21,Q3 2024,Europe,Small Business,Standard,Annual,Organic,0.219,24.65,,,True,True,At risk,At risk,12,295.8
RC-04599,2024-03-09,Q1 2024,Europe,Team,Basic,Monthly,Referral,0.1,15,4,Changed needs,True,False,At risk,Churned,4,60
RC-04600,2024-09-13,Q3 2024,Other,Individual,Standard,Monthly,Paid Search,0.547,29,8,Price,False,False,Active,Churned,8,232
RC-04601,2024-11-24,Q4 2024,North America,Individual,Premium,Annual,Paid Search,0.35,41.65,,,False,False,Active,Renewed,12,499.8
RC-04602,2024-12-08,Q4 2024,North America,Small Business,Basic,Monthly,Social,0.655,15,11,Low usage,False,False,Active,Churned,11,165
RC-04603,2024-12-11,Q4 2024,Other,Small Business,Basic,Monthly,Social,0.728,15,7,Low usage,False,False,Active,Churned,7,105
RC-04604,2024-10-09,Q4 2024,Europe,Individual,Standard,Annual,Organic,0.734,24.65,1,Product experience,False,False,Churned,Churned,1,24.65
RC-04605,2024-12-21,Q4 2024,North America,Freelancer,Basic,Monthly,Organic,0.655,15,,,True,False,At risk,Active,12,180
RC-04606,2024-05-24,Q2 2024,Asia-Pacific,Small Business,Standard,Monthly,Social,0.503,29,,,False,False,Active,Active,12,348
RC-04607,2024-04-11,Q2 2024,North America,Individual,Standard,Annual,Referral,0.29,24.65,,,True,True,At risk,At risk,12,295.8
RC-04608,2024-01-14,Q1 2024,North America,Small Business,Standard,Monthly,Social,0.429,29,,,False,False,Active,Active,12,348
RC-04609,2024-12-26,Q4 2024,Europe,Individual,Basic,Monthly,Organic,0.805,15,,,True,False,At risk,Active,12,180
RC-04610,2024-10-07,Q4 2024,North America,Small Business,Enterprise,Annual,Organic,0.439,75.65,,,False,False,Active,Renewed,12,907.8
RC-04611,2024-11-16,Q4 2024,Asia-Pacific,Individual,Basic,Monthly,Paid Search,0.309,15,4,Payment issue,True,False,At risk,Churned,4,60
RC-04612,2024-12-03,Q4 2024,Europe,Individual,Standard,Monthly,Referral,0.816,29,,,False,False,Active,Active,12,348
RC-04613,2024-03-26,Q1 2024,North America,Freelancer,Basic,Monthly,Organic,0.285,15,6,Alternative,True,False,At risk,Churned,6,90
RC-04614,2024-11-14,Q4 2024,Europe,Individual,Standard,Annual,Paid Search,0.329,24.65,,,True,True,At risk,At risk,12,295.8
RC-04615,2024-05-26,Q2 2024,Other,Individual,Premium,Annual,Organic,0.791,41.65,,,False,False,Active,Renewed,12,499.8
RC-04616,2024-09-18,Q3 2024,North America,Individual,Standard,Monthly,Organic,0.497,29,,,False,False,Active,Active,12,348
RC-04617,2024-03-16,Q1 2024,North America,Small Business,Basic,Monthly,Social,0.574,15,7,Low usage,False,False,Active,Churned,7,105
RC-04618,2024-04-18,Q2 2024,Asia-Pacific,Individual,Basic,Monthly,Organic,0.755,15,2,Price,False,False,Churned,Churned,2,30
RC-04619,2024-04-14,Q2 2024,Asia-Pacific,Freelancer,Basic,Monthly,Organic,0.704,15,,,False,False,Active,Active,12,180
RC-04620,2024-12-19,Q4 2024,North America,Individual,Premium,Monthly,Paid Search,0.777,49,,,True,False,At risk,Active,12,588
RC-04621,2024-05-24,Q2 2024,Asia-Pacific,Individual,Basic,Annual,Social,0.724,12.75,,,False,False,Active,Renewed,12,153.0
RC-04622,2024-11-06,Q4 2024,Europe,Individual,Standard,Annual,Partner,0.503,24.65,,,False,False,Active,Renewed,12,295.8
RC-04623,2024-03-28,Q1 2024,North America,Freelancer,Premium,Monthly,Organic,0.441,49,,,False,False,Active,Active,12,588
RC-04624,2024-12-14,Q4 2024,North America,Freelancer,Basic,Monthly,Organic,0.808,15,,,False,False,Active,Active,12,180
RC-04625,2024-11-19,Q4 2024,Europe,Small Business,Standard,Monthly,Referral,0.426,29,,,False,False,Active,Active,12,348
RC-04626,2024-07-18,Q3 2024,North America,Small Business,Standard,Annual,Paid Search,0.826,24.65,,,False,False,Active,Renewed,12,295.8
RC-04627,2024-03-06,Q1 2024,Asia-Pacific,Team,Basic,Monthly,Referral,0.422,15,,,False,False,Active,Active,12,180
RC-04628,2024-09-09,Q3 2024,Europe,Individual,Standard,Monthly,Paid Search,0.705,29,,,False,False,Active,Active,12,348
RC-04629,2024-04-28,Q2 2024,North America,Individual,Basic,Monthly,Social,0.801,15,,,False,False,Active,Active,12,180
RC-04630,2024-10-23,Q4 2024,North America,Freelancer,Standard,Monthly,Partner,0.399,29,,,True,False,At risk,Active,12,348
RC-04631,2024-02-17,Q1 2024,Asia-Pacific,Freelancer,Basic,Monthly,Referral,0.553,15,,,False,False,Active,Active,12,180
RC-04632,2024-12-05,Q4 2024,North America,Individual,Standard,Monthly,Paid Search,0.231,29,1,Price,False,False,Churned,Churned,1,29
RC-04633,2024-05-25,Q2 2024,Europe,Small Business,Standard,Annual,Paid Search,0.543,24.65,,,False,False,Active,Renewed,12,295.8
RC-04634,2024-06-16,Q2 2024,North America,Freelancer,Standard,Annual,Organic,0.294,24.65,,,True,True,At risk,At risk,12,295.8
RC-04635,2024-11-26,Q4 2024,Asia-Pacific,Individual,Basic,Annual,Partner,0.473,12.75,,,False,False,Active,Renewed,12,153.0
RC-04636,2024-12-08,Q4 2024,Europe,Individual,Standard,Annual,Paid Search,0.757,24.65,6,Price,False,False,Active,Churned,6,147.9
RC-04637,2024-07-12,Q3 2024,North America,Individual,Enterprise,Monthly,Referral,0.829,89,,,False,False,Active,Active,12,1068
RC-04638,2024-12-13,Q4 2024,Europe,Individual,Enterprise,Annual,Paid Search,0.547,75.65,,,True,True,At risk,At risk,12,907.8
RC-04639,2024-03-09,Q1 2024,Europe,Individual,Premium,Monthly,Organic,0.629,49,,,False,False,Active,Active,12,588
RC-04640,2024-08-20,Q3 2024,Other,Individual,Standard,Monthly,Paid Search,0.617,29,,,False,False,Active,Active,12,348
RC-04641,2024-06-08,Q2 2024,Europe,Individual,Standard,Annual,Referral,0.323,24.65,,,True,True,At risk,At risk,12,295.8
RC-04642,2024-02-07,Q1 2024,Europe,Individual,Basic,Annual,Social,0.942,12.75,,,False,False,Active,Renewed,12,153.0
RC-04643,2024-07-17,Q3 2024,Asia-Pacific,Small Business,Basic,Annual,Referral,0.626,12.75,,,False,False,Active,Renewed,12,153.0
RC-04644,2024-11-14,Q4 2024,North America,Individual,Basic,Monthly,Referral,0.489,15,,,False,True,Active,At risk,12,180
RC-04645,2024-12-11,Q4 2024,Europe,Individual,Standard,Monthly,Paid Search,0.844,29,5,Payment issue,False,False,Active,Churned,5,145
RC-04646,2024-12-10,Q4 2024,North America,Individual,Premium,Annual,Social,0.06,41.65,,,True,True,At risk,At risk,12,499.8
RC-04647,2024-01-14,Q1 2024,Europe,Individual,Standard,Monthly,Organic,0.192,29,1,Low usage,False,False,Churned,Churned,1,29
RC-04648,2024-06-28,Q2 2024,Europe,Individual,Enterprise,Annual,Social,0.842,75.65,,,False,False,Active,Renewed,12,907.8
RC-04649,2024-02-15,Q1 2024,Other,Individual,Standard,Annual,Referral,0.602,24.65,10,Low usage,False,False,Active,Churned,10,246.5
RC-04650,2024-10-17,Q4 2024,North America,Freelancer,Standard,Annual,Organic,0.667,24.65,,,False,False,Active,Renewed,12,295.8
RC-04651,2024-12-10,Q4 2024,Europe,Small Business,Standard,Annual,Partner,0.239,24.65,4,Low usage,True,False,At risk,Churned,4,98.6
RC-04652,2024-11-21,Q4 2024,North America,Small Business,Standard,Monthly,Organic,0.645,29,,,False,False,Active,Active,12,348
RC-04653,2024-01-05,Q1 2024,Europe,Small Business,Premium,Annual,Paid Search,0.766,41.65,,,False,False,Active,Renewed,12,499.8
RC-04654,2024-06-27,Q2 2024,Europe,Individual,Premium,Annual,Referral,0.493,41.65,7,Product experience,False,False,Active,Churned,7,291.55
RC-04655,2024-02-08,Q1 2024,Europe,Team,Premium,Annual,Paid Search,0.741,41.65,,,False,False,Active,Renewed,12,499.8
RC-04656,2024-11-15,Q4 2024,Europe,Small Business,Basic,Monthly,Social,0.53,15,,,False,False,Active,Active,12,180
RC-04657,2024-06-18,Q2 2024,North America,Small Business,Premium,Monthly,Partner,0.479,49,,,False,False,Active,Active,12,588
RC-04658,2024-10-07,Q4 2024,Asia-Pacific,Small Business,Basic,Annual,Organic,0.629,12.75,2,Price,False,False,Churned,Churned,2,25.5
RC-04659,2024-06-20,Q2 2024,Europe,Small Business,Basic,Monthly,Paid Search,0.804,15,,,False,False,Active,Active,12,180
RC-04660,2024-12-26,Q4 2024,Asia-Pacific,Individual,Basic,Monthly,Organic,0.542,15,8,Price,False,False,Active,Churned,8,120
RC-04661,2024-02-12,Q1 2024,North America,Small Business,Standard,Monthly,Organic,0.357,29,10,Low usage,False,False,Active,Churned,10,290
RC-04662,2024-08-11,Q3 2024,Asia-Pacific,Individual,Premium,Monthly,Organic,0.811,49,,,False,False,Active,Active,12,588
RC-04663,2024-08-18,Q3 2024,Asia-Pacific,Individual,Standard,Monthly,Referral,0.693,29,,,False,False,Active,Active,12,348
RC-04664,2024-03-12,Q1 2024,Asia-Pacific,Freelancer,Premium,Annual,Referral,0.618,41.65,,,True,False,At risk,Renewed,12,499.8
RC-04665,2024-01-22,Q1 2024,Europe,Freelancer,Standard,Monthly,Social,0.921,29,,,False,False,Active,Active,12,348
RC-04666,2024-03-01,Q1 2024,Other,Small Business,Basic,Monthly,Paid Search,0.458,15,2,Changed needs,False,False,Churned,Churned,2,30
RC-04667,2024-04-09,Q2 2024,Europe,Individual,Enterprise,Monthly,Organic,0.839,89,,,False,False,Active,Active,12,1068
RC-04668,2024-11-20,Q4 2024,North America,Individual,Basic,Monthly,Organic,0.804,15,,,False,False,Active,Active,12,180
RC-04669,2024-06-08,Q2 2024,North America,Individual,Premium,Annual,Organic,0.649,41.65,,,False,False,Active,Renewed,12,499.8
RC-04670,2024-04-07,Q2 2024,Asia-Pacific,Small Business,Basic,Annual,Organic,0.691,12.75,1,Price,False,False,Churned,Churned,1,12.75
RC-04671,2024-02-15,Q1 2024,Europe,Individual,Standard,Monthly,Organic,0.557,29,,,False,False,Active,Active,12,348
RC-04672,2024-07-25,Q3 2024,North America,Freelancer,Standard,Monthly,Social,0.814,29,,,True,False,At risk,Active,12,348
RC-04673,2024-09-14,Q3 2024,Asia-Pacific,Individual,Premium,Monthly,Social,0.723,49,,,False,False,Active,Active,12,588
RC-04674,2024-04-21,Q2 2024,Europe,Individual,Enterprise,Monthly,Referral,0.643,89,,,False,False,Active,Active,12,1068
RC-04675,2024-07-20,Q3 2024,North America,Individual,Basic,Annual,Referral,0.236,12.75,,,True,True,At risk,At risk,12,153.0
RC-04676,2024-08-16,Q3 2024,North America,Freelancer,Basic,Monthly,Referral,0.373,15,,,True,False,At risk,Active,12,180
RC-04677,2024-09-13,Q3 2024,Europe,Small Business,Standard,Monthly,Partner,0.741,29,,,False,False,Active,Active,12,348
RC-04678,2024-01-01,Q1 2024,Asia-Pacific,Individual,Premium,Monthly,Organic,0.764,49,,,False,False,Active,Active,12,588
RC-04679,2024-04-15,Q2 2024,North America,Freelancer,Basic,Monthly,Referral,0.459,15,,,False,False,Active,Active,12,180
RC-04680,2024-06-19,Q2 2024,North America,Small Business,Standard,Annual,Referral,0.416,24.65,,,False,False,Active,Renewed,12,295.8
RC-04681,2024-12-09,Q4 2024,Asia-Pacific,Individual,Standard,Monthly,Referral,0.837,29,,,False,False,Active,Active,12,348
RC-04682,2024-03-08,Q1 2024,Asia-Pacific,Small Business,Basic,Monthly,Referral,0.851,15,,,False,False,Active,Active,12,180
RC-04683,2024-01-21,Q1 2024,Other,Individual,Premium,Monthly,Organic,0.854,49,,,False,False,Active,Active,12,588
RC-04684,2024-11-15,Q4 2024,Asia-Pacific,Individual,Basic,Monthly,Paid Search,0.535,15,3,Changed needs,False,False,Churned,Churned,3,45
RC-04685,2024-08-27,Q3 2024,Europe,Freelancer,Standard,Annual,Organic,0.25,24.65,,,True,True,At risk,At risk,12,295.8
RC-04686,2024-11-14,Q4 2024,North America,Individual,Standard,Monthly,Paid Search,0.597,29,,,False,False,Active,Active,12,348
RC-04687,2024-09-18,Q3 2024,Asia-Pacific,Freelancer,Premium,Annual,Paid Search,0.51,41.65,,,False,False,Active,Renewed,12,499.8
RC-04688,2024-04-27,Q2 2024,North America,Individual,Standard,Monthly,Paid Search,0.921,29,,,False,False,Active,Active,12,348
RC-04689,2024-07-12,Q3 2024,Asia-Pacific,Individual,Basic,Annual,Paid Search,0.735,12.75,,,False,False,Active,Renewed,12,153.0
RC-04690,2024-12-18,Q4 2024,Asia-Pacific,Small Business,Premium,Annual,Social,0.779,41.65,,,False,True,Active,At risk,12,499.8
RC-04691,2024-07-17,Q3 2024,North America,Individual,Premium,Annual,Referral,0.731,41.65,,,False,False,Active,Renewed,12,499.8
RC-04692,2024-10-27,Q4 2024,Europe,Individual,Basic,Annual,Paid Search,0.597,12.75,11,Low usage,False,False,Active,Churned,11,140.25
RC-04693,2024-06-03,Q2 2024,North America,Small Business,Premium,Annual,Social,0.303,41.65,1,Changed needs,False,False,Churned,Churned,1,41.65
RC-04694,2024-10-07,Q4 2024,Europe,Individual,Premium,Annual,Organic,0.303,41.65,,,True,True,At risk,At risk,12,499.8
RC-04695,2024-05-04,Q2 2024,Asia-Pacific,Individual,Basic,Monthly,Organic,0.749,15,9,Changed needs,False,False,Active,Churned,9,135
RC-04696,2024-02-14,Q1 2024,Europe,Team,Premium,Annual,Organic,0.585,41.65,,,False,False,Active,Renewed,12,499.8
RC-04697,2024-11-03,Q4 2024,Other,Small Business,Standard,Monthly,Paid Search,0.661,29,,,False,False,Active,Active,12,348
RC-04698,2024-09-07,Q3 2024,Europe,Individual,Basic,Annual,Organic,0.808,12.75,,,False,False,Active,Renewed,12,153.0
RC-04699,2024-06-04,Q2 2024,North America,Individual,Basic,Monthly,Organic,0.815,15,,,False,False,Active,Active,12,180
RC-04700,2024-03-05,Q1 2024,North America,Individual,Basic,Monthly,Partner,0.712,15,3,Alternative,False,False,Churned,Churned,3,45
RC-04701,2024-12-04,Q4 2024,Europe,Freelancer,Standard,Monthly,Social,0.446,29,11,Low usage,True,False,At risk,Churned,11,319
RC-04702,2024-08-18,Q3 2024,Asia-Pacific,Individual,Standard,Annual,Referral,0.376,24.65,,,False,False,Active,Renewed,12,295.8
RC-04703,2024-02-27,Q1 2024,Europe,Individual,Standard,Monthly,Referral,0.746,29,,,False,False,Active,Active,12,348
RC-04704,2024-03-28,Q1 2024,Asia-Pacific,Small Business,Basic,Monthly,Organic,0.363,15,,,False,False,Active,Active,12,180
RC-04705,2024-02-28,Q1 2024,Asia-Pacific,Freelancer,Premium,Monthly,Paid Search,0.21,49,,,True,True,At risk,At risk,12,588
RC-04706,2024-11-04,Q4 2024,Europe,Small Business,Standard,Annual,Social,0.652,24.65,,,False,False,Active,Renewed,12,295.8
RC-04707,2024-02-27,Q1 2024,North America,Individual,Premium,Monthly,Organic,0.251,49,,,True,True,At risk,At risk,12,588
RC-04708,2024-04-11,Q2 2024,Europe,Individual,Premium,Monthly,Organic,0.6,49,,,False,False,Active,Active,12,588
RC-04709,2024-08-23,Q3 2024,North America,Small Business,Basic,Monthly,Organic,0.769,15,,,False,False,Active,Active,12,180
RC-04710,2024-08-22,Q3 2024,North America,Individual,Standard,Monthly,Organic,0.389,29,,,False,True,Active,At risk,12,348
RC-04711,2024-05-01,Q2 2024,Europe,Individual,Basic,Monthly,Social,0.6,15,,,False,False,Active,Active,12,180
RC-04712,2024-01-27,Q1 2024,Europe,Freelancer,Premium,Monthly,Referral,0.5,49,,,False,False,Active,Active,12,588
RC-04713,2024-01-23,Q1 2024,North America,Individual,Standard,Annual,Referral,0.273,24.65,,,True,True,At risk,At risk,12,295.8
RC-04714,2024-11-22,Q4 2024,North America,Small Business,Basic,Monthly,Paid Search,0.796,15,,,False,False,Active,Active,12,180
RC-04715,2024-11-22,Q4 2024,Europe,Individual,Standard,Monthly,Paid Search,0.968,29,2,Alternative,False,False,Churned,Churned,2,58
RC-04716,2024-12-21,Q4 2024,North America,Team,Standard,Monthly,Organic,0.913,29,,,False,False,Active,Active,12,348
RC-04717,2024-04-23,Q2 2024,North America,Individual,Standard,Monthly,Paid Search,0.356,29,5,Low usage,False,False,Active,Churned,5,145
RC-04718,2024-02-16,Q1 2024,Asia-Pacific,Small Business,Basic,Monthly,Organic,0.171,15,,,True,True,At risk,At risk,12,180
RC-04719,2024-11-18,Q4 2024,North America,Individual,Basic,Monthly,Social,0.146,15,,,True,True,At risk,At risk,12,180
RC-04720,2024-09-16,Q3 2024,Europe,Individual,Standard,Monthly,Referral,0.541,29,,,False,False,Active,Active,12,348
RC-04721,2024-07-08,Q3 2024,Asia-Pacific,Individual,Standard,Monthly,Social,0.945,29,7,Alternative,False,False,Active,Churned,7,203
RC-04722,2024-03-24,Q1 2024,Asia-Pacific,Individual,Basic,Annual,Paid Search,0.634,12.75,,,False,False,Active,Renewed,12,153.0
RC-04723,2024-04-15,Q2 2024,Europe,Individual,Basic,Monthly,Paid Search,0.737,15,,,False,False,Active,Active,12,180
RC-04724,2024-04-14,Q2 2024,North America,Individual,Basic,Monthly,Social,0.577,15,,,False,False,Active,Active,12,180
RC-04725,2024-06-02,Q2 2024,Asia-Pacific,Individual,Premium,Annual,Organic,0.73,41.65,,,False,False,Active,Renewed,12,499.8
RC-04726,2024-07-15,Q3 2024,Europe,Freelancer,Premium,Monthly,Paid Search,0.891,49,3,Low usage,False,False,Churned,Churned,3,147
RC-04727,2024-05-17,Q2 2024,Europe,Freelancer,Basic,Monthly,Organic,0.971,15,3,Alternative,False,False,Churned,Churned,3,45
RC-04728,2024-07-25,Q3 2024,North America,Small Business,Premium,Monthly,Organic,0.856,49,1,Price,False,False,Churned,Churned,1,49
RC-04729,2024-10-13,Q4 2024,Asia-Pacific,Freelancer,Standard,Monthly,Organic,0.285,29,1,Alternative,False,False,Churned,Churned,1,29
RC-04730,2024-08-07,Q3 2024,Europe,Individual,Premium,Annual,Organic,0.743,41.65,,,False,False,Active,Renewed,12,499.8
RC-04731,2024-06-05,Q2 2024,Other,Individual,Basic,Monthly,Organic,0.285,15,3,Low usage,False,False,Churned,Churned,3,45
RC-04732,2024-06-28,Q2 2024,Europe,Freelancer,Premium,Annual,Paid Search,0.474,41.65,,,False,False,Active,Renewed,12,499.8
RC-04733,2024-01-06,Q1 2024,Asia-Pacific,Individual,Enterprise,Annual,Paid Search,0.517,75.65,,,False,False,Active,Renewed,12,907.8
RC-04734,2024-06-04,Q2 2024,Europe,Small Business,Basic,Annual,Paid Search,0.658,12.75,,,False,False,Active,Renewed,12,153.0
RC-04735,2024-12-20,Q4 2024,Asia-Pacific,Individual,Basic,Annual,Referral,0.514,12.75,,,True,False,At risk,Renewed,12,153.0
RC-04736,2024-07-01,Q3 2024,North America,Team,Premium,Monthly,Paid Search,0.967,49,,,True,False,At risk,Active,12,588
RC-04737,2024-12-24,Q4 2024,North America,Small Business,Standard,Monthly,Social,0.74,29,4,Changed needs,False,False,Active,Churned,4,116
RC-04738,2024-03-04,Q1 2024,Europe,Small Business,Standard,Monthly,Social,0.856,29,,,False,False,Active,Active,12,348
RC-04739,2024-02-03,Q1 2024,Asia-Pacific,Small Business,Standard,Monthly,Organic,0.32,29,,,True,True,At risk,At risk,12,348
RC-04740,2024-01-10,Q1 2024,Europe,Freelancer,Standard,Monthly,Partner,0.565,29,,,False,False,Active,Active,12,348
RC-04741,2024-07-16,Q3 2024,Europe,Small Business,Standard,Monthly,Organic,0.758,29,,,False,False,Active,Active,12,348
RC-04742,2024-12-08,Q4 2024,North America,Individual,Standard,Monthly,Paid Search,0.639,29,,,False,False,Active,Active,12,348
RC-04743,2024-11-10,Q4 2024,North America,Small Business,Premium,Annual,Social,0.842,41.65,,,False,False,Active,Renewed,12,499.8
RC-04744,2024-03-17,Q1 2024,Other,Small Business,Premium,Annual,Paid Search,0.542,41.65,,,False,False,Active,Renewed,12,499.8
RC-04745,2024-07-06,Q3 2024,North America,Small Business,Standard,Monthly,Paid Search,0.654,29,,,False,False,Active,Active,12,348
RC-04746,2024-03-20,Q1 2024,Asia-Pacific,Small Business,Basic,Monthly,Organic,0.455,15,,,False,False,Active,Active,12,180
RC-04747,2024-07-22,Q3 2024,Asia-Pacific,Individual,Premium,Annual,Referral,0.345,41.65,,,False,False,Active,Renewed,12,499.8
RC-04748,2024-03-18,Q1 2024,North America,Individual,Standard,Monthly,Referral,0.49,29,,,False,True,Active,At risk,12,348
RC-04749,2024-02-24,Q1 2024,North America,Individual,Standard,Monthly,Organic,0.72,29,,,False,False,Active,Active,12,348
RC-04750,2024-12-13,Q4 2024,Asia-Pacific,Freelancer,Standard,Annual,Organic,0.831,24.65,,,False,False,Active,Renewed,12,295.8
RC-04751,2024-11-24,Q4 2024,Europe,Individual,Standard,Annual,Social,0.648,24.65,,,False,False,Active,Renewed,12,295.8
RC-04752,2024-08-24,Q3 2024,Asia-Pacific,Freelancer,Enterprise,Annual,Referral,0.478,75.65,,,False,False,Active,Renewed,12,907.8
RC-04753,2024-11-20,Q4 2024,Asia-Pacific,Small Business,Premium,Annual,Organic,0.551,41.65,,,False,False,Active,Renewed,12,499.8
RC-04754,2024-01-16,Q1 2024,North America,Individual,Basic,Monthly,Referral,0.442,15,4,Alternative,False,False,Active,Churned,4,60
RC-04755,2024-03-23,Q1 2024,Europe,Freelancer,Standard,Annual,Paid Search,0.802,24.65,,,False,False,Active,Renewed,12,295.8
RC-04756,2024-01-17,Q1 2024,Europe,Individual,Basic,Annual,Organic,0.317,12.75,,,True,True,At risk,At risk,12,153.0
RC-04757,2024-12-26,Q4 2024,North America,Freelancer,Basic,Monthly,Paid Search,0.411,15,,,False,False,Active,Active,12,180
RC-04758,2024-06-13,Q2 2024,North America,Team,Premium,Annual,Partner,0.519,41.65,,,False,False,Active,Renewed,12,499.8
RC-04759,2024-03-07,Q1 2024,Europe,Small Business,Standard,Monthly,Organic,0.672,29,3,Price,False,False,Churned,Churned,3,87
RC-04760,2024-08-26,Q3 2024,Asia-Pacific,Team,Premium,Monthly,Organic,0.224,49,5,Low usage,True,False,At risk,Churned,5,245
RC-04761,2024-12-10,Q4 2024,Asia-Pacific,Small Business,Basic,Monthly,Referral,0.572,15,,,False,False,Active,Active,12,180
RC-04762,2024-05-15,Q2 2024,North America,Team,Standard,Annual,Partner,0.704,24.65,,,False,False,Active,Renewed,12,295.8
RC-04763,2024-06-03,Q2 2024,Europe,Individual,Basic,Monthly,Social,0.754,15,3,Price,False,False,Churned,Churned,3,45
RC-04764,2024-12-13,Q4 2024,North America,Individual,Premium,Annual,Referral,0.248,41.65,,,True,True,At risk,At risk,12,499.8
RC-04765,2024-05-05,Q2 2024,Europe,Individual,Premium,Monthly,Social,0.443,49,,,False,False,Active,Active,12,588
RC-04766,2024-11-14,Q4 2024,North America,Small Business,Standard,Monthly,Organic,0.517,29,,,False,False,Active,Active,12,348
RC-04767,2024-09-14,Q3 2024,North America,Individual,Standard,Annual,Paid Search,0.581,24.65,,,False,False,Active,Renewed,12,295.8
RC-04768,2024-11-15,Q4 2024,Other,Individual,Basic,Annual,Paid Search,0.47,12.75,,,False,False,Active,Renewed,12,153.0
RC-04769,2024-07-09,Q3 2024,Europe,Individual,Enterprise,Annual,Organic,0.708,75.65,,,False,False,Active,Renewed,12,907.8
RC-04770,2024-08-28,Q3 2024,Asia-Pacific,Freelancer,Basic,Monthly,Organic,0.521,15,,,False,False,Active,Active,12,180
RC-04771,2024-10-20,Q4 2024,Europe,Freelancer,Basic,Annual,Organic,0.576,12.75,,,False,False,Active,Renewed,12,153.0
RC-04772,2024-04-11,Q2 2024,Asia-Pacific,Individual,Basic,Monthly,Paid Search,0.477,15,3,Price,False,False,Churned,Churned,3,45
RC-04773,2024-06-27,Q2 2024,Europe,Individual,Premium,Annual,Organic,0.527,41.65,,,False,False,Active,Renewed,12,499.8
RC-04774,2024-05-25,Q2 2024,North America,Individual,Basic,Monthly,Referral,0.71,15,,,False,False,Active,Active,12,180
RC-04775,2024-01-25,Q1 2024,Europe,Freelancer,Premium,Annual,Organic,0.837,41.65,,,False,True,Active,At risk,12,499.8
RC-04776,2024-08-27,Q3 2024,Asia-Pacific,Small Business,Standard,Monthly,Referral,0.745,29,,,False,False,Active,Active,12,348
RC-04777,2024-06-22,Q2 2024,Other,Freelancer,Standard,Monthly,Referral,0.734,29,,,False,False,Active,Active,12,348
RC-04778,2024-10-11,Q4 2024,Asia-Pacific,Individual,Premium,Monthly,Organic,0.562,49,,,False,False,Active,Active,12,588
RC-04779,2024-04-06,Q2 2024,Europe,Individual,Standard,Annual,Referral,0.717,24.65,,,False,False,Active,Renewed,12,295.8
RC-04780,2024-08-15,Q3 2024,Other,Freelancer,Standard,Monthly,Social,0.413,29,,,False,False,Active,Active,12,348
RC-04781,2024-01-05,Q1 2024,North America,Individual,Basic,Monthly,Paid Search,0.343,15,,,False,False,Active,Active,12,180
RC-04782,2024-08-12,Q3 2024,North America,Individual,Premium,Monthly,Paid Search,0.684,49,,,False,False,Active,Active,12,588
RC-04783,2024-10-21,Q4 2024,North America,Small Business,Standard,Monthly,Social,0.469,29,,,False,True,Active,At risk,12,348
RC-04784,2024-12-27,Q4 2024,North America,Individual,Standard,Annual,Paid Search,0.547,24.65,,,False,False,Active,Renewed,12,295.8
RC-04785,2024-12-12,Q4 2024,North America,Freelancer,Premium,Monthly,Referral,0.751,49,,,False,True,Active,At risk,12,588
RC-04786,2024-10-21,Q4 2024,Europe,Individual,Basic,Monthly,Paid Search,0.466,15,3,Changed needs,False,False,Churned,Churned,3,45
RC-04787,2024-07-15,Q3 2024,Asia-Pacific,Team,Basic,Monthly,Social,0.533,15,,,True,False,At risk,Active,12,180
RC-04788,2024-02-24,Q1 2024,Other,Individual,Premium,Monthly,Referral,0.736,49,7,Price,False,False,Active,Churned,7,343
RC-04789,2024-11-02,Q4 2024,Europe,Small Business,Basic,Monthly,Referral,0.723,15,4,Alternative,False,False,Active,Churned,4,60
RC-04790,2024-10-07,Q4 2024,North America,Individual,Premium,Annual,Referral,0.315,41.65,,,True,True,At risk,At risk,12,499.8
RC-04791,2024-10-12,Q4 2024,Europe,Individual,Premium,Monthly,Partner,0.587,49,,,False,False,Active,Active,12,588
RC-04792,2024-09-24,Q3 2024,Asia-Pacific,Individual,Enterprise,Monthly,Paid Search,0.472,89,,,False,False,Active,Active,12,1068
RC-04793,2024-12-21,Q4 2024,Other,Individual,Basic,Monthly,Paid Search,0.974,15,,,False,False,Active,Active,12,180
RC-04794,2024-01-04,Q1 2024,Asia-Pacific,Freelancer,Premium,Monthly,Referral,0.6,49,,,False,False,Active,Active,12,588
RC-04795,2024-02-16,Q1 2024,Europe,Individual,Standard,Monthly,Social,0.319,29,3,Low usage,False,False,Churned,Churned,3,87
RC-04796,2024-12-24,Q4 2024,Asia-Pacific,Small Business,Basic,Annual,Organic,0.564,12.75,,,False,False,Active,Renewed,12,153.0
RC-04797,2024-06-25,Q2 2024,Europe,Freelancer,Basic,Annual,Organic,0.862,12.75,,,False,False,Active,Renewed,12,153.0
RC-04798,2024-03-26,Q1 2024,North America,Freelancer,Standard,Monthly,Organic,0.791,29,10,Price,False,False,Active,Churned,10,290
RC-04799,2024-11-25,Q4 2024,North America,Small Business,Basic,Monthly,Social,0.674,15,,,False,False,Active,Active,12,180
RC-04800,2024-07-22,Q3 2024,Other,Small Business,Standard,Annual,Social,0.194,24.65,,,True,True,At risk,At risk,12,295.8
